seq,word,band,local_webp,local_jpg,cdn_webp,cdn_jpg,width,height,webp_kb,jpg_kb,src_px,src_kb
1,american,01-100,images/01-100/american.webp,images/01-100/american.jpg,https://word.chuanxi.fun/images/01-100/001-american.webp,https://word.chuanxi.fun/images/01-100/001-american.jpg,512,512,33.3,63.2,1080x1080,1896.1
2,life,01-100,images/01-100/life.webp,images/01-100/life.jpg,https://word.chuanxi.fun/images/01-100/002-life.webp,https://word.chuanxi.fun/images/01-100/002-life.jpg,512,512,19.2,43.7,1080x1080,1691.4
3,happen,01-100,images/01-100/happen.webp,images/01-100/happen.jpg,https://word.chuanxi.fun/images/01-100/003-happen.webp,https://word.chuanxi.fun/images/01-100/003-happen.jpg,512,512,24.0,49.2,1080x1080,1674.8
4,become,01-100,images/01-100/become.webp,images/01-100/become.jpg,https://word.chuanxi.fun/images/01-100/004-become.webp,https://word.chuanxi.fun/images/01-100/004-become.jpg,512,512,17.0,37.7,1080x1080,1585.7
5,world,01-100,images/01-100/world.webp,images/01-100/world.jpg,https://word.chuanxi.fun/images/01-100/005-world.webp,https://word.chuanxi.fun/images/01-100/005-world.jpg,512,512,32.8,63.7,1080x1080,1790.5
6,body,01-100,images/01-100/body.webp,images/01-100/body.jpg,https://word.chuanxi.fun/images/01-100/006-body.webp,https://word.chuanxi.fun/images/01-100/006-body.jpg,512,512,12.2,33.0,1080x1080,1551.5
7,sit,01-100,images/01-100/sit.webp,images/01-100/sit.jpg,https://word.chuanxi.fun/images/01-100/007-sit.webp,https://word.chuanxi.fun/images/01-100/007-sit.jpg,512,512,15.4,36.5,1080x1080,1631.7
8,work,01-100,images/01-100/work.webp,images/01-100/work.jpg,https://word.chuanxi.fun/images/01-100/008-work.webp,https://word.chuanxi.fun/images/01-100/008-work.jpg,512,512,20.5,45.2,1080x1080,1662.0
9,different,01-100,images/01-100/different.webp,images/01-100/different.jpg,https://word.chuanxi.fun/images/01-100/009-different.webp,https://word.chuanxi.fun/images/01-100/009-different.jpg,512,512,16.7,40.2,1080x1080,1619.2
10,today,01-100,images/01-100/today.webp,images/01-100/today.jpg,https://word.chuanxi.fun/images/01-100/010-today.webp,https://word.chuanxi.fun/images/01-100/010-today.jpg,512,512,22.8,51.2,1080x1080,1779.3
11,ask,01-100,images/01-100/ask.webp,images/01-100/ask.jpg,https://word.chuanxi.fun/images/01-100/011-ask.webp,https://word.chuanxi.fun/images/01-100/011-ask.jpg,512,512,21.9,46.4,1080x1080,1632.7
12,love,01-100,images/01-100/love.webp,images/01-100/love.jpg,https://word.chuanxi.fun/images/01-100/012-love.webp,https://word.chuanxi.fun/images/01-100/012-love.jpg,512,512,20.8,41.3,1080x1080,1527.0
13,man,01-100,images/01-100/man.webp,images/01-100/man.jpg,https://word.chuanxi.fun/images/01-100/013-man.webp,https://word.chuanxi.fun/images/01-100/013-man.jpg,512,512,9.9,26.6,1080x1080,1524.7
14,important,01-100,images/01-100/important.webp,images/01-100/important.jpg,https://word.chuanxi.fun/images/01-100/014-important.webp,https://word.chuanxi.fun/images/01-100/014-important.jpg,512,512,19.0,43.1,1080x1080,1635.4
15,never,01-100,images/01-100/never.webp,images/01-100/never.jpg,https://word.chuanxi.fun/images/01-100/015-never.webp,https://word.chuanxi.fun/images/01-100/015-never.jpg,512,512,17.2,39.3,1080x1080,1569.9
16,start,01-100,images/01-100/start.webp,images/01-100/start.jpg,https://word.chuanxi.fun/images/01-100/016-start.webp,https://word.chuanxi.fun/images/01-100/016-start.jpg,512,512,23.2,49.1,1080x1080,1698.3
17,problem,01-100,images/01-100/problem.webp,images/01-100/problem.jpg,https://word.chuanxi.fun/images/01-100/017-problem.webp,https://word.chuanxi.fun/images/01-100/017-problem.jpg,512,512,23.6,46.0,1080x1080,1674.8
18,great,01-100,images/01-100/great.webp,images/01-100/great.jpg,https://word.chuanxi.fun/images/01-100/018-great.webp,https://word.chuanxi.fun/images/01-100/018-great.jpg,512,512,22.6,50.6,1080x1080,1718.6
19,big,01-100,images/01-100/big.webp,images/01-100/big.jpg,https://word.chuanxi.fun/images/01-100/019-big.webp,https://word.chuanxi.fun/images/01-100/019-big.jpg,512,512,17.2,41.9,1080x1080,1674.9
20,child,01-100,images/01-100/child.webp,images/01-100/child.jpg,https://word.chuanxi.fun/images/01-100/020-child.webp,https://word.chuanxi.fun/images/01-100/020-child.jpg,512,512,18.3,41.4,1080x1080,1569.9
21,keep,01-100,images/01-100/keep.webp,images/01-100/keep.jpg,https://word.chuanxi.fun/images/01-100/021-keep.webp,https://word.chuanxi.fun/images/01-100/021-keep.jpg,512,512,19.5,41.1,1080x1080,1524.0
22,moment,01-100,images/01-100/moment.webp,images/01-100/moment.jpg,https://word.chuanxi.fun/images/01-100/022-moment.webp,https://word.chuanxi.fun/images/01-100/022-moment.jpg,512,512,28.9,60.5,1080x1080,1860.1
23,eat,01-100,images/01-100/eat.webp,images/01-100/eat.jpg,https://word.chuanxi.fun/images/01-100/023-eat.webp,https://word.chuanxi.fun/images/01-100/023-eat.jpg,512,512,19.9,44.6,1080x1080,1635.8
24,memory,01-100,images/01-100/memory.webp,images/01-100/memory.jpg,https://word.chuanxi.fun/images/01-100/024-memory.webp,https://word.chuanxi.fun/images/01-100/024-memory.jpg,512,512,21.0,45.6,1080x1080,1631.2
25,walk,01-100,images/01-100/walk.webp,images/01-100/walk.jpg,https://word.chuanxi.fun/images/01-100/025-walk.webp,https://word.chuanxi.fun/images/01-100/025-walk.jpg,512,512,26.8,55.4,1080x1080,1784.9
26,change,01-100,images/01-100/change.webp,images/01-100/change.jpg,https://word.chuanxi.fun/images/01-100/026-change.webp,https://word.chuanxi.fun/images/01-100/026-change.jpg,512,512,26.8,49.1,1080x1080,1616.5
27,food,01-100,images/01-100/food.webp,images/01-100/food.jpg,https://word.chuanxi.fun/images/01-100/027-food.webp,https://word.chuanxi.fun/images/01-100/027-food.jpg,512,512,25.0,49.2,1080x1080,1646.5
28,away,01-100,images/01-100/away.webp,images/01-100/away.jpg,https://word.chuanxi.fun/images/01-100/028-away.webp,https://word.chuanxi.fun/images/01-100/028-away.jpg,512,512,24.3,49.4,1080x1080,1666.0
29,bring,01-100,images/01-100/bring.webp,images/01-100/bring.jpg,https://word.chuanxi.fun/images/01-100/029-bring.webp,https://word.chuanxi.fun/images/01-100/029-bring.jpg,512,512,33.6,61.6,1080x1080,1806.4
30,find,01-100,images/01-100/find.webp,images/01-100/find.jpg,https://word.chuanxi.fun/images/01-100/030-find.webp,https://word.chuanxi.fun/images/01-100/030-find.jpg,512,512,24.3,50.3,1080x1080,1679.8
31,word,01-100,images/01-100/word.webp,images/01-100/word.jpg,https://word.chuanxi.fun/images/01-100/031-word.webp,https://word.chuanxi.fun/images/01-100/031-word.jpg,512,512,15.8,37.0,1080x1080,1602.4
32,believe,01-100,images/01-100/believe.webp,images/01-100/believe.jpg,https://word.chuanxi.fun/images/01-100/032-believe.webp,https://word.chuanxi.fun/images/01-100/032-believe.jpg,512,512,23.0,49.4,1080x1080,1711.6
33,speak,01-100,images/01-100/speak.webp,images/01-100/speak.jpg,https://word.chuanxi.fun/images/01-100/033-speak.webp,https://word.chuanxi.fun/images/01-100/033-speak.jpg,512,512,23.1,49.4,1080x1080,1702.5
34,build,01-100,images/01-100/build.webp,images/01-100/build.jpg,https://word.chuanxi.fun/images/01-100/034-build.webp,https://word.chuanxi.fun/images/01-100/034-build.jpg,512,512,29.2,55.9,1080x1080,1804.7
35,open,01-100,images/01-100/open.webp,images/01-100/open.jpg,https://word.chuanxi.fun/images/01-100/035-open.webp,https://word.chuanxi.fun/images/01-100/035-open.jpg,512,512,18.7,43.2,1080x1080,1640.9
36,bad,01-100,images/01-100/bad.webp,images/01-100/bad.jpg,https://word.chuanxi.fun/images/01-100/036-bad.webp,https://word.chuanxi.fun/images/01-100/036-bad.jpg,512,512,19.8,44.2,1080x1080,1666.4
37,learn,01-100,images/01-100/learn.webp,images/01-100/learn.jpg,https://word.chuanxi.fun/images/01-100/037-learn.webp,https://word.chuanxi.fun/images/01-100/037-learn.jpg,512,512,21.4,46.3,1080x1080,1629.5
38,grow,01-100,images/01-100/grow.webp,images/01-100/grow.jpg,https://word.chuanxi.fun/images/01-100/038-grow.webp,https://word.chuanxi.fun/images/01-100/038-grow.jpg,512,512,20.8,41.5,1080x1080,1498.6
39,tree,01-100,images/01-100/tree.webp,images/01-100/tree.jpg,https://word.chuanxi.fun/images/01-100/039-tree.webp,https://word.chuanxi.fun/images/01-100/039-tree.jpg,512,512,37.9,65.0,1080x1080,1849.8
40,business,01-100,images/01-100/business.webp,images/01-100/business.jpg,https://word.chuanxi.fun/images/01-100/040-business.webp,https://word.chuanxi.fun/images/01-100/040-business.jpg,512,512,28.7,55.6,1080x1080,1759.1
41,small,01-100,images/01-100/small.webp,images/01-100/small.jpg,https://word.chuanxi.fun/images/01-100/041-small.webp,https://word.chuanxi.fun/images/01-100/041-small.jpg,512,512,17.2,40.0,1080x1080,1649.4
42,guy,01-100,images/01-100/guy.webp,images/01-100/guy.jpg,https://word.chuanxi.fun/images/01-100/042-guy.webp,https://word.chuanxi.fun/images/01-100/042-guy.jpg,512,512,10.2,28.1,1080x1080,1492.2
43,stop,01-100,images/01-100/stop.webp,images/01-100/stop.jpg,https://word.chuanxi.fun/images/01-100/043-stop.webp,https://word.chuanxi.fun/images/01-100/043-stop.jpg,512,512,17.4,36.9,1080x1080,1491.7
44,idea,01-100,images/01-100/idea.webp,images/01-100/idea.jpg,https://word.chuanxi.fun/images/01-100/044-idea.webp,https://word.chuanxi.fun/images/01-100/044-idea.jpg,512,512,14.1,38.5,1080x1080,1625.9
45,woman,01-100,images/01-100/woman.webp,images/01-100/woman.jpg,https://word.chuanxi.fun/images/01-100/045-woman.webp,https://word.chuanxi.fun/images/01-100/045-woman.jpg,512,512,9.6,28.2,1080x1080,1517.6
46,ago,01-100,images/01-100/ago.webp,images/01-100/ago.jpg,https://word.chuanxi.fun/images/01-100/046-ago.webp,https://word.chuanxi.fun/images/01-100/046-ago.jpg,512,512,31.9,60.0,1080x1080,1798.2
47,hour,01-100,images/01-100/hour.webp,images/01-100/hour.jpg,https://word.chuanxi.fun/images/01-100/047-hour.webp,https://word.chuanxi.fun/images/01-100/047-hour.jpg,512,512,20.2,45.9,1080x1080,1641.2
48,turn,01-100,images/01-100/turn.webp,images/01-100/turn.jpg,https://word.chuanxi.fun/images/01-100/048-turn.webp,https://word.chuanxi.fun/images/01-100/048-turn.jpg,512,512,31.0,59.3,1080x1080,1762.4
49,full,01-100,images/01-100/full.webp,images/01-100/full.jpg,https://word.chuanxi.fun/images/01-100/049-full.webp,https://word.chuanxi.fun/images/01-100/049-full.jpg,512,512,20.7,48.6,1080x1080,1715.2
50,science,01-100,images/01-100/science.webp,images/01-100/science.jpg,https://word.chuanxi.fun/images/01-100/050-science.webp,https://word.chuanxi.fun/images/01-100/050-science.jpg,512,512,22.6,48.6,1080x1080,1712.9
51,month,01-100,images/01-100/month.webp,images/01-100/month.jpg,https://word.chuanxi.fun/images/01-100/051-month.webp,https://word.chuanxi.fun/images/01-100/051-month.jpg,512,512,21.9,46.9,1080x1080,1661.9
52,health,01-100,images/01-100/health.webp,images/01-100/health.jpg,https://word.chuanxi.fun/images/01-100/052-health.webp,https://word.chuanxi.fun/images/01-100/052-health.jpg,512,512,18.5,41.2,1080x1080,1572.9
53,close,01-100,images/01-100/close.webp,images/01-100/close.jpg,https://word.chuanxi.fun/images/01-100/053-close.webp,https://word.chuanxi.fun/images/01-100/053-close.jpg,512,512,30.5,63.8,1080x1080,1850.5
54,run,01-100,images/01-100/run.webp,images/01-100/run.jpg,https://word.chuanxi.fun/images/01-100/054-run.webp,https://word.chuanxi.fun/images/01-100/054-run.jpg,512,512,39.9,71.2,1080x1080,1959.5
55,new,01-100,images/01-100/new.webp,images/01-100/new.jpg,https://word.chuanxi.fun/images/01-100/055-new.webp,https://word.chuanxi.fun/images/01-100/055-new.jpg,512,512,19.1,44.6,1080x1080,1685.5
56,thank,01-100,images/01-100/thank.webp,images/01-100/thank.jpg,https://word.chuanxi.fun/images/01-100/056-thank.webp,https://word.chuanxi.fun/images/01-100/056-thank.jpg,512,512,19.2,42.4,1080x1080,1637.6
57,temple,01-100,images/01-100/temple.webp,images/01-100/temple.jpg,https://word.chuanxi.fun/images/01-100/057-temple.webp,https://word.chuanxi.fun/images/01-100/057-temple.jpg,512,512,39.5,69.9,1080x1080,1877.1
58,morning,01-100,images/01-100/morning.webp,images/01-100/morning.jpg,https://word.chuanxi.fun/images/01-100/058-morning.webp,https://word.chuanxi.fun/images/01-100/058-morning.jpg,512,512,42.5,76.4,1080x1080,1990.9
59,wonderful,01-100,images/01-100/wonderful.webp,images/01-100/wonderful.jpg,https://word.chuanxi.fun/images/01-100/059-wonderful.webp,https://word.chuanxi.fun/images/01-100/059-wonderful.jpg,512,512,45.9,77.8,1080x1080,1976.0
60,number,01-100,images/01-100/number.webp,images/01-100/number.jpg,https://word.chuanxi.fun/images/01-100/060-number.webp,https://word.chuanxi.fun/images/01-100/060-number.jpg,512,512,19.5,43.8,1080x1080,1528.9
61,age,01-100,images/01-100/age.webp,images/01-100/age.jpg,https://word.chuanxi.fun/images/01-100/061-age.webp,https://word.chuanxi.fun/images/01-100/061-age.jpg,512,512,18.7,43.9,1080x1080,1646.3
62,hear,01-100,images/01-100/hear.webp,images/01-100/hear.jpg,https://word.chuanxi.fun/images/01-100/062-hear.webp,https://word.chuanxi.fun/images/01-100/062-hear.jpg,512,512,19.2,43.4,1080x1080,1656.0
63,minute,01-100,images/01-100/minute.webp,images/01-100/minute.jpg,https://word.chuanxi.fun/images/01-100/063-minute.webp,https://word.chuanxi.fun/images/01-100/063-minute.jpg,512,512,15.6,36.4,1080x1080,1518.7
64,play,01-100,images/01-100/play.webp,images/01-100/play.jpg,https://word.chuanxi.fun/images/01-100/064-play.webp,https://word.chuanxi.fun/images/01-100/064-play.jpg,512,512,25.6,51.0,1080x1080,1663.5
65,kill,01-100,images/01-100/kill.webp,images/01-100/kill.jpg,https://word.chuanxi.fun/images/01-100/065-kill.webp,https://word.chuanxi.fun/images/01-100/065-kill.jpg,512,512,31.9,62.2,1080x1080,1807.1
66,old,01-100,images/01-100/old.webp,images/01-100/old.jpg,https://word.chuanxi.fun/images/01-100/066-old.webp,https://word.chuanxi.fun/images/01-100/066-old.jpg,512,512,36.0,63.8,1080x1080,1854.5
67,eye,01-100,images/01-100/eye.webp,images/01-100/eye.jpg,https://word.chuanxi.fun/images/01-100/067-eye.webp,https://word.chuanxi.fun/images/01-100/067-eye.jpg,512,512,21.5,50.6,1080x1080,1735.1
68,beautiful,01-100,images/01-100/beautiful.webp,images/01-100/beautiful.jpg,https://word.chuanxi.fun/images/01-100/068-beautiful.webp,https://word.chuanxi.fun/images/01-100/068-beautiful.jpg,512,512,45.8,75.6,1080x1080,1926.8
69,brain,01-100,images/01-100/brain.webp,images/01-100/brain.jpg,https://word.chuanxi.fun/images/01-100/069-brain.webp,https://word.chuanxi.fun/images/01-100/069-brain.jpg,512,512,17.4,42.1,1080x1080,1739.0
70,culture,01-100,images/01-100/culture.webp,images/01-100/culture.jpg,https://word.chuanxi.fun/images/01-100/070-culture.webp,https://word.chuanxi.fun/images/01-100/070-culture.jpg,512,512,39.1,67.3,1080x1080,1856.9
71,family,01-100,images/01-100/family.webp,images/01-100/family.jpg,https://word.chuanxi.fun/images/01-100/071-family.webp,https://word.chuanxi.fun/images/01-100/071-family.jpg,512,512,43.1,76.5,1080x1080,1957.7
72,large,01-100,images/01-100/large.webp,images/01-100/large.jpg,https://word.chuanxi.fun/images/01-100/072-large.webp,https://word.chuanxi.fun/images/01-100/072-large.jpg,512,512,26.0,55.6,1080x1080,1811.8
73,activity,01-100,images/01-100/activity.webp,images/01-100/activity.jpg,https://word.chuanxi.fun/images/01-100/073-activity.webp,https://word.chuanxi.fun/images/01-100/073-activity.jpg,512,512,21.2,47.9,1080x1080,1623.6
74,true,01-100,images/01-100/true.webp,images/01-100/true.jpg,https://word.chuanxi.fun/images/01-100/074-true.webp,https://word.chuanxi.fun/images/01-100/074-true.jpg,512,512,26.0,54.8,1080x1080,1731.3
75,piece,01-100,images/01-100/piece.webp,images/01-100/piece.jpg,https://word.chuanxi.fun/images/01-100/075-piece.webp,https://word.chuanxi.fun/images/01-100/075-piece.jpg,512,512,24.4,52.2,1080x1080,1723.1
76,side,01-100,images/01-100/side.webp,images/01-100/side.jpg,https://word.chuanxi.fun/images/01-100/076-side.webp,https://word.chuanxi.fun/images/01-100/076-side.jpg,512,512,30.9,60.4,1080x1080,1756.1
77,doctor,01-100,images/01-100/doctor.webp,images/01-100/doctor.jpg,https://word.chuanxi.fun/images/01-100/077-doctor.webp,https://word.chuanxi.fun/images/01-100/077-doctor.jpg,512,512,26.9,55.3,1080x1080,1724.8
78,read,01-100,images/01-100/read.webp,images/01-100/read.jpg,https://word.chuanxi.fun/images/01-100/078-read.webp,https://word.chuanxi.fun/images/01-100/078-read.jpg,512,512,36.2,68.8,1080x1080,1883.1
79,school,01-100,images/01-100/school.webp,images/01-100/school.jpg,https://word.chuanxi.fun/images/01-100/079-school.webp,https://word.chuanxi.fun/images/01-100/079-school.jpg,512,512,33.6,64.5,1080x1080,1817.1
80,mother,01-100,images/01-100/mother.webp,images/01-100/mother.jpg,https://word.chuanxi.fun/images/01-100/080-mother.webp,https://word.chuanxi.fun/images/01-100/080-mother.jpg,512,512,26.6,54.3,1080x1080,1732.7
81,course,01-100,images/01-100/course.webp,images/01-100/course.jpg,https://word.chuanxi.fun/images/01-100/081-course.webp,https://word.chuanxi.fun/images/01-100/081-course.jpg,512,512,32.1,63.8,1080x1080,1801.7
82,story,01-100,images/01-100/story.webp,images/01-100/story.jpg,https://word.chuanxi.fun/images/01-100/082-story.webp,https://word.chuanxi.fun/images/01-100/082-story.jpg,512,512,35.8,68.4,1080x1080,1881.2
83,house,01-100,images/01-100/house.webp,images/01-100/house.jpg,https://word.chuanxi.fun/images/01-100/083-house.webp,https://word.chuanxi.fun/images/01-100/083-house.jpg,512,512,41.0,71.2,1080x1080,1901.1
84,reason,01-100,images/01-100/reason.webp,images/01-100/reason.jpg,https://word.chuanxi.fun/images/01-100/084-reason.webp,https://word.chuanxi.fun/images/01-100/084-reason.jpg,512,512,29.0,58.7,1080x1080,1756.2
85,pay,01-100,images/01-100/pay.webp,images/01-100/pay.jpg,https://word.chuanxi.fun/images/01-100/085-pay.webp,https://word.chuanxi.fun/images/01-100/085-pay.jpg,512,512,36.2,66.5,1080x1080,1850.2
86,remember,01-100,images/01-100/remember.webp,images/01-100/remember.jpg,https://word.chuanxi.fun/images/01-100/086-remember.webp,https://word.chuanxi.fun/images/01-100/086-remember.jpg,512,512,32.5,64.4,1080x1080,1870.8
87,already,01-100,images/01-100/already.webp,images/01-100/already.jpg,https://word.chuanxi.fun/images/01-100/087-already.webp,https://word.chuanxi.fun/images/01-100/087-already.jpg,512,512,31.4,60.2,1080x1080,1776.0
88,teach,01-100,images/01-100/teach.webp,images/01-100/teach.jpg,https://word.chuanxi.fun/images/01-100/088-teach.webp,https://word.chuanxi.fun/images/01-100/088-teach.jpg,512,512,24.6,52.5,1080x1080,1696.1
89,drink,01-100,images/01-100/drink.webp,images/01-100/drink.jpg,https://word.chuanxi.fun/images/01-100/089-drink.webp,https://word.chuanxi.fun/images/01-100/089-drink.jpg,512,512,34.9,66.1,1080x1080,1864.2
90,machine,01-100,images/01-100/machine.webp,images/01-100/machine.jpg,https://word.chuanxi.fun/images/01-100/090-machine.webp,https://word.chuanxi.fun/images/01-100/090-machine.jpg,512,512,32.1,61.7,1080x1080,1796.2
91,technology,01-100,images/01-100/technology.webp,images/01-100/technology.jpg,https://word.chuanxi.fun/images/01-100/091-technology.webp,https://word.chuanxi.fun/images/01-100/091-technology.jpg,512,512,32.2,62.9,1080x1080,1820.7
92,tomorrow,01-100,images/01-100/tomorrow.webp,images/01-100/tomorrow.jpg,https://word.chuanxi.fun/images/01-100/092-tomorrow.webp,https://word.chuanxi.fun/images/01-100/092-tomorrow.jpg,512,512,49.7,80.2,1080x1080,2033.3
93,practice,01-100,images/01-100/practice.webp,images/01-100/practice.jpg,https://word.chuanxi.fun/images/01-100/093-practice.webp,https://word.chuanxi.fun/images/01-100/093-practice.jpg,512,512,27.5,55.1,1080x1080,1732.8
94,carry,01-100,images/01-100/carry.webp,images/01-100/carry.jpg,https://word.chuanxi.fun/images/01-100/094-carry.webp,https://word.chuanxi.fun/images/01-100/094-carry.jpg,512,512,28.6,58.4,1080x1080,1782.4
95,together,01-100,images/01-100/together.webp,images/01-100/together.jpg,https://word.chuanxi.fun/images/01-100/095-together.webp,https://word.chuanxi.fun/images/01-100/095-together.jpg,512,512,33.5,65.4,1080x1080,1835.1
96,money,01-100,images/01-100/money.webp,images/01-100/money.jpg,https://word.chuanxi.fun/images/01-100/096-money.webp,https://word.chuanxi.fun/images/01-100/096-money.jpg,512,512,35.4,68.0,1080x1080,1867.0
97,hard,01-100,images/01-100/hard.webp,images/01-100/hard.jpg,https://word.chuanxi.fun/images/01-100/097-hard.webp,https://word.chuanxi.fun/images/01-100/097-hard.jpg,512,512,28.2,57.0,1080x1080,1760.1
98,wife,01-100,images/01-100/wife.webp,images/01-100/wife.jpg,https://word.chuanxi.fun/images/01-100/098-wife.webp,https://word.chuanxi.fun/images/01-100/098-wife.jpg,512,512,36.5,68.1,1080x1080,1880.5
99,almost,01-100,images/01-100/almost.webp,images/01-100/almost.jpg,https://word.chuanxi.fun/images/01-100/099-almost.webp,https://word.chuanxi.fun/images/01-100/099-almost.jpg,512,512,29.0,59.7,1080x1080,1792.4
100,spend,01-100,images/01-100/spend.webp,images/01-100/spend.jpg,https://word.chuanxi.fun/images/01-100/100-spend.webp,https://word.chuanxi.fun/images/01-100/100-spend.jpg,512,512,34.2,66.2,1080x1080,1863.0
101,job,101-200,images/101-200/job.webp,images/101-200/job.jpg,https://word.chuanxi.fun/images/101-200/101-job.webp,https://word.chuanxi.fun/images/101-200/101-job.jpg,512,512,34.0,67.2,1080x1080,1844.5
102,real,101-200,images/101-200/real.webp,images/101-200/real.jpg,https://word.chuanxi.fun/images/101-200/102-real.webp,https://word.chuanxi.fun/images/101-200/102-real.jpg,512,512,32.3,63.3,1080x1080,1805.4
103,difference,101-200,images/101-200/difference.webp,images/101-200/difference.jpg,https://word.chuanxi.fun/images/101-200/103-difference.webp,https://word.chuanxi.fun/images/101-200/103-difference.jpg,512,512,24.6,52.9,1080x1080,1701.9
104,begin,101-200,images/101-200/begin.webp,images/101-200/begin.jpg,https://word.chuanxi.fun/images/101-200/104-begin.webp,https://word.chuanxi.fun/images/101-200/104-begin.jpg,512,512,25.3,53.8,1080x1080,1721.2
105,action,101-200,images/101-200/action.webp,images/101-200/action.jpg,https://word.chuanxi.fun/images/101-200/105-action.webp,https://word.chuanxi.fun/images/101-200/105-action.jpg,512,512,35.2,67.5,1080x1080,1854.3
106,nice,101-200,images/101-200/nice.webp,images/101-200/nice.jpg,https://word.chuanxi.fun/images/101-200/106-nice.webp,https://word.chuanxi.fun/images/101-200/106-nice.jpg,512,512,56.7,89.7,1080x1080,2078.4
107,phone,101-200,images/101-200/phone.webp,images/101-200/phone.jpg,https://word.chuanxi.fun/images/101-200/107-phone.webp,https://word.chuanxi.fun/images/101-200/107-phone.jpg,512,512,27.3,57.6,1080x1080,1726.4
108,dog,101-200,images/101-200/dog.webp,images/101-200/dog.jpg,https://word.chuanxi.fun/images/101-200/108-dog.webp,https://word.chuanxi.fun/images/101-200/108-dog.jpg,512,512,44.2,77.4,1080x1080,1990.8
109,everywhere,101-200,images/101-200/everywhere.webp,images/101-200/everywhere.jpg,https://word.chuanxi.fun/images/101-200/109-everywhere.webp,https://word.chuanxi.fun/images/101-200/109-everywhere.jpg,512,512,74.9,105.8,1080x1080,2237.4
110,meet,101-200,images/101-200/meet.webp,images/101-200/meet.jpg,https://word.chuanxi.fun/images/101-200/110-meet.webp,https://word.chuanxi.fun/images/101-200/110-meet.jpg,512,512,43.8,76.0,1080x1080,1960.4
111,young,101-200,images/101-200/young.webp,images/101-200/young.jpg,https://word.chuanxi.fun/images/101-200/111-young.webp,https://word.chuanxi.fun/images/101-200/111-young.jpg,512,512,27.9,56.4,1080x1080,1775.8
112,strong,101-200,images/101-200/strong.webp,images/101-200/strong.jpg,https://word.chuanxi.fun/images/101-200/112-strong.webp,https://word.chuanxi.fun/images/101-200/112-strong.jpg,512,512,40.8,73.1,1080x1080,1932.1
113,happy,101-200,images/101-200/happy.webp,images/101-200/happy.jpg,https://word.chuanxi.fun/images/101-200/113-happy.webp,https://word.chuanxi.fun/images/101-200/113-happy.jpg,512,512,46.9,79.7,1080x1080,1960.9
114,write,101-200,images/101-200/write.webp,images/101-200/write.jpg,https://word.chuanxi.fun/images/101-200/114-write.webp,https://word.chuanxi.fun/images/101-200/114-write.jpg,512,512,20.7,50.2,1080x1080,1708.7
115,moon,101-200,images/101-200/moon.webp,images/101-200/moon.jpg,https://word.chuanxi.fun/images/101-200/115-moon.webp,https://word.chuanxi.fun/images/101-200/115-moon.jpg,512,512,30.6,63.0,1080x1080,1891.7
116,friend,101-200,images/101-200/friend.webp,images/101-200/friend.jpg,https://word.chuanxi.fun/images/101-200/116-friend.webp,https://word.chuanxi.fun/images/101-200/116-friend.jpg,512,512,37.4,69.4,1080x1080,1917.9
117,listen,101-200,images/101-200/listen.webp,images/101-200/listen.jpg,https://word.chuanxi.fun/images/101-200/117-listen.webp,https://word.chuanxi.fun/images/101-200/117-listen.jpg,512,512,26.5,55.0,1080x1080,1791.6
118,knife,101-200,images/101-200/knife.webp,images/101-200/knife.jpg,https://word.chuanxi.fun/images/101-200/118-knife.webp,https://word.chuanxi.fun/images/101-200/118-knife.jpg,512,512,17.6,44.3,1080x1080,1627.8
119,enjoy,101-200,images/101-200/enjoy.webp,images/101-200/enjoy.jpg,https://word.chuanxi.fun/images/101-200/119-enjoy.webp,https://word.chuanxi.fun/images/101-200/119-enjoy.jpg,512,512,23.7,51.6,1080x1080,1761.0
120,miss,101-200,images/101-200/miss.webp,images/101-200/miss.jpg,https://word.chuanxi.fun/images/101-200/120-miss.webp,https://word.chuanxi.fun/images/101-200/120-miss.jpg,512,512,24.4,54.8,1080x1080,1791.9
121,heart,101-200,images/101-200/heart.webp,images/101-200/heart.jpg,https://word.chuanxi.fun/images/101-200/121-heart.webp,https://word.chuanxi.fun/images/101-200/121-heart.jpg,512,512,25.5,53.6,1080x1080,1841.9
122,mountain,101-200,images/101-200/mountain.webp,images/101-200/mountain.jpg,https://word.chuanxi.fun/images/101-200/122-mountain.webp,https://word.chuanxi.fun/images/101-200/122-mountain.jpg,512,512,27.8,59.0,1080x1080,1825.1
123,social,101-200,images/101-200/social.webp,images/101-200/social.jpg,https://word.chuanxi.fun/images/101-200/123-social.webp,https://word.chuanxi.fun/images/101-200/123-social.jpg,512,512,23.6,52.0,1080x1080,1738.2
124,car,101-200,images/101-200/car.webp,images/101-200/car.jpg,https://word.chuanxi.fun/images/101-200/124-car.webp,https://word.chuanxi.fun/images/101-200/124-car.jpg,512,512,20.4,48.8,1080x1080,1698.7
125,ride,101-200,images/101-200/ride.webp,images/101-200/ride.jpg,https://word.chuanxi.fun/images/101-200/125-ride.webp,https://word.chuanxi.fun/images/101-200/125-ride.jpg,512,512,18.4,44.7,1080x1080,1662.9
126,game,101-200,images/101-200/game.webp,images/101-200/game.jpg,https://word.chuanxi.fun/images/101-200/126-game.webp,https://word.chuanxi.fun/images/101-200/126-game.jpg,512,512,23.0,51.1,1080x1080,1747.7
127,boy,101-200,images/101-200/boy.webp,images/101-200/boy.jpg,https://word.chuanxi.fun/images/101-200/127-boy.webp,https://word.chuanxi.fun/images/101-200/127-boy.jpg,512,512,10.4,31.1,1080x1080,1523.8
128,buy,101-200,images/101-200/buy.webp,images/101-200/buy.jpg,https://word.chuanxi.fun/images/101-200/128-buy.webp,https://word.chuanxi.fun/images/101-200/128-buy.jpg,512,512,22.9,52.7,1080x1080,1765.7
129,flower,101-200,images/101-200/flower.webp,images/101-200/flower.jpg,https://word.chuanxi.fun/images/101-200/129-flower.webp,https://word.chuanxi.fun/images/101-200/129-flower.jpg,512,512,15.1,40.1,1080x1080,1660.5
130,choose,101-200,images/101-200/choose.webp,images/101-200/choose.jpg,https://word.chuanxi.fun/images/101-200/130-choose.webp,https://word.chuanxi.fun/images/101-200/130-choose.jpg,512,512,16.4,42.3,1080x1080,1640.3
131,fly,101-200,images/101-200/fly.webp,images/101-200/fly.jpg,https://word.chuanxi.fun/images/101-200/131-fly.webp,https://word.chuanxi.fun/images/101-200/131-fly.jpg,512,512,11.7,36.7,1080x1080,1588.7
132,parent,101-200,images/101-200/parent.webp,images/101-200/parent.jpg,https://word.chuanxi.fun/images/101-200/132-parent.webp,https://word.chuanxi.fun/images/101-200/132-parent.jpg,512,512,20.4,48.0,1080x1080,1743.8
133,easy,101-200,images/101-200/easy.webp,images/101-200/easy.jpg,https://word.chuanxi.fun/images/101-200/133-easy.webp,https://word.chuanxi.fun/images/101-200/133-easy.jpg,512,512,15.1,42.1,1080x1080,1663.4
134,tool,101-200,images/101-200/tool.webp,images/101-200/tool.jpg,https://word.chuanxi.fun/images/101-200/134-tool.webp,https://word.chuanxi.fun/images/101-200/134-tool.jpg,512,512,8.9,29.9,1080x1080,1533.9
135,girl,101-200,images/101-200/girl.webp,images/101-200/girl.jpg,https://word.chuanxi.fun/images/101-200/135-girl.webp,https://word.chuanxi.fun/images/101-200/135-girl.jpg,512,512,10.4,31.7,1080x1080,1555.6
136,answer,101-200,images/101-200/answer.webp,images/101-200/answer.jpg,https://word.chuanxi.fun/images/101-200/136-answer.webp,https://word.chuanxi.fun/images/101-200/136-answer.jpg,512,512,21.7,50.3,1080x1080,1754.1
137,king,101-200,images/101-200/king.webp,images/101-200/king.jpg,https://word.chuanxi.fun/images/101-200/137-king.webp,https://word.chuanxi.fun/images/101-200/137-king.jpg,512,512,17.5,43.4,1080x1080,1683.1
138,father,101-200,images/101-200/father.webp,images/101-200/father.jpg,https://word.chuanxi.fun/images/101-200/138-father.webp,https://word.chuanxi.fun/images/101-200/138-father.jpg,512,512,17.6,44.3,1080x1080,1702.5
139,watch,101-200,images/101-200/watch.webp,images/101-200/watch.jpg,https://word.chuanxi.fun/images/101-200/139-watch.webp,https://word.chuanxi.fun/images/101-200/139-watch.jpg,512,512,14.3,37.9,1080x1080,1623.8
140,night,101-200,images/101-200/night.webp,images/101-200/night.jpg,https://word.chuanxi.fun/images/101-200/140-night.webp,https://word.chuanxi.fun/images/101-200/140-night.jpg,512,512,21.0,52.8,1080x1080,1768.5
141,animal,101-200,images/101-200/animal.webp,images/101-200/animal.jpg,https://word.chuanxi.fun/images/101-200/141-animal.webp,https://word.chuanxi.fun/images/101-200/141-animal.jpg,512,512,14.8,39.5,1080x1080,1630.4
142,teacher,101-200,images/101-200/teacher.webp,images/101-200/teacher.jpg,https://word.chuanxi.fun/images/101-200/142-teacher.webp,https://word.chuanxi.fun/images/101-200/142-teacher.jpg,512,512,19.3,47.0,1080x1080,1682.8
143,period,101-200,images/101-200/period.webp,images/101-200/period.jpg,https://word.chuanxi.fun/images/101-200/143-period.webp,https://word.chuanxi.fun/images/101-200/143-period.jpg,512,512,21.5,49.9,1080x1080,1667.8
144,forget,101-200,images/101-200/forget.webp,images/101-200/forget.jpg,https://word.chuanxi.fun/images/101-200/144-forget.webp,https://word.chuanxi.fun/images/101-200/144-forget.jpg,512,512,14.6,40.0,1080x1080,1670.8
145,self,101-200,images/101-200/self.webp,images/101-200/self.jpg,https://word.chuanxi.fun/images/101-200/145-self.webp,https://word.chuanxi.fun/images/101-200/145-self.jpg,512,512,18.4,44.9,1080x1080,1688.0
146,example,101-200,images/101-200/example.webp,images/101-200/example.jpg,https://word.chuanxi.fun/images/101-200/146-example.webp,https://word.chuanxi.fun/images/101-200/146-example.jpg,512,512,21.3,51.2,1080x1080,1793.4
147,sir,101-200,images/101-200/sir.webp,images/101-200/sir.jpg,https://word.chuanxi.fun/images/101-200/147-sir.webp,https://word.chuanxi.fun/images/101-200/147-sir.jpg,512,512,9.0,30.3,1080x1080,1537.5
148,leader,101-200,images/101-200/leader.webp,images/101-200/leader.jpg,https://word.chuanxi.fun/images/101-200/148-leader.webp,https://word.chuanxi.fun/images/101-200/148-leader.jpg,512,512,19.6,46.6,1080x1080,1696.0
149,fast,101-200,images/101-200/fast.webp,images/101-200/fast.jpg,https://word.chuanxi.fun/images/101-200/149-fast.webp,https://word.chuanxi.fun/images/101-200/149-fast.jpg,512,512,13.7,33.3,1080x1080,1530.9
150,wear,101-200,images/101-200/wear.webp,images/101-200/wear.jpg,https://word.chuanxi.fun/images/101-200/150-wear.webp,https://word.chuanxi.fun/images/101-200/150-wear.jpg,512,512,17.3,44.8,1080x1080,1721.4
151,street,101-200,images/101-200/street.webp,images/101-200/street.jpg,https://word.chuanxi.fun/images/101-200/151-street.webp,https://word.chuanxi.fun/images/101-200/151-street.jpg,512,512,24.9,53.3,1080x1080,1779.6
152,city,101-200,images/101-200/city.webp,images/101-200/city.jpg,https://word.chuanxi.fun/images/101-200/152-city.webp,https://word.chuanxi.fun/images/101-200/152-city.jpg,512,512,32.3,62.5,1080x1080,1784.9
153,pleasure,101-200,images/101-200/pleasure.webp,images/101-200/pleasure.jpg,https://word.chuanxi.fun/images/101-200/153-pleasure.webp,https://word.chuanxi.fun/images/101-200/153-pleasure.jpg,512,512,14.5,39.7,1080x1080,1660.6
154,agree,101-200,images/101-200/agree.webp,images/101-200/agree.jpg,https://word.chuanxi.fun/images/101-200/154-agree.webp,https://word.chuanxi.fun/images/101-200/154-agree.jpg,512,512,19.1,44.6,1080x1080,1726.1
155,history,101-200,images/101-200/history.webp,images/101-200/history.jpg,https://word.chuanxi.fun/images/101-200/155-history.webp,https://word.chuanxi.fun/images/101-200/155-history.jpg,512,512,14.8,40.2,1080x1080,1624.9
156,ball,101-200,images/101-200/ball.webp,images/101-200/ball.jpg,https://word.chuanxi.fun/images/101-200/156-ball.webp,https://word.chuanxi.fun/images/101-200/156-ball.jpg,512,512,8.7,30.9,1080x1080,1557.0
157,language,101-200,images/101-200/language.webp,images/101-200/language.jpg,https://word.chuanxi.fun/images/101-200/157-language.webp,https://word.chuanxi.fun/images/101-200/157-language.jpg,512,512,18.5,45.2,1080x1080,1659.4
158,class,101-200,images/101-200/class.webp,images/101-200/class.jpg,https://word.chuanxi.fun/images/101-200/158-class.webp,https://word.chuanxi.fun/images/101-200/158-class.jpg,512,512,28.0,62.4,1080x1080,1936.2
159,river,101-200,images/101-200/river.webp,images/101-200/river.jpg,https://word.chuanxi.fun/images/101-200/159-river.webp,https://word.chuanxi.fun/images/101-200/159-river.jpg,512,512,27.5,55.0,1080x1080,1799.1
160,tiger,101-200,images/101-200/tiger.webp,images/101-200/tiger.jpg,https://word.chuanxi.fun/images/101-200/160-tiger.webp,https://word.chuanxi.fun/images/101-200/160-tiger.jpg,512,512,21.0,46.4,1080x1080,1662.1
161,imagine,101-200,images/101-200/imagine.webp,images/101-200/imagine.jpg,https://word.chuanxi.fun/images/101-200/161-imagine.webp,https://word.chuanxi.fun/images/101-200/161-imagine.jpg,512,512,15.2,39.9,1080x1080,1703.8
162,sun,101-200,images/101-200/sun.webp,images/101-200/sun.jpg,https://word.chuanxi.fun/images/101-200/162-sun.webp,https://word.chuanxi.fun/images/101-200/162-sun.jpg,512,512,12.8,40.5,1080x1080,1783.6
163,husband,101-200,images/101-200/husband.webp,images/101-200/husband.jpg,https://word.chuanxi.fun/images/101-200/163-husband.webp,https://word.chuanxi.fun/images/101-200/163-husband.jpg,512,512,20.1,47.0,1080x1080,1778.0
164,snake,101-200,images/101-200/snake.webp,images/101-200/snake.jpg,https://word.chuanxi.fun/images/101-200/164-snake.webp,https://word.chuanxi.fun/images/101-200/164-snake.jpg,512,512,17.8,39.7,1080x1080,1703.4
165,breathe,101-200,images/101-200/breathe.webp,images/101-200/breathe.jpg,https://word.chuanxi.fun/images/101-200/165-breathe.webp,https://word.chuanxi.fun/images/101-200/165-breathe.jpg,512,512,11.7,32.4,1080x1080,1633.5
166,lady,101-200,images/101-200/lady.webp,images/101-200/lady.jpg,https://word.chuanxi.fun/images/101-200/166-lady.webp,https://word.chuanxi.fun/images/101-200/166-lady.jpg,512,512,8.4,27.9,1080x1080,1557.8
167,week,101-200,images/101-200/week.webp,images/101-200/week.jpg,https://word.chuanxi.fun/images/101-200/167-week.webp,https://word.chuanxi.fun/images/101-200/167-week.jpg,512,512,12.3,34.3,1080x1080,1598.2
168,smart,101-200,images/101-200/smart.webp,images/101-200/smart.jpg,https://word.chuanxi.fun/images/101-200/168-smart.webp,https://word.chuanxi.fun/images/101-200/168-smart.jpg,512,512,14.0,37.9,1080x1080,1671.6
169,conversation,101-200,images/101-200/conversation.webp,images/101-200/conversation.jpg,https://word.chuanxi.fun/images/101-200/169-conversation.webp,https://word.chuanxi.fun/images/101-200/169-conversation.jpg,512,512,17.1,39.7,1080x1080,1664.2
170,party,101-200,images/101-200/party.webp,images/101-200/party.jpg,https://word.chuanxi.fun/images/101-200/170-party.webp,https://word.chuanxi.fun/images/101-200/170-party.jpg,512,512,22.9,52.5,1080x1080,1794.6
171,sorry,101-200,images/101-200/sorry.webp,images/101-200/sorry.jpg,https://word.chuanxi.fun/images/101-200/171-sorry.webp,https://word.chuanxi.fun/images/101-200/171-sorry.jpg,512,512,17.1,42.2,1080x1080,1684.5
172,war,101-200,images/101-200/war.webp,images/101-200/war.jpg,https://word.chuanxi.fun/images/101-200/172-war.webp,https://word.chuanxi.fun/images/101-200/172-war.jpg,512,512,26.0,54.2,1080x1080,1765.8
173,sell,101-200,images/101-200/sell.webp,images/101-200/sell.jpg,https://word.chuanxi.fun/images/101-200/173-sell.webp,https://word.chuanxi.fun/images/101-200/173-sell.jpg,512,512,18.6,44.7,1080x1080,1761.2
174,super,101-200,images/101-200/super.webp,images/101-200/super.jpg,https://word.chuanxi.fun/images/101-200/174-super.webp,https://word.chuanxi.fun/images/101-200/174-super.jpg,512,512,10.9,31.4,1080x1080,1629.0
175,evening,101-200,images/101-200/evening.webp,images/101-200/evening.jpg,https://word.chuanxi.fun/images/101-200/175-evening.webp,https://word.chuanxi.fun/images/101-200/175-evening.jpg,512,512,35.9,66.4,1080x1080,1931.0
176,difficult,101-200,images/101-200/difficult.webp,images/101-200/difficult.jpg,https://word.chuanxi.fun/images/101-200/176-difficult.webp,https://word.chuanxi.fun/images/101-200/176-difficult.jpg,512,512,26.6,54.5,1080x1080,1880.7
177,door,101-200,images/101-200/door.webp,images/101-200/door.jpg,https://word.chuanxi.fun/images/101-200/177-door.webp,https://word.chuanxi.fun/images/101-200/177-door.jpg,512,512,16.1,43.2,1080x1080,1739.5
178,information,101-200,images/101-200/information.webp,images/101-200/information.jpg,https://word.chuanxi.fun/images/101-200/178-information.webp,https://word.chuanxi.fun/images/101-200/178-information.jpg,512,512,17.5,46.5,1080x1080,1822.5
179,finish,101-200,images/101-200/finish.webp,images/101-200/finish.jpg,https://word.chuanxi.fun/images/101-200/179-finish.webp,https://word.chuanxi.fun/images/101-200/179-finish.jpg,512,512,13.3,35.6,1080x1080,1672.3
180,healthy,101-200,images/101-200/healthy.webp,images/101-200/healthy.jpg,https://word.chuanxi.fun/images/101-200/180-healthy.webp,https://word.chuanxi.fun/images/101-200/180-healthy.jpg,512,512,13.8,35.2,1080x1080,1676.0
181,medicine,101-200,images/101-200/medicine.webp,images/101-200/medicine.jpg,https://word.chuanxi.fun/images/101-200/181-medicine.webp,https://word.chuanxi.fun/images/101-200/181-medicine.jpg,512,512,27.4,55.0,1080x1080,1863.5
182,catch,101-200,images/101-200/catch.webp,images/101-200/catch.jpg,https://word.chuanxi.fun/images/101-200/182-catch.webp,https://word.chuanxi.fun/images/101-200/182-catch.jpg,512,512,14.6,37.3,1080x1080,1666.1
183,stone,101-200,images/101-200/stone.webp,images/101-200/stone.jpg,https://word.chuanxi.fun/images/101-200/183-stone.webp,https://word.chuanxi.fun/images/101-200/183-stone.jpg,512,512,16.0,37.5,1080x1080,1673.1
184,movie,101-200,images/101-200/movie.webp,images/101-200/movie.jpg,https://word.chuanxi.fun/images/101-200/184-movie.webp,https://word.chuanxi.fun/images/101-200/184-movie.jpg,512,512,27.6,55.5,1080x1080,1866.4
185,ready,101-200,images/101-200/ready.webp,images/101-200/ready.jpg,https://word.chuanxi.fun/images/101-200/185-ready.webp,https://word.chuanxi.fun/images/101-200/185-ready.jpg,512,512,26.2,57.2,1080x1080,1908.9
186,event,101-200,images/101-200/event.webp,images/101-200/event.jpg,https://word.chuanxi.fun/images/101-200/186-event.webp,https://word.chuanxi.fun/images/101-200/186-event.jpg,512,512,28.7,59.5,1080x1080,1892.0
187,son,101-200,images/101-200/son.webp,images/101-200/son.jpg,https://word.chuanxi.fun/images/101-200/187-son.webp,https://word.chuanxi.fun/images/101-200/187-son.jpg,512,512,17.5,42.5,1080x1080,1766.0
188,visit,101-200,images/101-200/visit.webp,images/101-200/visit.jpg,https://word.chuanxi.fun/images/101-200/188-visit.webp,https://word.chuanxi.fun/images/101-200/188-visit.jpg,512,512,31.4,63.8,1080x1080,1933.3
189,save,101-200,images/101-200/save.webp,images/101-200/save.jpg,https://word.chuanxi.fun/images/101-200/189-save.webp,https://word.chuanxi.fun/images/101-200/189-save.jpg,512,512,16.1,42.8,1080x1080,1819.0
190,video,101-200,images/101-200/video.webp,images/101-200/video.jpg,https://word.chuanxi.fun/images/101-200/190-video.webp,https://word.chuanxi.fun/images/101-200/190-video.jpg,512,512,20.7,48.5,1080x1080,1829.3
191,dance,101-200,images/101-200/dance.webp,images/101-200/dance.jpg,https://word.chuanxi.fun/images/101-200/191-dance.webp,https://word.chuanxi.fun/images/101-200/191-dance.jpg,512,512,19.4,44.9,1080x1080,1725.6
192,town,101-200,images/101-200/town.webp,images/101-200/town.jpg,https://word.chuanxi.fun/images/101-200/192-town.webp,https://word.chuanxi.fun/images/101-200/192-town.jpg,512,512,46.4,76.5,1080x1080,2024.8
193,sing,101-200,images/101-200/sing.webp,images/101-200/sing.jpg,https://word.chuanxi.fun/images/101-200/193-sing.webp,https://word.chuanxi.fun/images/101-200/193-sing.jpg,512,512,25.5,54.4,1080x1080,1883.7
194,fruit,101-200,images/101-200/fruit.webp,images/101-200/fruit.jpg,https://word.chuanxi.fun/images/101-200/194-fruit.webp,https://word.chuanxi.fun/images/101-200/194-fruit.jpg,512,512,27.5,54.0,1080x1080,1832.5
195,farm,101-200,images/101-200/farm.webp,images/101-200/farm.jpg,https://word.chuanxi.fun/images/101-200/195-farm.webp,https://word.chuanxi.fun/images/101-200/195-farm.jpg,512,512,41.6,70.5,1080x1080,1992.7
196,drama,101-200,images/101-200/drama.webp,images/101-200/drama.jpg,https://word.chuanxi.fun/images/101-200/196-drama.webp,https://word.chuanxi.fun/images/101-200/196-drama.jpg,512,512,38.4,71.3,1080x1080,1977.3
197,rich,101-200,images/101-200/rich.webp,images/101-200/rich.jpg,https://word.chuanxi.fun/images/101-200/197-rich.webp,https://word.chuanxi.fun/images/101-200/197-rich.jpg,512,512,32.9,64.1,1080x1080,1900.6
198,role,101-200,images/101-200/role.webp,images/101-200/role.jpg,https://word.chuanxi.fun/images/101-200/198-role.webp,https://word.chuanxi.fun/images/101-200/198-role.jpg,512,512,34.0,66.6,1080x1080,1975.7
199,ugly,101-200,images/101-200/ugly.webp,images/101-200/ugly.jpg,https://word.chuanxi.fun/images/101-200/199-ugly.webp,https://word.chuanxi.fun/images/101-200/199-ugly.jpg,512,512,22.6,47.6,1080x1080,1738.2
200,building,101-200,images/101-200/building.webp,images/101-200/building.jpg,https://word.chuanxi.fun/images/101-200/200-building.webp,https://word.chuanxi.fun/images/101-200/200-building.jpg,512,512,30.4,57.9,1080x1080,1950.8
201,case,201-300,images/201-300/case.webp,images/201-300/case.jpg,https://word.chuanxi.fun/images/201-300/201-case.webp,https://word.chuanxi.fun/images/201-300/201-case.jpg,512,512,36.2,69.8,1080x1080,1999.6
202,personal,201-300,images/201-300/personal.webp,images/201-300/personal.jpg,https://word.chuanxi.fun/images/201-300/202-personal.webp,https://word.chuanxi.fun/images/201-300/202-personal.jpg,512,512,34.6,64.1,1080x1080,1957.6
203,tooth,201-300,images/201-300/tooth.webp,images/201-300/tooth.jpg,https://word.chuanxi.fun/images/201-300/203-tooth.webp,https://word.chuanxi.fun/images/201-300/203-tooth.jpg,512,512,14.4,40.8,1080x1080,1695.5
204,usually,201-300,images/201-300/usually.webp,images/201-300/usually.jpg,https://word.chuanxi.fun/images/201-300/204-usually.webp,https://word.chuanxi.fun/images/201-300/204-usually.jpg,512,512,40.8,75.5,1080x1080,1983.9
205,yesterday,201-300,images/201-300/yesterday.webp,images/201-300/yesterday.jpg,https://word.chuanxi.fun/images/201-300/205-yesterday.webp,https://word.chuanxi.fun/images/201-300/205-yesterday.jpg,512,512,17.4,44.0,1080x1080,1747.2
206,scientist,201-300,images/201-300/scientist.webp,images/201-300/scientist.jpg,https://word.chuanxi.fun/images/201-300/206-scientist.webp,https://word.chuanxi.fun/images/201-300/206-scientist.jpg,512,512,44.7,78.4,1080x1080,2068.5
207,leaf,201-300,images/201-300/leaf.webp,images/201-300/leaf.jpg,https://word.chuanxi.fun/images/201-300/207-leaf.webp,https://word.chuanxi.fun/images/201-300/207-leaf.jpg,512,512,25.2,52.9,1080x1080,1874.9
208,farmer,201-300,images/201-300/farmer.webp,images/201-300/farmer.jpg,https://word.chuanxi.fun/images/201-300/208-farmer.webp,https://word.chuanxi.fun/images/201-300/208-farmer.jpg,512,512,68.6,98.9,1080x1080,2134.9
209,goal,201-300,images/201-300/goal.webp,images/201-300/goal.jpg,https://word.chuanxi.fun/images/201-300/209-goal.webp,https://word.chuanxi.fun/images/201-300/209-goal.jpg,512,512,23.8,54.0,1080x1080,1860.3
210,thinking,201-300,images/201-300/thinking.webp,images/201-300/thinking.jpg,https://word.chuanxi.fun/images/201-300/210-thinking.webp,https://word.chuanxi.fun/images/201-300/210-thinking.jpg,512,512,24.0,52.4,1080x1080,1862.9
211,cook,201-300,images/201-300/cook.webp,images/201-300/cook.jpg,https://word.chuanxi.fun/images/201-300/211-cook.webp,https://word.chuanxi.fun/images/201-300/211-cook.jpg,512,512,21.2,47.9,1080x1080,1800.0
212,clothe,201-300,images/201-300/clothe.webp,images/201-300/clothe.jpg,https://word.chuanxi.fun/images/201-300/212-clothe.webp,https://word.chuanxi.fun/images/201-300/212-clothe.jpg,512,512,24.6,51.6,1080x1080,1806.1
213,music,201-300,images/201-300/music.webp,images/201-300/music.jpg,https://word.chuanxi.fun/images/201-300/213-music.webp,https://word.chuanxi.fun/images/201-300/213-music.jpg,512,512,19.1,44.7,1080x1080,1775.5
214,bird,201-300,images/201-300/bird.webp,images/201-300/bird.jpg,https://word.chuanxi.fun/images/201-300/214-bird.webp,https://word.chuanxi.fun/images/201-300/214-bird.jpg,512,512,26.0,52.4,1080x1080,1849.3
215,dollar,201-300,images/201-300/dollar.webp,images/201-300/dollar.jpg,https://word.chuanxi.fun/images/201-300/215-dollar.webp,https://word.chuanxi.fun/images/201-300/215-dollar.jpg,512,512,24.6,52.8,1080x1080,1673.7
216,terrible,201-300,images/201-300/terrible.webp,images/201-300/terrible.jpg,https://word.chuanxi.fun/images/201-300/216-terrible.webp,https://word.chuanxi.fun/images/201-300/216-terrible.jpg,512,512,22.5,49.1,1080x1080,1804.2
217,hospital,201-300,images/201-300/hospital.webp,images/201-300/hospital.jpg,https://word.chuanxi.fun/images/201-300/217-hospital.webp,https://word.chuanxi.fun/images/201-300/217-hospital.jpg,512,512,25.9,53.4,1080x1080,1803.5
218,successful,201-300,images/201-300/successful.webp,images/201-300/successful.jpg,https://word.chuanxi.fun/images/201-300/218-successful.webp,https://word.chuanxi.fun/images/201-300/218-successful.jpg,512,512,24.1,51.0,1080x1080,1862.0
219,baby,201-300,images/201-300/baby.webp,images/201-300/baby.jpg,https://word.chuanxi.fun/images/201-300/219-baby.webp,https://word.chuanxi.fun/images/201-300/219-baby.jpg,512,512,19.2,46.5,1080x1080,1805.0
220,soon,201-300,images/201-300/soon.webp,images/201-300/soon.jpg,https://word.chuanxi.fun/images/201-300/220-soon.webp,https://word.chuanxi.fun/images/201-300/220-soon.jpg,512,512,20.4,46.2,1080x1080,1764.5
221,add,201-300,images/201-300/add.webp,images/201-300/add.jpg,https://word.chuanxi.fun/images/201-300/221-add.webp,https://word.chuanxi.fun/images/201-300/221-add.jpg,512,512,18.5,41.1,1080x1080,1618.8
222,color,201-300,images/201-300/color.webp,images/201-300/color.jpg,https://word.chuanxi.fun/images/201-300/222-color.webp,https://word.chuanxi.fun/images/201-300/222-color.jpg,512,512,18.9,45.0,1080x1080,1699.5
223,angry,201-300,images/201-300/angry.webp,images/201-300/angry.jpg,https://word.chuanxi.fun/images/201-300/223-angry.webp,https://word.chuanxi.fun/images/201-300/223-angry.jpg,512,512,13.2,31.3,1080x1080,1429.2
224,ground,201-300,images/201-300/ground.webp,images/201-300/ground.jpg,https://word.chuanxi.fun/images/201-300/224-ground.webp,https://word.chuanxi.fun/images/201-300/224-ground.jpg,512,512,17.7,39.7,1080x1080,1574.2
225,student,201-300,images/201-300/student.webp,images/201-300/student.jpg,https://word.chuanxi.fun/images/201-300/225-student.webp,https://word.chuanxi.fun/images/201-300/225-student.jpg,512,512,17.9,42.5,1080x1080,1643.2
226,leg,201-300,images/201-300/leg.webp,images/201-300/leg.jpg,https://word.chuanxi.fun/images/201-300/226-leg.webp,https://word.chuanxi.fun/images/201-300/226-leg.jpg,512,512,12.7,34.9,1080x1080,1569.0
227,engineer,201-300,images/201-300/engineer.webp,images/201-300/engineer.jpg,https://word.chuanxi.fun/images/201-300/227-engineer.webp,https://word.chuanxi.fun/images/201-300/227-engineer.jpg,512,512,27.3,55.9,1080x1080,1742.9
228,chair,201-300,images/201-300/chair.webp,images/201-300/chair.jpg,https://word.chuanxi.fun/images/201-300/228-chair.webp,https://word.chuanxi.fun/images/201-300/228-chair.jpg,512,512,14.3,35.5,1080x1080,1589.2
229,size,201-300,images/201-300/size.webp,images/201-300/size.jpg,https://word.chuanxi.fun/images/201-300/229-size.webp,https://word.chuanxi.fun/images/201-300/229-size.jpg,512,512,17.8,44.0,1080x1080,1626.9
230,describe,201-300,images/201-300/describe.webp,images/201-300/describe.jpg,https://word.chuanxi.fun/images/201-300/230-describe.webp,https://word.chuanxi.fun/images/201-300/230-describe.jpg,512,512,25.9,52.5,1080x1080,1672.1
231,sick,201-300,images/201-300/sick.webp,images/201-300/sick.jpg,https://word.chuanxi.fun/images/201-300/231-sick.webp,https://word.chuanxi.fun/images/201-300/231-sick.jpg,512,512,22.6,49.5,1080x1080,1765.2
232,cold,201-300,images/201-300/cold.webp,images/201-300/cold.jpg,https://word.chuanxi.fun/images/201-300/232-cold.webp,https://word.chuanxi.fun/images/201-300/232-cold.jpg,512,512,15.5,37.2,1080x1080,1565.2
233,brother,201-300,images/201-300/brother.webp,images/201-300/brother.jpg,https://word.chuanxi.fun/images/201-300/233-brother.webp,https://word.chuanxi.fun/images/201-300/233-brother.jpg,512,512,26.9,54.5,1080x1080,1749.2
234,short,201-300,images/201-300/short.webp,images/201-300/short.jpg,https://word.chuanxi.fun/images/201-300/234-short.webp,https://word.chuanxi.fun/images/201-300/234-short.jpg,512,512,8.4,29.0,1080x1080,1478.1
235,special,201-300,images/201-300/special.webp,images/201-300/special.jpg,https://word.chuanxi.fun/images/201-300/235-special.webp,https://word.chuanxi.fun/images/201-300/235-special.jpg,512,512,19.9,45.5,1080x1080,1685.8
236,often,201-300,images/201-300/often.webp,images/201-300/often.jpg,https://word.chuanxi.fun/images/201-300/236-often.webp,https://word.chuanxi.fun/images/201-300/236-often.jpg,512,512,20.8,46.8,1080x1080,1643.0
237,daughter,201-300,images/201-300/daughter.webp,images/201-300/daughter.jpg,https://word.chuanxi.fun/images/201-300/237-daughter.webp,https://word.chuanxi.fun/images/201-300/237-daughter.jpg,512,512,22.6,48.1,1080x1080,1710.4
238,stage,201-300,images/201-300/stage.webp,images/201-300/stage.jpg,https://word.chuanxi.fun/images/201-300/238-stage.webp,https://word.chuanxi.fun/images/201-300/238-stage.jpg,512,512,16.2,37.1,1080x1080,1499.4
239,wall,201-300,images/201-300/wall.webp,images/201-300/wall.jpg,https://word.chuanxi.fun/images/201-300/239-wall.webp,https://word.chuanxi.fun/images/201-300/239-wall.jpg,512,512,21.0,44.4,1080x1080,1679.0
240,neighbor,201-300,images/201-300/neighbor.webp,images/201-300/neighbor.jpg,https://word.chuanxi.fun/images/201-300/240-neighbor.webp,https://word.chuanxi.fun/images/201-300/240-neighbor.jpg,512,512,32.7,63.9,1080x1080,1762.0
241,bed,201-300,images/201-300/bed.webp,images/201-300/bed.jpg,https://word.chuanxi.fun/images/201-300/241-bed.webp,https://word.chuanxi.fun/images/201-300/241-bed.jpg,512,512,15.8,36.6,1080x1080,1554.8
242,monkey,201-300,images/201-300/monkey.webp,images/201-300/monkey.jpg,https://word.chuanxi.fun/images/201-300/242-monkey.webp,https://word.chuanxi.fun/images/201-300/242-monkey.jpg,512,512,20.7,45.5,1080x1080,1675.1
243,computer,201-300,images/201-300/computer.webp,images/201-300/computer.jpg,https://word.chuanxi.fun/images/201-300/243-computer.webp,https://word.chuanxi.fun/images/201-300/243-computer.jpg,512,512,19.1,48.9,1080x1080,1703.3
244,brush,201-300,images/201-300/brush.webp,images/201-300/brush.jpg,https://word.chuanxi.fun/images/201-300/244-brush.webp,https://word.chuanxi.fun/images/201-300/244-brush.jpg,512,512,18.9,43.2,1080x1080,1626.9
245,field,201-300,images/201-300/field.webp,images/201-300/field.jpg,https://word.chuanxi.fun/images/201-300/245-field.webp,https://word.chuanxi.fun/images/201-300/245-field.jpg,512,512,34.1,59.7,1080x1080,1732.5
246,engineering,201-300,images/201-300/engineering.webp,images/201-300/engineering.jpg,https://word.chuanxi.fun/images/201-300/246-engineering.webp,https://word.chuanxi.fun/images/201-300/246-engineering.jpg,512,512,33.9,64.5,1080x1080,1828.6
247,quickly,201-300,images/201-300/quickly.webp,images/201-300/quickly.jpg,https://word.chuanxi.fun/images/201-300/247-quickly.webp,https://word.chuanxi.fun/images/201-300/247-quickly.jpg,512,512,16.4,39.6,1080x1080,1598.7
248,window,201-300,images/201-300/window.webp,images/201-300/window.jpg,https://word.chuanxi.fun/images/201-300/248-window.webp,https://word.chuanxi.fun/images/201-300/248-window.jpg,512,512,20.5,49.1,1080x1080,1649.1
249,glad,201-300,images/201-300/glad.webp,images/201-300/glad.jpg,https://word.chuanxi.fun/images/201-300/249-glad.webp,https://word.chuanxi.fun/images/201-300/249-glad.jpg,512,512,14.0,35.7,1080x1080,1571.2
250,breakfast,201-300,images/201-300/breakfast.webp,images/201-300/breakfast.jpg,https://word.chuanxi.fun/images/201-300/250-breakfast.webp,https://word.chuanxi.fun/images/201-300/250-breakfast.jpg,512,512,28.1,57.4,1080x1080,1812.2
251,vegetable,201-300,images/201-300/vegetable.webp,images/201-300/vegetable.jpg,https://word.chuanxi.fun/images/201-300/251-vegetable.webp,https://word.chuanxi.fun/images/201-300/251-vegetable.jpg,512,512,26.9,54.2,1080x1080,1739.4
252,message,201-300,images/201-300/message.webp,images/201-300/message.jpg,https://word.chuanxi.fun/images/201-300/252-message.webp,https://word.chuanxi.fun/images/201-300/252-message.jpg,512,512,14.5,38.2,1080x1080,1619.5
253,garden,201-300,images/201-300/garden.webp,images/201-300/garden.jpg,https://word.chuanxi.fun/images/201-300/253-garden.webp,https://word.chuanxi.fun/images/201-300/253-garden.jpg,512,512,36.6,62.7,1080x1080,1815.8
254,table,201-300,images/201-300/table.webp,images/201-300/table.jpg,https://word.chuanxi.fun/images/201-300/254-table.webp,https://word.chuanxi.fun/images/201-300/254-table.jpg,512,512,13.5,38.1,1080x1080,1579.1
255,apple,201-300,images/201-300/apple.webp,images/201-300/apple.jpg,https://word.chuanxi.fun/images/201-300/255-apple.webp,https://word.chuanxi.fun/images/201-300/255-apple.jpg,512,512,10.8,29.2,1080x1080,1503.9
256,sky,201-300,images/201-300/sky.webp,images/201-300/sky.jpg,https://word.chuanxi.fun/images/201-300/256-sky.webp,https://word.chuanxi.fun/images/201-300/256-sky.jpg,512,512,13.4,40.6,1080x1080,1640.1
257,rain,201-300,images/201-300/rain.webp,images/201-300/rain.jpg,https://word.chuanxi.fun/images/201-300/257-rain.webp,https://word.chuanxi.fun/images/201-300/257-rain.jpg,512,512,26.3,54.9,1080x1080,1760.7
258,busy,201-300,images/201-300/busy.webp,images/201-300/busy.jpg,https://word.chuanxi.fun/images/201-300/258-busy.webp,https://word.chuanxi.fun/images/201-300/258-busy.jpg,512,512,27.1,56.4,1080x1080,1760.9
259,peace,201-300,images/201-300/peace.webp,images/201-300/peace.jpg,https://word.chuanxi.fun/images/201-300/259-peace.webp,https://word.chuanxi.fun/images/201-300/259-peace.jpg,512,512,15.2,40.4,1080x1080,1597.5
260,clean,201-300,images/201-300/clean.webp,images/201-300/clean.jpg,https://word.chuanxi.fun/images/201-300/260-clean.webp,https://word.chuanxi.fun/images/201-300/260-clean.jpg,512,512,11.5,32.8,1080x1080,1487.4
261,cat,201-300,images/201-300/cat.webp,images/201-300/cat.jpg,https://word.chuanxi.fun/images/201-300/261-cat.webp,https://word.chuanxi.fun/images/201-300/261-cat.jpg,512,512,14.7,37.0,1080x1080,1609.9
262,nose,201-300,images/201-300/nose.webp,images/201-300/nose.jpg,https://word.chuanxi.fun/images/201-300/262-nose.webp,https://word.chuanxi.fun/images/201-300/262-nose.jpg,512,512,19.4,46.2,1080x1080,1726.5
263,dark,201-300,images/201-300/dark.webp,images/201-300/dark.jpg,https://word.chuanxi.fun/images/201-300/263-dark.webp,https://word.chuanxi.fun/images/201-300/263-dark.jpg,512,512,17.2,45.7,1080x1080,1720.8
264,team,201-300,images/201-300/team.webp,images/201-300/team.jpg,https://word.chuanxi.fun/images/201-300/264-team.webp,https://word.chuanxi.fun/images/201-300/264-team.jpg,512,512,53.2,87.2,1080x1080,2142.9
265,carefully,201-300,images/201-300/carefully.webp,images/201-300/carefully.jpg,https://word.chuanxi.fun/images/201-300/265-carefully.webp,https://word.chuanxi.fun/images/201-300/265-carefully.jpg,512,512,14.8,36.1,1080x1080,1563.1
266,sad,201-300,images/201-300/sad.webp,images/201-300/sad.jpg,https://word.chuanxi.fun/images/201-300/266-sad.webp,https://word.chuanxi.fun/images/201-300/266-sad.jpg,512,512,34.2,65.4,1080x1080,2011.8
267,news,201-300,images/201-300/news.webp,images/201-300/news.jpg,https://word.chuanxi.fun/images/201-300/267-news.webp,https://word.chuanxi.fun/images/201-300/267-news.jpg,512,512,50.0,82.3,1080x1080,2108.7
268,art,201-300,images/201-300/art.webp,images/201-300/art.jpg,https://word.chuanxi.fun/images/201-300/268-art.webp,https://word.chuanxi.fun/images/201-300/268-art.jpg,512,512,50.6,84.5,1080x1080,2162.1
269,black,201-300,images/201-300/black.webp,images/201-300/black.jpg,https://word.chuanxi.fun/images/201-300/269-black.webp,https://word.chuanxi.fun/images/201-300/269-black.jpg,512,512,23.9,56.1,1080x1080,1893.9
270,birth,201-300,images/201-300/birth.webp,images/201-300/birth.jpg,https://word.chuanxi.fun/images/201-300/270-birth.webp,https://word.chuanxi.fun/images/201-300/270-birth.jpg,512,512,41.6,73.7,1080x1080,2000.9
271,office,201-300,images/201-300/office.webp,images/201-300/office.jpg,https://word.chuanxi.fun/images/201-300/271-office.webp,https://word.chuanxi.fun/images/201-300/271-office.jpg,512,512,46.0,79.4,1080x1080,2070.7
272,coffee,201-300,images/201-300/coffee.webp,images/201-300/coffee.jpg,https://word.chuanxi.fun/images/201-300/272-coffee.webp,https://word.chuanxi.fun/images/201-300/272-coffee.jpg,512,512,33.5,66.1,1080x1080,2008.6
273,hair,201-300,images/201-300/hair.webp,images/201-300/hair.jpg,https://word.chuanxi.fun/images/201-300/273-hair.webp,https://word.chuanxi.fun/images/201-300/273-hair.jpg,512,512,45.8,77.4,1080x1080,2148.6
274,ghost,201-300,images/201-300/ghost.webp,images/201-300/ghost.jpg,https://word.chuanxi.fun/images/201-300/274-ghost.webp,https://word.chuanxi.fun/images/201-300/274-ghost.jpg,512,512,38.7,70.0,1080x1080,1959.7
275,key,201-300,images/201-300/key.webp,images/201-300/key.jpg,https://word.chuanxi.fun/images/201-300/275-key.webp,https://word.chuanxi.fun/images/201-300/275-key.jpg,512,512,37.3,71.0,1080x1080,2031.1
276,celebrate,201-300,images/201-300/celebrate.webp,images/201-300/celebrate.jpg,https://word.chuanxi.fun/images/201-300/276-celebrate.webp,https://word.chuanxi.fun/images/201-300/276-celebrate.jpg,512,512,48.9,82.7,1080x1080,2075.4
277,hungry,201-300,images/201-300/hungry.webp,images/201-300/hungry.jpg,https://word.chuanxi.fun/images/201-300/277-hungry.webp,https://word.chuanxi.fun/images/201-300/277-hungry.jpg,512,512,47.1,79.3,1080x1080,2116.7
278,meal,201-300,images/201-300/meal.webp,images/201-300/meal.jpg,https://word.chuanxi.fun/images/201-300/278-meal.webp,https://word.chuanxi.fun/images/201-300/278-meal.jpg,512,512,62.6,92.8,1080x1080,2194.2
279,hall,201-300,images/201-300/hall.webp,images/201-300/hall.jpg,https://word.chuanxi.fun/images/201-300/279-hall.webp,https://word.chuanxi.fun/images/201-300/279-hall.jpg,512,512,45.8,81.2,1080x1080,2091.1
280,lunch,201-300,images/201-300/lunch.webp,images/201-300/lunch.jpg,https://word.chuanxi.fun/images/201-300/280-lunch.webp,https://word.chuanxi.fun/images/201-300/280-lunch.jpg,512,512,56.6,89.2,1080x1080,2202.4
281,hotel,201-300,images/201-300/hotel.webp,images/201-300/hotel.jpg,https://word.chuanxi.fun/images/201-300/281-hotel.webp,https://word.chuanxi.fun/images/201-300/281-hotel.jpg,512,512,58.5,90.7,1080x1080,2145.8
282,lonely,201-300,images/201-300/lonely.webp,images/201-300/lonely.jpg,https://word.chuanxi.fun/images/201-300/282-lonely.webp,https://word.chuanxi.fun/images/201-300/282-lonely.jpg,512,512,51.8,83.0,1080x1080,2104.7
283,bathroom,201-300,images/201-300/bathroom.webp,images/201-300/bathroom.jpg,https://word.chuanxi.fun/images/201-300/283-bathroom.webp,https://word.chuanxi.fun/images/201-300/283-bathroom.jpg,512,512,46.2,79.1,1080x1080,2130.3
284,collect,201-300,images/201-300/collect.webp,images/201-300/collect.jpg,https://word.chuanxi.fun/images/201-300/284-collect.webp,https://word.chuanxi.fun/images/201-300/284-collect.jpg,512,512,49.0,81.4,1080x1080,2057.9
285,fun,201-300,images/201-300/fun.webp,images/201-300/fun.jpg,https://word.chuanxi.fun/images/201-300/285-fun.webp,https://word.chuanxi.fun/images/201-300/285-fun.jpg,512,512,30.5,60.8,1080x1080,1773.5
286,college,201-300,images/201-300/college.webp,images/201-300/college.jpg,https://word.chuanxi.fun/images/201-300/286-college.webp,https://word.chuanxi.fun/images/201-300/286-college.jpg,512,512,74.7,105.6,1080x1080,2265.4
287,hill,201-300,images/201-300/hill.webp,images/201-300/hill.jpg,https://word.chuanxi.fun/images/201-300/287-hill.webp,https://word.chuanxi.fun/images/201-300/287-hill.jpg,512,512,53.2,82.8,1080x1080,2081.4
288,favorite,201-300,images/201-300/favorite.webp,images/201-300/favorite.jpg,https://word.chuanxi.fun/images/201-300/288-favorite.webp,https://word.chuanxi.fun/images/201-300/288-favorite.jpg,512,512,52.3,83.2,1080x1080,2121.0
289,fill,201-300,images/201-300/fill.webp,images/201-300/fill.jpg,https://word.chuanxi.fun/images/201-300/289-fill.webp,https://word.chuanxi.fun/images/201-300/289-fill.jpg,512,512,29.9,62.7,1080x1080,2015.1
290,poor,201-300,images/201-300/poor.webp,images/201-300/poor.jpg,https://word.chuanxi.fun/images/201-300/290-poor.webp,https://word.chuanxi.fun/images/201-300/290-poor.jpg,512,512,48.6,80.1,1080x1080,2040.3
291,late,201-300,images/201-300/late.webp,images/201-300/late.jpg,https://word.chuanxi.fun/images/201-300/291-late.webp,https://word.chuanxi.fun/images/201-300/291-late.jpg,512,512,55.1,87.2,1080x1080,2089.6
292,bone,201-300,images/201-300/bone.webp,images/201-300/bone.jpg,https://word.chuanxi.fun/images/201-300/292-bone.webp,https://word.chuanxi.fun/images/201-300/292-bone.jpg,512,512,18.6,48.7,1080x1080,1821.2
293,bridge,201-300,images/201-300/bridge.webp,images/201-300/bridge.jpg,https://word.chuanxi.fun/images/201-300/293-bridge.webp,https://word.chuanxi.fun/images/201-300/293-bridge.jpg,512,512,71.3,100.6,1080x1080,2244.9
294,hole,201-300,images/201-300/hole.webp,images/201-300/hole.jpg,https://word.chuanxi.fun/images/201-300/294-hole.webp,https://word.chuanxi.fun/images/201-300/294-hole.jpg,512,512,43.4,73.9,1080x1080,2026.1
295,solve,201-300,images/201-300/solve.webp,images/201-300/solve.jpg,https://word.chuanxi.fun/images/201-300/295-solve.webp,https://word.chuanxi.fun/images/201-300/295-solve.jpg,512,512,45.4,79.8,1080x1080,2055.7
296,bread,201-300,images/201-300/bread.webp,images/201-300/bread.jpg,https://word.chuanxi.fun/images/201-300/296-bread.webp,https://word.chuanxi.fun/images/201-300/296-bread.jpg,512,512,55.9,85.8,1080x1080,2146.2
297,afraid,201-300,images/201-300/afraid.webp,images/201-300/afraid.jpg,https://word.chuanxi.fun/images/201-300/297-afraid.webp,https://word.chuanxi.fun/images/201-300/297-afraid.jpg,512,512,34.6,67.9,1080x1080,1896.3
298,skill,201-300,images/201-300/skill.webp,images/201-300/skill.jpg,https://word.chuanxi.fun/images/201-300/298-skill.webp,https://word.chuanxi.fun/images/201-300/298-skill.jpg,512,512,23.7,53.7,1080x1080,1841.0
299,arrive,201-300,images/201-300/arrive.webp,images/201-300/arrive.jpg,https://word.chuanxi.fun/images/201-300/299-arrive.webp,https://word.chuanxi.fun/images/201-300/299-arrive.jpg,512,512,59.8,92.0,1080x1080,2183.6
300,bag,201-300,images/201-300/bag.webp,images/201-300/bag.jpg,https://word.chuanxi.fun/images/201-300/300-bag.webp,https://word.chuanxi.fun/images/201-300/300-bag.jpg,512,512,15.9,32.2,512x512,16.3
301,television,301-400,images/301-400/television.webp,images/301-400/television.jpg,https://word.chuanxi.fun/images/301-400/301-television.webp,https://word.chuanxi.fun/images/301-400/301-television.jpg,512,512,9.3,23.8,512x512,9.8
302,card,301-400,images/301-400/card.webp,images/301-400/card.jpg,https://word.chuanxi.fun/images/301-400/302-card.webp,https://word.chuanxi.fun/images/301-400/302-card.jpg,512,512,10.4,24.6,512x512,10.9
303,box,301-400,images/301-400/box.webp,images/301-400/box.jpg,https://word.chuanxi.fun/images/301-400/303-box.webp,https://word.chuanxi.fun/images/301-400/303-box.jpg,512,512,13.7,30.8,512x512,14.4
304,wash,301-400,images/301-400/wash.webp,images/301-400/wash.jpg,https://word.chuanxi.fun/images/301-400/304-wash.webp,https://word.chuanxi.fun/images/301-400/304-wash.jpg,512,512,20.5,40.5,512x512,20.7
305,ideal,301-400,images/301-400/ideal.webp,images/301-400/ideal.jpg,https://word.chuanxi.fun/images/301-400/305-ideal.webp,https://word.chuanxi.fun/images/301-400/305-ideal.jpg,512,512,16.2,33.6,512x512,16.4
306,clock,301-400,images/301-400/clock.webp,images/301-400/clock.jpg,https://word.chuanxi.fun/images/301-400/306-clock.webp,https://word.chuanxi.fun/images/301-400/306-clock.jpg,512,512,18.3,39.7,512x512,18.4
307,bike,301-400,images/301-400/bike.webp,images/301-400/bike.jpg,https://word.chuanxi.fun/images/301-400/307-bike.webp,https://word.chuanxi.fun/images/301-400/307-bike.jpg,512,512,23.1,44.4,512x512,22.9
308,floor,301-400,images/301-400/floor.webp,images/301-400/floor.jpg,https://word.chuanxi.fun/images/301-400/308-floor.webp,https://word.chuanxi.fun/images/301-400/308-floor.jpg,512,512,25.6,51.6,512x512,26.1
309,mouth,301-400,images/301-400/mouth.webp,images/301-400/mouth.jpg,https://word.chuanxi.fun/images/301-400/309-mouth.webp,https://word.chuanxi.fun/images/301-400/309-mouth.jpg,512,512,22.3,45.8,512x512,23.2
310,paint,301-400,images/301-400/paint.webp,images/301-400/paint.jpg,https://word.chuanxi.fun/images/301-400/310-paint.webp,https://word.chuanxi.fun/images/301-400/310-paint.jpg,512,512,18.1,38.4,512x512,18.8
311,pray,301-400,images/301-400/pray.webp,images/301-400/pray.jpg,https://word.chuanxi.fun/images/301-400/311-pray.webp,https://word.chuanxi.fun/images/301-400/311-pray.jpg,512,512,16.2,33.7,512x512,16.7
312,lazy,301-400,images/301-400/lazy.webp,images/301-400/lazy.jpg,https://word.chuanxi.fun/images/301-400/312-lazy.webp,https://word.chuanxi.fun/images/301-400/312-lazy.jpg,512,512,17.6,39.8,512x512,18.1
313,subject,301-400,images/301-400/subject.webp,images/301-400/subject.jpg,https://word.chuanxi.fun/images/301-400/313-subject.webp,https://word.chuanxi.fun/images/301-400/313-subject.jpg,512,512,16.0,33.6,512x512,16.2
314,weather,301-400,images/301-400/weather.webp,images/301-400/weather.jpg,https://word.chuanxi.fun/images/301-400/314-weather.webp,https://word.chuanxi.fun/images/301-400/314-weather.jpg,512,512,22.7,45.9,512x512,23.6
315,careful,301-400,images/301-400/careful.webp,images/301-400/careful.jpg,https://word.chuanxi.fun/images/301-400/315-careful.webp,https://word.chuanxi.fun/images/301-400/315-careful.jpg,512,512,14.2,29.0,512x512,14.5
316,glass,301-400,images/301-400/glass.webp,images/301-400/glass.jpg,https://word.chuanxi.fun/images/301-400/316-glass.webp,https://word.chuanxi.fun/images/301-400/316-glass.jpg,512,512,14.3,32.4,512x512,14.7
317,palace,301-400,images/301-400/palace.webp,images/301-400/palace.jpg,https://word.chuanxi.fun/images/301-400/317-palace.webp,https://word.chuanxi.fun/images/301-400/317-palace.jpg,512,512,28.0,53.2,512x512,28.4
318,seat,301-400,images/301-400/seat.webp,images/301-400/seat.jpg,https://word.chuanxi.fun/images/301-400/318-seat.webp,https://word.chuanxi.fun/images/301-400/318-seat.jpg,512,512,19.5,40.0,512x512,20.2
319,grandfather,301-400,images/301-400/grandfather.webp,images/301-400/grandfather.jpg,https://word.chuanxi.fun/images/301-400/319-grandfather.webp,https://word.chuanxi.fun/images/301-400/319-grandfather.jpg,512,512,21.3,42.4,512x512,21.7
320,factory,301-400,images/301-400/factory.webp,images/301-400/factory.jpg,https://word.chuanxi.fun/images/301-400/320-factory.webp,https://word.chuanxi.fun/images/301-400/320-factory.jpg,512,512,24.8,47.2,512x512,25.1
321,gift,301-400,images/301-400/gift.webp,images/301-400/gift.jpg,https://word.chuanxi.fun/images/301-400/321-gift.webp,https://word.chuanxi.fun/images/301-400/321-gift.jpg,512,512,17.8,37.4,512x512,18.6
322,hide,301-400,images/301-400/hide.webp,images/301-400/hide.jpg,https://word.chuanxi.fun/images/301-400/322-hide.webp,https://word.chuanxi.fun/images/301-400/322-hide.jpg,512,512,17.8,38.8,512x512,18.8
323,meeting,301-400,images/301-400/meeting.webp,images/301-400/meeting.jpg,https://word.chuanxi.fun/images/301-400/323-meeting.webp,https://word.chuanxi.fun/images/301-400/323-meeting.jpg,512,512,31.4,58.0,512x512,31.5
324,cow,301-400,images/301-400/cow.webp,images/301-400/cow.jpg,https://word.chuanxi.fun/images/301-400/324-cow.webp,https://word.chuanxi.fun/images/301-400/324-cow.jpg,512,512,29.1,54.7,512x512,29.5
325,pocket,301-400,images/301-400/pocket.webp,images/301-400/pocket.jpg,https://word.chuanxi.fun/images/301-400/325-pocket.webp,https://word.chuanxi.fun/images/301-400/325-pocket.jpg,512,512,36.4,62.9,512x512,37.1
326,beach,301-400,images/301-400/beach.webp,images/301-400/beach.jpg,https://word.chuanxi.fun/images/301-400/326-beach.webp,https://word.chuanxi.fun/images/301-400/326-beach.jpg,512,512,29.3,55.4,512x512,30.3
327,white,301-400,images/301-400/white.webp,images/301-400/white.jpg,https://word.chuanxi.fun/images/301-400/327-white.webp,https://word.chuanxi.fun/images/301-400/327-white.jpg,512,512,26.4,53.3,512x512,28.2
328,paper,301-400,images/301-400/paper.webp,images/301-400/paper.jpg,https://word.chuanxi.fun/images/301-400/328-paper.webp,https://word.chuanxi.fun/images/301-400/328-paper.jpg,512,512,10.8,23.2,512x512,11.0
329,hot,301-400,images/301-400/hot.webp,images/301-400/hot.jpg,https://word.chuanxi.fun/images/301-400/329-hot.webp,https://word.chuanxi.fun/images/301-400/329-hot.jpg,512,512,21.6,41.9,512x512,21.9
330,cloud,301-400,images/301-400/cloud.webp,images/301-400/cloud.jpg,https://word.chuanxi.fun/images/301-400/330-cloud.webp,https://word.chuanxi.fun/images/301-400/330-cloud.jpg,512,512,12.6,30.9,512x512,13.9
331,kitchen,301-400,images/301-400/kitchen.webp,images/301-400/kitchen.jpg,https://word.chuanxi.fun/images/301-400/331-kitchen.webp,https://word.chuanxi.fun/images/301-400/331-kitchen.jpg,512,512,32.0,61.1,512x512,32.8
332,toilet,301-400,images/301-400/toilet.webp,images/301-400/toilet.jpg,https://word.chuanxi.fun/images/301-400/332-toilet.webp,https://word.chuanxi.fun/images/301-400/332-toilet.jpg,512,512,14.1,34.3,512x512,14.9
333,station,301-400,images/301-400/station.webp,images/301-400/station.jpg,https://word.chuanxi.fun/images/301-400/333-station.webp,https://word.chuanxi.fun/images/301-400/333-station.jpg,512,512,46.0,77.6,512x512,45.7
334,grandmother,301-400,images/301-400/grandmother.webp,images/301-400/grandmother.jpg,https://word.chuanxi.fun/images/301-400/334-grandmother.webp,https://word.chuanxi.fun/images/301-400/334-grandmother.jpg,512,512,26.9,50.2,512x512,27.5
335,afternoon,301-400,images/301-400/afternoon.webp,images/301-400/afternoon.jpg,https://word.chuanxi.fun/images/301-400/335-afternoon.webp,https://word.chuanxi.fun/images/301-400/335-afternoon.jpg,512,512,55.6,86.5,512x512,56.4
336,strange,301-400,images/301-400/strange.webp,images/301-400/strange.jpg,https://word.chuanxi.fun/images/301-400/336-strange.webp,https://word.chuanxi.fun/images/301-400/336-strange.jpg,512,512,15.1,30.1,512x512,15.4
337,join,301-400,images/301-400/join.webp,images/301-400/join.jpg,https://word.chuanxi.fun/images/301-400/337-join.webp,https://word.chuanxi.fun/images/301-400/337-join.jpg,512,512,28.7,52.8,512x512,29.1
338,summer,301-400,images/301-400/summer.webp,images/301-400/summer.jpg,https://word.chuanxi.fun/images/301-400/338-summer.webp,https://word.chuanxi.fun/images/301-400/338-summer.jpg,512,512,28.4,52.7,512x512,29.0
339,corner,301-400,images/301-400/corner.webp,images/301-400/corner.jpg,https://word.chuanxi.fun/images/301-400/339-corner.webp,https://word.chuanxi.fun/images/301-400/339-corner.jpg,512,512,12.9,30.8,512x512,13.7
340,song,301-400,images/301-400/song.webp,images/301-400/song.jpg,https://word.chuanxi.fun/images/301-400/340-song.webp,https://word.chuanxi.fun/images/301-400/340-song.jpg,512,512,14.2,29.5,512x512,14.2
341,cinema,301-400,images/301-400/cinema.webp,images/301-400/cinema.jpg,https://word.chuanxi.fun/images/301-400/341-cinema.webp,https://word.chuanxi.fun/images/301-400/341-cinema.jpg,512,512,15.2,39.3,512x512,16.8
342,hat,301-400,images/301-400/hat.webp,images/301-400/hat.jpg,https://word.chuanxi.fun/images/301-400/342-hat.webp,https://word.chuanxi.fun/images/301-400/342-hat.jpg,512,512,16.7,34.6,512x512,17.2
343,bus,301-400,images/301-400/bus.webp,images/301-400/bus.jpg,https://word.chuanxi.fun/images/301-400/343-bus.webp,https://word.chuanxi.fun/images/301-400/343-bus.jpg,512,512,21.0,42.2,512x512,21.1
344,dinner,301-400,images/301-400/dinner.webp,images/301-400/dinner.jpg,https://word.chuanxi.fun/images/301-400/344-dinner.webp,https://word.chuanxi.fun/images/301-400/344-dinner.jpg,512,512,45.1,75.9,512x512,45.8
345,heavy,301-400,images/301-400/heavy.webp,images/301-400/heavy.jpg,https://word.chuanxi.fun/images/301-400/345-heavy.webp,https://word.chuanxi.fun/images/301-400/345-heavy.jpg,512,512,15.9,32.4,512x512,16.2
346,famous,301-400,images/301-400/famous.webp,images/301-400/famous.jpg,https://word.chuanxi.fun/images/301-400/346-famous.webp,https://word.chuanxi.fun/images/301-400/346-famous.jpg,512,512,33.3,62.6,512x512,34.0
347,internet,301-400,images/301-400/internet.webp,images/301-400/internet.jpg,https://word.chuanxi.fun/images/301-400/347-internet.webp,https://word.chuanxi.fun/images/301-400/347-internet.jpg,512,512,21.1,39.5,512x512,21.7
348,sister,301-400,images/301-400/sister.webp,images/301-400/sister.jpg,https://word.chuanxi.fun/images/301-400/348-sister.webp,https://word.chuanxi.fun/images/301-400/348-sister.jpg,512,512,23.1,43.7,512x512,23.3
349,luck,301-400,images/301-400/luck.webp,images/301-400/luck.jpg,https://word.chuanxi.fun/images/301-400/349-luck.webp,https://word.chuanxi.fun/images/301-400/349-luck.jpg,512,512,22.7,42.8,512x512,23.3
350,rat,301-400,images/301-400/rat.webp,images/301-400/rat.jpg,https://word.chuanxi.fun/images/301-400/350-rat.webp,https://word.chuanxi.fun/images/301-400/350-rat.jpg,512,512,17.8,34.1,512x512,17.9
351,repeat,301-400,images/301-400/repeat.webp,images/301-400/repeat.jpg,https://word.chuanxi.fun/images/301-400/351-repeat.webp,https://word.chuanxi.fun/images/301-400/351-repeat.jpg,512,512,13.4,28.6,512x512,14.0
352,celebration,301-400,images/301-400/celebration.webp,images/301-400/celebration.jpg,https://word.chuanxi.fun/images/301-400/352-celebration.webp,https://word.chuanxi.fun/images/301-400/352-celebration.jpg,512,512,35.1,65.5,512x512,35.8
353,drunk,301-400,images/301-400/drunk.webp,images/301-400/drunk.jpg,https://word.chuanxi.fun/images/301-400/353-drunk.webp,https://word.chuanxi.fun/images/301-400/353-drunk.jpg,512,512,18.9,38.5,512x512,19.1
354,expensive,301-400,images/301-400/expensive.webp,images/301-400/expensive.jpg,https://word.chuanxi.fun/images/301-400/354-expensive.webp,https://word.chuanxi.fun/images/301-400/354-expensive.jpg,512,512,28.0,50.4,512x512,28.6
355,driver,301-400,images/301-400/driver.webp,images/301-400/driver.jpg,https://word.chuanxi.fun/images/301-400/355-driver.webp,https://word.chuanxi.fun/images/301-400/355-driver.jpg,512,512,31.1,60.3,512x512,32.5
356,map,301-400,images/301-400/map.webp,images/301-400/map.jpg,https://word.chuanxi.fun/images/301-400/356-map.webp,https://word.chuanxi.fun/images/301-400/356-map.jpg,512,512,25.9,50.3,512x512,26.6
357,funny,301-400,images/301-400/funny.webp,images/301-400/funny.jpg,https://word.chuanxi.fun/images/301-400/357-funny.webp,https://word.chuanxi.fun/images/301-400/357-funny.jpg,512,512,28.8,53.4,512x512,29.3
358,knowing,301-400,images/301-400/knowing.webp,images/301-400/knowing.jpg,https://word.chuanxi.fun/images/301-400/358-knowing.webp,https://word.chuanxi.fun/images/301-400/358-knowing.jpg,512,512,21.3,42.6,512x512,21.7
359,birthday,301-400,images/301-400/birthday.webp,images/301-400/birthday.jpg,https://word.chuanxi.fun/images/301-400/359-birthday.webp,https://word.chuanxi.fun/images/301-400/359-birthday.jpg,512,512,40.3,71.4,512x512,41.4
360,wheel,301-400,images/301-400/wheel.webp,images/301-400/wheel.jpg,https://word.chuanxi.fun/images/301-400/360-wheel.webp,https://word.chuanxi.fun/images/301-400/360-wheel.jpg,512,512,28.7,53.3,512x512,28.9
361,lovely,301-400,images/301-400/lovely.webp,images/301-400/lovely.jpg,https://word.chuanxi.fun/images/301-400/361-lovely.webp,https://word.chuanxi.fun/images/301-400/361-lovely.jpg,512,512,28.2,50.0,512x512,28.5
362,blue,301-400,images/301-400/blue.webp,images/301-400/blue.jpg,https://word.chuanxi.fun/images/301-400/362-blue.webp,https://word.chuanxi.fun/images/301-400/362-blue.jpg,512,512,30.5,57.2,512x512,31.8
363,awake,301-400,images/301-400/awake.webp,images/301-400/awake.jpg,https://word.chuanxi.fun/images/301-400/363-awake.webp,https://word.chuanxi.fun/images/301-400/363-awake.jpg,512,512,36.0,63.8,512x512,36.9
364,sport,301-400,images/301-400/sport.webp,images/301-400/sport.jpg,https://word.chuanxi.fun/images/301-400/364-sport.webp,https://word.chuanxi.fun/images/301-400/364-sport.jpg,512,512,33.2,59.4,512x512,33.4
365,nationality,301-400,images/301-400/nationality.webp,images/301-400/nationality.jpg,https://word.chuanxi.fun/images/301-400/365-nationality.webp,https://word.chuanxi.fun/images/301-400/365-nationality.jpg,512,512,39.0,68.3,512x512,39.7
366,camera,301-400,images/301-400/camera.webp,images/301-400/camera.jpg,https://word.chuanxi.fun/images/301-400/366-camera.webp,https://word.chuanxi.fun/images/301-400/366-camera.jpg,512,512,24.9,46.8,512x512,25.0
367,introduce,301-400,images/301-400/introduce.webp,images/301-400/introduce.jpg,https://word.chuanxi.fun/images/301-400/367-introduce.webp,https://word.chuanxi.fun/images/301-400/367-introduce.jpg,512,512,29.4,54.0,512x512,29.7
368,weekend,301-400,images/301-400/weekend.webp,images/301-400/weekend.jpg,https://word.chuanxi.fun/images/301-400/368-weekend.webp,https://word.chuanxi.fun/images/301-400/368-weekend.jpg,512,512,30.4,53.7,512x512,30.9
369,shoe,301-400,images/301-400/shoe.webp,images/301-400/shoe.jpg,https://word.chuanxi.fun/images/301-400/369-shoe.webp,https://word.chuanxi.fun/images/301-400/369-shoe.jpg,512,512,24.6,45.3,512x512,25.1
370,nothingness,301-400,images/301-400/nothingness.webp,images/301-400/nothingness.jpg,https://word.chuanxi.fun/images/301-400/370-nothingness.webp,https://word.chuanxi.fun/images/301-400/370-nothingness.jpg,512,512,5.1,13.2,512x512,5.3
371,airplane,301-400,images/301-400/airplane.webp,images/301-400/airplane.jpg,https://word.chuanxi.fun/images/301-400/371-airplane.webp,https://word.chuanxi.fun/images/301-400/371-airplane.jpg,512,512,12.5,27.3,512x512,12.9
372,quarter,301-400,images/301-400/quarter.webp,images/301-400/quarter.jpg,https://word.chuanxi.fun/images/301-400/372-quarter.webp,https://word.chuanxi.fun/images/301-400/372-quarter.jpg,512,512,23.9,45.0,512x512,24.4
373,pig,301-400,images/301-400/pig.webp,images/301-400/pig.jpg,https://word.chuanxi.fun/images/301-400/373-pig.webp,https://word.chuanxi.fun/images/301-400/373-pig.jpg,512,512,15.1,31.4,512x512,15.6
374,partner,301-400,images/301-400/partner.webp,images/301-400/partner.jpg,https://word.chuanxi.fun/images/301-400/374-partner.webp,https://word.chuanxi.fun/images/301-400/374-partner.jpg,512,512,22.9,44.5,512x512,23.1
375,uncle,301-400,images/301-400/uncle.webp,images/301-400/uncle.jpg,https://word.chuanxi.fun/images/301-400/375-uncle.webp,https://word.chuanxi.fun/images/301-400/375-uncle.jpg,512,512,16.6,33.4,512x512,16.7
376,frog,301-400,images/301-400/frog.webp,images/301-400/frog.jpg,https://word.chuanxi.fun/images/301-400/376-frog.webp,https://word.chuanxi.fun/images/301-400/376-frog.jpg,512,512,14.3,28.8,512x512,14.6
377,everyday,301-400,images/301-400/everyday.webp,images/301-400/everyday.jpg,https://word.chuanxi.fun/images/301-400/377-everyday.webp,https://word.chuanxi.fun/images/301-400/377-everyday.jpg,512,512,19.0,35.9,512x512,19.2
378,unknowingly,301-400,images/301-400/unknowingly.webp,images/301-400/unknowingly.jpg,https://word.chuanxi.fun/images/301-400/378-unknowingly.webp,https://word.chuanxi.fun/images/301-400/378-unknowingly.jpg,512,512,17.6,36.0,512x512,17.8
379,meat,301-400,images/301-400/meat.webp,images/301-400/meat.jpg,https://word.chuanxi.fun/images/301-400/379-meat.webp,https://word.chuanxi.fun/images/301-400/379-meat.jpg,512,512,24.8,43.4,512x512,25.4
380,ticket,301-400,images/301-400/ticket.webp,images/301-400/ticket.jpg,https://word.chuanxi.fun/images/301-400/380-ticket.webp,https://word.chuanxi.fun/images/301-400/380-ticket.jpg,512,512,15.0,31.0,512x512,15.5
381,player,301-400,images/301-400/player.webp,images/301-400/player.jpg,https://word.chuanxi.fun/images/301-400/381-player.webp,https://word.chuanxi.fun/images/301-400/381-player.jpg,512,512,22.3,43.9,512x512,22.6
382,thin,301-400,images/301-400/thin.webp,images/301-400/thin.jpg,https://word.chuanxi.fun/images/301-400/382-thin.webp,https://word.chuanxi.fun/images/301-400/382-thin.jpg,512,512,13.6,29.8,512x512,13.9
383,topic,301-400,images/301-400/topic.webp,images/301-400/topic.jpg,https://word.chuanxi.fun/images/301-400/383-topic.webp,https://word.chuanxi.fun/images/301-400/383-topic.jpg,512,512,20.5,41.0,512x512,20.7
384,tall,301-400,images/301-400/tall.webp,images/301-400/tall.jpg,https://word.chuanxi.fun/images/301-400/384-tall.webp,https://word.chuanxi.fun/images/301-400/384-tall.jpg,512,512,18.9,34.2,512x512,19.0
385,spring,301-400,images/301-400/spring.webp,images/301-400/spring.jpg,https://word.chuanxi.fun/images/301-400/385-spring.webp,https://word.chuanxi.fun/images/301-400/385-spring.jpg,512,512,43.2,69.8,512x512,43.7
386,note,301-400,images/301-400/note.webp,images/301-400/note.jpg,https://word.chuanxi.fun/images/301-400/386-note.webp,https://word.chuanxi.fun/images/301-400/386-note.jpg,512,512,11.7,24.8,512x512,12.1
387,sea,301-400,images/301-400/sea.webp,images/301-400/sea.jpg,https://word.chuanxi.fun/images/301-400/387-sea.webp,https://word.chuanxi.fun/images/301-400/387-sea.jpg,512,512,28.0,53.3,512x512,29.1
388,dad,301-400,images/301-400/dad.webp,images/301-400/dad.jpg,https://word.chuanxi.fun/images/301-400/388-dad.webp,https://word.chuanxi.fun/images/301-400/388-dad.jpg,512,512,15.0,30.6,512x512,15.4
389,garbage,301-400,images/301-400/garbage.webp,images/301-400/garbage.jpg,https://word.chuanxi.fun/images/301-400/389-garbage.webp,https://word.chuanxi.fun/images/301-400/389-garbage.jpg,512,512,13.7,27.9,512x512,13.9
390,sugar,301-400,images/301-400/sugar.webp,images/301-400/sugar.jpg,https://word.chuanxi.fun/images/301-400/390-sugar.webp,https://word.chuanxi.fun/images/301-400/390-sugar.jpg,512,512,20.3,37.9,512x512,20.6
391,horse,301-400,images/301-400/horse.webp,images/301-400/horse.jpg,https://word.chuanxi.fun/images/301-400/391-horse.webp,https://word.chuanxi.fun/images/301-400/391-horse.jpg,512,512,18.2,37.4,512x512,18.6
392,actor,301-400,images/301-400/actor.webp,images/301-400/actor.jpg,https://word.chuanxi.fun/images/301-400/392-actor.webp,https://word.chuanxi.fun/images/301-400/392-actor.jpg,512,512,23.1,46.6,512x512,23.9
393,orange,301-400,images/301-400/orange.webp,images/301-400/orange.jpg,https://word.chuanxi.fun/images/301-400/393-orange.webp,https://word.chuanxi.fun/images/301-400/393-orange.jpg,512,512,20.1,38.2,512x512,20.7
394,kick,301-400,images/301-400/kick.webp,images/301-400/kick.jpg,https://word.chuanxi.fun/images/301-400/394-kick.webp,https://word.chuanxi.fun/images/301-400/394-kick.jpg,512,512,15.9,31.2,512x512,16.1
395,cloth,301-400,images/301-400/cloth.webp,images/301-400/cloth.jpg,https://word.chuanxi.fun/images/301-400/395-cloth.webp,https://word.chuanxi.fun/images/301-400/395-cloth.jpg,512,512,36.5,58.6,512x512,36.8
396,bath,301-400,images/301-400/bath.webp,images/301-400/bath.jpg,https://word.chuanxi.fun/images/301-400/396-bath.webp,https://word.chuanxi.fun/images/301-400/396-bath.jpg,512,512,14.8,31.5,512x512,15.2
397,due,301-400,images/301-400/due.webp,images/301-400/due.jpg,https://word.chuanxi.fun/images/301-400/397-due.webp,https://word.chuanxi.fun/images/301-400/397-due.jpg,512,512,23.4,44.9,512x512,23.7
398,bucket,301-400,images/301-400/bucket.webp,images/301-400/bucket.jpg,https://word.chuanxi.fun/images/301-400/398-bucket.webp,https://word.chuanxi.fun/images/301-400/398-bucket.jpg,512,512,10.8,20.8,1024x1024,448.6
399,item,301-400,images/301-400/item.webp,images/301-400/item.jpg,https://word.chuanxi.fun/images/301-400/399-item.webp,https://word.chuanxi.fun/images/301-400/399-item.jpg,512,512,6.2,17.0,1024x1024,272.9
400,subjectivity,301-400,images/301-400/subjectivity.webp,images/301-400/subjectivity.jpg,https://word.chuanxi.fun/images/301-400/400-subjectivity.webp,https://word.chuanxi.fun/images/301-400/400-subjectivity.jpg,512,512,14.4,29.1,1024x1024,500.0
401,holiday,401-500,images/401-500/holiday.webp,images/401-500/holiday.jpg,https://word.chuanxi.fun/images/401-500/401-holiday.webp,https://word.chuanxi.fun/images/401-500/401-holiday.jpg,512,512,13.6,33.1,512x512,14.3
402,bell,401-500,images/401-500/bell.webp,images/401-500/bell.jpg,https://word.chuanxi.fun/images/401-500/402-bell.webp,https://word.chuanxi.fun/images/401-500/402-bell.jpg,512,512,15.4,30.3,512x512,15.8
403,soup,401-500,images/401-500/soup.webp,images/401-500/soup.jpg,https://word.chuanxi.fun/images/401-500/403-soup.webp,https://word.chuanxi.fun/images/401-500/403-soup.jpg,512,512,19.8,39.3,512x512,20.3
404,bedroom,401-500,images/401-500/bedroom.webp,images/401-500/bedroom.jpg,https://word.chuanxi.fun/images/401-500/404-bedroom.webp,https://word.chuanxi.fun/images/401-500/404-bedroom.jpg,512,512,20.6,41.9,512x512,21.2
405,truck,401-500,images/401-500/truck.webp,images/401-500/truck.jpg,https://word.chuanxi.fun/images/401-500/405-truck.webp,https://word.chuanxi.fun/images/401-500/405-truck.jpg,512,512,16.6,36.6,512x512,17.1
406,winter,401-500,images/401-500/winter.webp,images/401-500/winter.jpg,https://word.chuanxi.fun/images/401-500/406-winter.webp,https://word.chuanxi.fun/images/401-500/406-winter.jpg,512,512,18.2,36.0,512x512,18.8
407,discuss,401-500,images/401-500/discuss.webp,images/401-500/discuss.jpg,https://word.chuanxi.fun/images/401-500/407-discuss.webp,https://word.chuanxi.fun/images/401-500/407-discuss.jpg,512,512,37.2,66.2,512x512,37.7
408,bottom,401-500,images/401-500/bottom.webp,images/401-500/bottom.jpg,https://word.chuanxi.fun/images/401-500/408-bottom.webp,https://word.chuanxi.fun/images/401-500/408-bottom.jpg,512,512,11.9,27.1,512x512,12.5
409,neck,401-500,images/401-500/neck.webp,images/401-500/neck.jpg,https://word.chuanxi.fun/images/401-500/409-neck.webp,https://word.chuanxi.fun/images/401-500/409-neck.jpg,512,512,12.4,29.5,512x512,13.5
410,yellow,401-500,images/401-500/yellow.webp,images/401-500/yellow.jpg,https://word.chuanxi.fun/images/401-500/410-yellow.webp,https://word.chuanxi.fun/images/401-500/410-yellow.jpg,512,512,22.6,43.7,512x512,23.5
411,swim,401-500,images/401-500/swim.webp,images/401-500/swim.jpg,https://word.chuanxi.fun/images/401-500/411-swim.webp,https://word.chuanxi.fun/images/401-500/411-swim.jpg,512,512,32.8,56.5,512x512,33.5
412,festival,401-500,images/401-500/festival.webp,images/401-500/festival.jpg,https://word.chuanxi.fun/images/401-500/412-festival.webp,https://word.chuanxi.fun/images/401-500/412-festival.jpg,512,512,41.2,71.2,512x512,42.1
413,page,401-500,images/401-500/page.webp,images/401-500/page.jpg,https://word.chuanxi.fun/images/401-500/413-page.webp,https://word.chuanxi.fun/images/401-500/413-page.jpg,512,512,16.3,34.6,512x512,16.7
414,tomato,401-500,images/401-500/tomato.webp,images/401-500/tomato.jpg,https://word.chuanxi.fun/images/401-500/414-tomato.webp,https://word.chuanxi.fun/images/401-500/414-tomato.jpg,512,512,20.3,40.8,512x512,21.0
415,subjective,401-500,images/401-500/subjective.webp,images/401-500/subjective.jpg,https://word.chuanxi.fun/images/401-500/415-subjective.webp,https://word.chuanxi.fun/images/401-500/415-subjective.jpg,512,512,29.4,55.5,512x512,30.1
416,jewelry,401-500,images/401-500/jewelry.webp,images/401-500/jewelry.jpg,https://word.chuanxi.fun/images/401-500/416-jewelry.webp,https://word.chuanxi.fun/images/401-500/416-jewelry.jpg,512,512,21.5,42.3,512x512,22.3
417,worker,401-500,images/401-500/worker.webp,images/401-500/worker.jpg,https://word.chuanxi.fun/images/401-500/417-worker.webp,https://word.chuanxi.fun/images/401-500/417-worker.jpg,512,512,17.2,33.8,512x512,17.5
418,noise,401-500,images/401-500/noise.webp,images/401-500/noise.jpg,https://word.chuanxi.fun/images/401-500/418-noise.webp,https://word.chuanxi.fun/images/401-500/418-noise.jpg,512,512,21.5,41.0,512x512,21.8
419,library,401-500,images/401-500/library.webp,images/401-500/library.jpg,https://word.chuanxi.fun/images/401-500/419-library.webp,https://word.chuanxi.fun/images/401-500/419-library.jpg,512,512,46.3,80.1,512x512,47.1
420,club,401-500,images/401-500/club.webp,images/401-500/club.jpg,https://word.chuanxi.fun/images/401-500/420-club.webp,https://word.chuanxi.fun/images/401-500/420-club.jpg,512,512,41.7,72.8,512x512,42.1
421,airport,401-500,images/401-500/airport.webp,images/401-500/airport.jpg,https://word.chuanxi.fun/images/401-500/421-airport.webp,https://word.chuanxi.fun/images/401-500/421-airport.jpg,512,512,22.5,45.2,512x512,22.9
422,shoulder,401-500,images/401-500/shoulder.webp,images/401-500/shoulder.jpg,https://word.chuanxi.fun/images/401-500/422-shoulder.webp,https://word.chuanxi.fun/images/401-500/422-shoulder.jpg,512,512,17.6,37.2,512x512,18.2
423,pet,401-500,images/401-500/pet.webp,images/401-500/pet.jpg,https://word.chuanxi.fun/images/401-500/423-pet.webp,https://word.chuanxi.fun/images/401-500/423-pet.jpg,512,512,15.7,30.7,512x512,15.9
424,manure,401-500,images/401-500/manure.webp,images/401-500/manure.jpg,https://word.chuanxi.fun/images/401-500/424-manure.webp,https://word.chuanxi.fun/images/401-500/424-manure.jpg,512,512,24.9,45.1,512x512,25.1
425,rice,401-500,images/401-500/rice.webp,images/401-500/rice.jpg,https://word.chuanxi.fun/images/401-500/425-rice.webp,https://word.chuanxi.fun/images/401-500/425-rice.jpg,512,512,24.5,46.3,512x512,25.1
426,vacation,401-500,images/401-500/vacation.webp,images/401-500/vacation.jpg,https://word.chuanxi.fun/images/401-500/426-vacation.webp,https://word.chuanxi.fun/images/401-500/426-vacation.jpg,512,512,13.6,33.1,512x512,14.3
427,cake,401-500,images/401-500/cake.webp,images/401-500/cake.jpg,https://word.chuanxi.fun/images/401-500/427-cake.webp,https://word.chuanxi.fun/images/401-500/427-cake.jpg,512,512,20.4,40.7,512x512,21.2
428,fan,401-500,images/401-500/fan.webp,images/401-500/fan.jpg,https://word.chuanxi.fun/images/401-500/428-fan.webp,https://word.chuanxi.fun/images/401-500/428-fan.jpg,512,512,14.8,30.0,512x512,15.2
429,bright,401-500,images/401-500/bright.webp,images/401-500/bright.jpg,https://word.chuanxi.fun/images/401-500/429-bright.webp,https://word.chuanxi.fun/images/401-500/429-bright.jpg,512,512,20.3,40.6,512x512,21.2
430,band,401-500,images/401-500/band.webp,images/401-500/band.jpg,https://word.chuanxi.fun/images/401-500/430-band.webp,https://word.chuanxi.fun/images/401-500/430-band.jpg,512,512,33.3,58.8,512x512,33.6
431,wellness,401-500,images/401-500/wellness.webp,images/401-500/wellness.jpg,https://word.chuanxi.fun/images/401-500/431-wellness.webp,https://word.chuanxi.fun/images/401-500/431-wellness.jpg,512,512,16.9,35.7,512x512,17.5
432,church,401-500,images/401-500/church.webp,images/401-500/church.jpg,https://word.chuanxi.fun/images/401-500/432-church.webp,https://word.chuanxi.fun/images/401-500/432-church.jpg,512,512,19.7,39.2,512x512,19.9
433,prince,401-500,images/401-500/prince.webp,images/401-500/prince.jpg,https://word.chuanxi.fun/images/401-500/433-prince.webp,https://word.chuanxi.fun/images/401-500/433-prince.jpg,512,512,17.0,33.1,512x512,17.4
434,knee,401-500,images/401-500/knee.webp,images/401-500/knee.jpg,https://word.chuanxi.fun/images/401-500/434-knee.webp,https://word.chuanxi.fun/images/401-500/434-knee.jpg,512,512,8.9,21.2,512x512,9.5
435,speech,401-500,images/401-500/speech.webp,images/401-500/speech.jpg,https://word.chuanxi.fun/images/401-500/435-speech.webp,https://word.chuanxi.fun/images/401-500/435-speech.jpg,512,512,20.1,41.5,512x512,20.7
436,boat,401-500,images/401-500/boat.webp,images/401-500/boat.jpg,https://word.chuanxi.fun/images/401-500/436-boat.webp,https://word.chuanxi.fun/images/401-500/436-boat.jpg,512,512,21.0,39.6,512x512,21.6
437,lucky,401-500,images/401-500/lucky.webp,images/401-500/lucky.jpg,https://word.chuanxi.fun/images/401-500/437-lucky.webp,https://word.chuanxi.fun/images/401-500/437-lucky.jpg,512,512,17.5,34.2,512x512,17.9
438,football,401-500,images/401-500/football.webp,images/401-500/football.jpg,https://word.chuanxi.fun/images/401-500/438-football.webp,https://word.chuanxi.fun/images/401-500/438-football.jpg,512,512,7.0,19.8,512x512,7.7
439,musician,401-500,images/401-500/musician.webp,images/401-500/musician.jpg,https://word.chuanxi.fun/images/401-500/439-musician.webp,https://word.chuanxi.fun/images/401-500/439-musician.jpg,512,512,18.6,36.6,512x512,19.1
440,character,401-500,images/401-500/character.webp,images/401-500/character.jpg,https://word.chuanxi.fun/images/401-500/440-character.webp,https://word.chuanxi.fun/images/401-500/440-character.jpg,512,512,17.1,37.5,512x512,17.9
441,elder,401-500,images/401-500/elder.webp,images/401-500/elder.jpg,https://word.chuanxi.fun/images/401-500/441-elder.webp,https://word.chuanxi.fun/images/401-500/441-elder.jpg,512,512,31.4,58.3,512x512,32.0
442,island,401-500,images/401-500/island.webp,images/401-500/island.jpg,https://word.chuanxi.fun/images/401-500/442-island.webp,https://word.chuanxi.fun/images/401-500/442-island.jpg,512,512,24.9,45.4,512x512,25.5
443,milk,401-500,images/401-500/milk.webp,images/401-500/milk.jpg,https://word.chuanxi.fun/images/401-500/443-milk.webp,https://word.chuanxi.fun/images/401-500/443-milk.jpg,512,512,13.0,28.4,512x512,13.3
444,tv,401-500,images/401-500/tv.webp,images/401-500/tv.jpg,https://word.chuanxi.fun/images/401-500/444-tv.webp,https://word.chuanxi.fun/images/401-500/444-tv.jpg,512,512,8.1,22.5,512x512,9.2
445,lion,401-500,images/401-500/lion.webp,images/401-500/lion.jpg,https://word.chuanxi.fun/images/401-500/445-lion.webp,https://word.chuanxi.fun/images/401-500/445-lion.jpg,512,512,23.5,44.7,512x512,23.9
446,flag,401-500,images/401-500/flag.webp,images/401-500/flag.jpg,https://word.chuanxi.fun/images/401-500/446-flag.webp,https://word.chuanxi.fun/images/401-500/446-flag.jpg,512,512,16.5,34.4,512x512,16.9
447,selfishness,401-500,images/401-500/selfishness.webp,images/401-500/selfishness.jpg,https://word.chuanxi.fun/images/401-500/447-selfishness.webp,https://word.chuanxi.fun/images/401-500/447-selfishness.jpg,512,512,19.0,35.7,512x512,19.2
448,chicken,401-500,images/401-500/chicken.webp,images/401-500/chicken.jpg,https://word.chuanxi.fun/images/401-500/448-chicken.webp,https://word.chuanxi.fun/images/401-500/448-chicken.jpg,512,512,21.9,43.5,512x512,22.4
449,lesson,401-500,images/401-500/lesson.webp,images/401-500/lesson.jpg,https://word.chuanxi.fun/images/401-500/449-lesson.webp,https://word.chuanxi.fun/images/401-500/449-lesson.jpg,512,512,23.3,47.7,512x512,24.4
450,ice,401-500,images/401-500/ice.webp,images/401-500/ice.jpg,https://word.chuanxi.fun/images/401-500/450-ice.webp,https://word.chuanxi.fun/images/401-500/450-ice.jpg,512,512,27.9,52.4,512x512,29.1
451,site,401-500,images/401-500/site.webp,images/401-500/site.jpg,https://word.chuanxi.fun/images/401-500/451-site.webp,https://word.chuanxi.fun/images/401-500/451-site.jpg,512,512,49.4,78.8,512x512,49.4
452,poem,401-500,images/401-500/poem.webp,images/401-500/poem.jpg,https://word.chuanxi.fun/images/401-500/452-poem.webp,https://word.chuanxi.fun/images/401-500/452-poem.jpg,512,512,18.4,37.3,512x512,18.8
453,grandparent,401-500,images/401-500/grandparent.webp,images/401-500/grandparent.jpg,https://word.chuanxi.fun/images/401-500/453-grandparent.webp,https://word.chuanxi.fun/images/401-500/453-grandparent.jpg,512,512,30.6,56.1,512x512,31.5
454,sale,401-500,images/401-500/sale.webp,images/401-500/sale.jpg,https://word.chuanxi.fun/images/401-500/454-sale.webp,https://word.chuanxi.fun/images/401-500/454-sale.jpg,512,512,24.4,50.2,512x512,24.7
455,restaurant,401-500,images/401-500/restaurant.webp,images/401-500/restaurant.jpg,https://word.chuanxi.fun/images/401-500/455-restaurant.webp,https://word.chuanxi.fun/images/401-500/455-restaurant.jpg,512,512,48.1,79.1,512x512,48.8
456,momentum,401-500,images/401-500/momentum.webp,images/401-500/momentum.jpg,https://word.chuanxi.fun/images/401-500/456-momentum.webp,https://word.chuanxi.fun/images/401-500/456-momentum.jpg,512,512,19.6,41.5,512x512,20.5
457,excellent,401-500,images/401-500/excellent.webp,images/401-500/excellent.jpg,https://word.chuanxi.fun/images/401-500/457-excellent.webp,https://word.chuanxi.fun/images/401-500/457-excellent.jpg,512,512,18.9,40.0,512x512,19.2
458,letter,401-500,images/401-500/letter.webp,images/401-500/letter.jpg,https://word.chuanxi.fun/images/401-500/458-letter.webp,https://word.chuanxi.fun/images/401-500/458-letter.jpg,512,512,12.7,27.0,512x512,13.1
459,dirty,401-500,images/401-500/dirty.webp,images/401-500/dirty.jpg,https://word.chuanxi.fun/images/401-500/459-dirty.webp,https://word.chuanxi.fun/images/401-500/459-dirty.jpg,512,512,10.1,22.9,512x512,10.4
460,bicycle,401-500,images/401-500/bicycle.webp,images/401-500/bicycle.jpg,https://word.chuanxi.fun/images/401-500/460-bicycle.webp,https://word.chuanxi.fun/images/401-500/460-bicycle.jpg,512,512,22.1,43.5,512x512,22.0
461,guest,401-500,images/401-500/guest.webp,images/401-500/guest.jpg,https://word.chuanxi.fun/images/401-500/461-guest.webp,https://word.chuanxi.fun/images/401-500/461-guest.jpg,512,512,38.2,69.3,512x512,38.7
462,legacy,401-500,images/401-500/legacy.webp,images/401-500/legacy.jpg,https://word.chuanxi.fun/images/401-500/462-legacy.webp,https://word.chuanxi.fun/images/401-500/462-legacy.jpg,512,512,53.6,84.1,512x512,54.0
463,openness,401-500,images/401-500/openness.webp,images/401-500/openness.jpg,https://word.chuanxi.fun/images/401-500/463-openness.webp,https://word.chuanxi.fun/images/401-500/463-openness.jpg,512,512,33.5,62.3,512x512,34.4
464,newspaper,401-500,images/401-500/newspaper.webp,images/401-500/newspaper.jpg,https://word.chuanxi.fun/images/401-500/464-newspaper.webp,https://word.chuanxi.fun/images/401-500/464-newspaper.jpg,512,512,19.6,40.1,512x512,19.9
465,survey,401-500,images/401-500/survey.webp,images/401-500/survey.jpg,https://word.chuanxi.fun/images/401-500/465-survey.webp,https://word.chuanxi.fun/images/401-500/465-survey.jpg,512,512,25.7,47.7,512x512,26.1
466,shirt,401-500,images/401-500/shirt.webp,images/401-500/shirt.jpg,https://word.chuanxi.fun/images/401-500/466-shirt.webp,https://word.chuanxi.fun/images/401-500/466-shirt.jpg,512,512,25.2,49.3,512x512,25.5
467,incapable,401-500,images/401-500/incapable.webp,images/401-500/incapable.jpg,https://word.chuanxi.fun/images/401-500/467-incapable.webp,https://word.chuanxi.fun/images/401-500/467-incapable.jpg,512,512,21.0,41.3,512x512,21.2
468,potato,401-500,images/401-500/potato.webp,images/401-500/potato.jpg,https://word.chuanxi.fun/images/401-500/468-potato.webp,https://word.chuanxi.fun/images/401-500/468-potato.jpg,512,512,25.2,46.2,512x512,25.5
469,sight,401-500,images/401-500/sight.webp,images/401-500/sight.jpg,https://word.chuanxi.fun/images/401-500/469-sight.webp,https://word.chuanxi.fun/images/401-500/469-sight.jpg,512,512,27.5,51.9,512x512,27.9
470,plane,401-500,images/401-500/plane.webp,images/401-500/plane.jpg,https://word.chuanxi.fun/images/401-500/470-plane.webp,https://word.chuanxi.fun/images/401-500/470-plane.jpg,512,512,11.9,26.1,512x512,12.3
471,handsome,401-500,images/401-500/handsome.webp,images/401-500/handsome.jpg,https://word.chuanxi.fun/images/401-500/471-handsome.webp,https://word.chuanxi.fun/images/401-500/471-handsome.jpg,512,512,36.3,66.3,512x512,36.9
472,supermarket,401-500,images/401-500/supermarket.webp,images/401-500/supermarket.jpg,https://word.chuanxi.fun/images/401-500/472-supermarket.webp,https://word.chuanxi.fun/images/401-500/472-supermarket.jpg,512,512,44.0,76.0,512x512,44.9
473,theater,401-500,images/401-500/theater.webp,images/401-500/theater.jpg,https://word.chuanxi.fun/images/401-500/473-theater.webp,https://word.chuanxi.fun/images/401-500/473-theater.jpg,512,512,35.2,65.6,512x512,37.1
474,sunny,401-500,images/401-500/sunny.webp,images/401-500/sunny.jpg,https://word.chuanxi.fun/images/401-500/474-sunny.webp,https://word.chuanxi.fun/images/401-500/474-sunny.jpg,512,512,33.3,60.4,512x512,35.9
475,dosa,401-500,images/401-500/dosa.webp,images/401-500/dosa.jpg,https://word.chuanxi.fun/images/401-500/475-dosa.webp,https://word.chuanxi.fun/images/401-500/475-dosa.jpg,512,512,26.5,49.0,512x512,27.1
476,cop,401-500,images/401-500/cop.webp,images/401-500/cop.jpg,https://word.chuanxi.fun/images/401-500/476-cop.webp,https://word.chuanxi.fun/images/401-500/476-cop.jpg,512,512,27.9,52.0,512x512,28.5
477,couch,401-500,images/401-500/couch.webp,images/401-500/couch.jpg,https://word.chuanxi.fun/images/401-500/477-couch.webp,https://word.chuanxi.fun/images/401-500/477-couch.jpg,512,512,20.6,40.5,512x512,21.0
478,ear,401-500,images/401-500/ear.webp,images/401-500/ear.jpg,https://word.chuanxi.fun/images/401-500/478-ear.webp,https://word.chuanxi.fun/images/401-500/478-ear.jpg,512,512,14.0,31.2,512x512,14.8
479,habit,401-500,images/401-500/habit.webp,images/401-500/habit.jpg,https://word.chuanxi.fun/images/401-500/479-habit.webp,https://word.chuanxi.fun/images/401-500/479-habit.jpg,512,512,30.5,57.7,512x512,31.2
480,pool,401-500,images/401-500/pool.webp,images/401-500/pool.jpg,https://word.chuanxi.fun/images/401-500/480-pool.webp,https://word.chuanxi.fun/images/401-500/480-pool.jpg,512,512,50.5,82.7,512x512,50.9
481,bee,401-500,images/401-500/bee.webp,images/401-500/bee.jpg,https://word.chuanxi.fun/images/401-500/481-bee.webp,https://word.chuanxi.fun/images/401-500/481-bee.jpg,512,512,21.1,39.8,512x512,21.8
482,shy,401-500,images/401-500/shy.webp,images/401-500/shy.jpg,https://word.chuanxi.fun/images/401-500/482-shy.webp,https://word.chuanxi.fun/images/401-500/482-shy.jpg,512,512,18.3,40.8,512x512,18.9
483,photo,401-500,images/401-500/photo.webp,images/401-500/photo.jpg,https://word.chuanxi.fun/images/401-500/483-photo.webp,https://word.chuanxi.fun/images/401-500/483-photo.jpg,512,512,21.2,42.9,512x512,21.5
484,corn,401-500,images/401-500/corn.webp,images/401-500/corn.jpg,https://word.chuanxi.fun/images/401-500/484-corn.webp,https://word.chuanxi.fun/images/401-500/484-corn.jpg,512,512,26.5,49.6,512x512,27.1
485,sofa,401-500,images/401-500/sofa.webp,images/401-500/sofa.jpg,https://word.chuanxi.fun/images/401-500/485-sofa.webp,https://word.chuanxi.fun/images/401-500/485-sofa.jpg,512,512,20.6,40.5,512x512,21.0
486,pair,401-500,images/401-500/pair.webp,images/401-500/pair.jpg,https://word.chuanxi.fun/images/401-500/486-pair.webp,https://word.chuanxi.fun/images/401-500/486-pair.jpg,512,512,19.9,40.8,512x512,20.2
487,princess,401-500,images/401-500/princess.webp,images/401-500/princess.jpg,https://word.chuanxi.fun/images/401-500/487-princess.webp,https://word.chuanxi.fun/images/401-500/487-princess.jpg,512,512,18.8,37.3,512x512,19.3
488,notebook,401-500,images/401-500/notebook.webp,images/401-500/notebook.jpg,https://word.chuanxi.fun/images/401-500/488-notebook.webp,https://word.chuanxi.fun/images/401-500/488-notebook.jpg,512,512,18.2,35.2,512x512,18.9
489,dish,401-500,images/401-500/dish.webp,images/401-500/dish.jpg,https://word.chuanxi.fun/images/401-500/489-dish.webp,https://word.chuanxi.fun/images/401-500/489-dish.jpg,512,512,23.4,41.5,512x512,23.8
490,cap,401-500,images/401-500/cap.webp,images/401-500/cap.jpg,https://word.chuanxi.fun/images/401-500/490-cap.webp,https://word.chuanxi.fun/images/401-500/490-cap.jpg,512,512,17.9,35.4,512x512,17.9
491,jacket,401-500,images/401-500/jacket.webp,images/401-500/jacket.jpg,https://word.chuanxi.fun/images/401-500/491-jacket.webp,https://word.chuanxi.fun/images/401-500/491-jacket.jpg,512,512,14.9,28.9,512x512,15.2
492,magazine,401-500,images/401-500/magazine.webp,images/401-500/magazine.jpg,https://word.chuanxi.fun/images/401-500/492-magazine.webp,https://word.chuanxi.fun/images/401-500/492-magazine.jpg,512,512,28.4,52.4,512x512,28.7
493,suggestion,401-500,images/401-500/suggestion.webp,images/401-500/suggestion.jpg,https://word.chuanxi.fun/images/401-500/493-suggestion.webp,https://word.chuanxi.fun/images/401-500/493-suggestion.jpg,512,512,23.8,45.6,512x512,24.2
494,breadth,401-500,images/401-500/breadth.webp,images/401-500/breadth.jpg,https://word.chuanxi.fun/images/401-500/494-breadth.webp,https://word.chuanxi.fun/images/401-500/494-breadth.jpg,512,512,39.4,72.2,512x512,40.1
495,medically,401-500,images/401-500/medically.webp,images/401-500/medically.jpg,https://word.chuanxi.fun/images/401-500/495-medically.webp,https://word.chuanxi.fun/images/401-500/495-medically.jpg,512,512,19.2,38.6,512x512,19.5
496,behind,401-500,images/401-500/behind.webp,images/401-500/behind.jpg,https://word.chuanxi.fun/images/401-500/496-behind.webp,https://word.chuanxi.fun/images/401-500/496-behind.jpg,512,512,16.1,33.0,512x512,16.6
497,strict,401-500,images/401-500/strict.webp,images/401-500/strict.jpg,https://word.chuanxi.fun/images/401-500/497-strict.webp,https://word.chuanxi.fun/images/401-500/497-strict.jpg,512,512,21.6,44.9,512x512,22.2
498,cute,401-500,images/401-500/cute.webp,images/401-500/cute.jpg,https://word.chuanxi.fun/images/401-500/498-cute.webp,https://word.chuanxi.fun/images/401-500/498-cute.jpg,512,512,23.5,44.6,512x512,23.9
499,bodily,401-500,images/401-500/bodily.webp,images/401-500/bodily.jpg,https://word.chuanxi.fun/images/401-500/499-bodily.webp,https://word.chuanxi.fun/images/401-500/499-bodily.jpg,512,512,13.0,26.4,512x512,13.3
500,carrier,401-500,images/401-500/carrier.webp,images/401-500/carrier.jpg,https://word.chuanxi.fun/images/401-500/500-carrier.webp,https://word.chuanxi.fun/images/401-500/500-carrier.jpg,512,512,21.5,43.0,512x512,22.2
501,thick,501-600,images/501-600/thick.webp,images/501-600/thick.jpg,https://word.chuanxi.fun/images/501-600/501-thick.webp,https://word.chuanxi.fun/images/501-600/501-thick.jpg,512,512,23.4,49.1,1254x1254,2137.4
502,oneness,501-600,images/501-600/oneness.webp,images/501-600/oneness.jpg,https://word.chuanxi.fun/images/501-600/502-oneness.webp,https://word.chuanxi.fun/images/501-600/502-oneness.jpg,512,512,16.0,39.5,1254x1254,2011.8
503,ten,501-600,images/501-600/ten.webp,images/501-600/ten.jpg,https://word.chuanxi.fun/images/501-600/503-ten.webp,https://word.chuanxi.fun/images/501-600/503-ten.jpg,512,512,13.5,36.7,1254x1254,1934.9
504,discard,501-600,images/501-600/discard.webp,images/501-600/discard.jpg,https://word.chuanxi.fun/images/501-600/504-discard.webp,https://word.chuanxi.fun/images/501-600/504-discard.jpg,512,512,23.0,44.2,1254x1254,1956.7
505,tennis,501-600,images/501-600/tennis.webp,images/501-600/tennis.jpg,https://word.chuanxi.fun/images/501-600/505-tennis.webp,https://word.chuanxi.fun/images/501-600/505-tennis.jpg,512,512,32.6,63.9,1254x1254,2517.5
506,aunt,501-600,images/501-600/aunt.webp,images/501-600/aunt.jpg,https://word.chuanxi.fun/images/501-600/506-aunt.webp,https://word.chuanxi.fun/images/501-600/506-aunt.jpg,512,512,30.3,60.4,1254x1254,2444.3
507,periodically,501-600,images/501-600/periodically.webp,images/501-600/periodically.jpg,https://word.chuanxi.fun/images/501-600/507-periodically.webp,https://word.chuanxi.fun/images/501-600/507-periodically.jpg,512,512,6.0,24.0,1254x1254,1800.8
508,aging,501-600,images/501-600/aging.webp,images/501-600/aging.jpg,https://word.chuanxi.fun/images/501-600/508-aging.webp,https://word.chuanxi.fun/images/501-600/508-aging.jpg,512,512,20.6,44.5,1254x1254,2099.5
509,code,501-600,images/501-600/code.webp,images/501-600/code.jpg,https://word.chuanxi.fun/images/501-600/509-code.webp,https://word.chuanxi.fun/images/501-600/509-code.jpg,512,512,19.7,47.0,1254x1254,2224.9
510,superman,501-600,images/501-600/superman.webp,images/501-600/superman.jpg,https://word.chuanxi.fun/images/501-600/510-superman.webp,https://word.chuanxi.fun/images/501-600/510-superman.jpg,512,512,15.0,38.5,1254x1254,2113.8
511,math,501-600,images/501-600/math.webp,images/501-600/math.jpg,https://word.chuanxi.fun/images/501-600/511-math.webp,https://word.chuanxi.fun/images/501-600/511-math.jpg,512,512,18.4,43.3,1254x1254,2093.4
512,autumn,501-600,images/501-600/autumn.webp,images/501-600/autumn.jpg,https://word.chuanxi.fun/images/501-600/512-autumn.webp,https://word.chuanxi.fun/images/501-600/512-autumn.jpg,512,512,22.2,49.7,1254x1254,2170.2
513,tea,501-600,images/501-600/tea.webp,images/501-600/tea.jpg,https://word.chuanxi.fun/images/501-600/513-tea.webp,https://word.chuanxi.fun/images/501-600/513-tea.jpg,512,512,17.8,43.2,1254x1254,2109.1
514,egg,501-600,images/501-600/egg.webp,images/501-600/egg.jpg,https://word.chuanxi.fun/images/501-600/514-egg.webp,https://word.chuanxi.fun/images/501-600/514-egg.jpg,512,512,17.9,45.2,1254x1254,2247.8
515,nonstop,501-600,images/501-600/nonstop.webp,images/501-600/nonstop.jpg,https://word.chuanxi.fun/images/501-600/515-nonstop.webp,https://word.chuanxi.fun/images/501-600/515-nonstop.jpg,512,512,10.0,30.3,1254x1254,1951.5
516,unreal,501-600,images/501-600/unreal.webp,images/501-600/unreal.jpg,https://word.chuanxi.fun/images/501-600/516-unreal.webp,https://word.chuanxi.fun/images/501-600/516-unreal.jpg,512,512,19.2,42.7,1254x1254,1887.5
517,greet,501-600,images/501-600/greet.webp,images/501-600/greet.jpg,https://word.chuanxi.fun/images/501-600/517-greet.webp,https://word.chuanxi.fun/images/501-600/517-greet.jpg,512,512,33.2,64.0,1254x1254,2303.5
518,painting,501-600,images/501-600/painting.webp,images/501-600/painting.jpg,https://word.chuanxi.fun/images/501-600/518-painting.webp,https://word.chuanxi.fun/images/501-600/518-painting.jpg,512,512,25.6,53.4,1254x1254,2356.5
519,tube,501-600,images/501-600/tube.webp,images/501-600/tube.jpg,https://word.chuanxi.fun/images/501-600/519-tube.webp,https://word.chuanxi.fun/images/501-600/519-tube.jpg,512,512,13.5,36.4,1254x1254,2008.8
520,cater,501-600,images/501-600/cater.webp,images/501-600/cater.jpg,https://word.chuanxi.fun/images/501-600/520-cater.webp,https://word.chuanxi.fun/images/501-600/520-cater.jpg,512,512,29.4,57.6,1254x1254,2042.7
521,blank,501-600,images/501-600/blank.webp,images/501-600/blank.jpg,https://word.chuanxi.fun/images/501-600/521-blank.webp,https://word.chuanxi.fun/images/501-600/521-blank.jpg,512,512,8.3,28.8,1254x1254,1612.7
522,healthful,501-600,images/501-600/healthful.webp,images/501-600/healthful.jpg,https://word.chuanxi.fun/images/501-600/522-healthful.webp,https://word.chuanxi.fun/images/501-600/522-healthful.jpg,512,512,21.5,43.5,1254x1254,2015.4
523,button,501-600,images/501-600/button.webp,images/501-600/button.jpg,https://word.chuanxi.fun/images/501-600/523-button.webp,https://word.chuanxi.fun/images/501-600/523-button.jpg,512,512,21.2,48.0,1254x1254,2255.0
524,drum,501-600,images/501-600/drum.webp,images/501-600/drum.jpg,https://word.chuanxi.fun/images/501-600/524-drum.webp,https://word.chuanxi.fun/images/501-600/524-drum.jpg,512,512,17.7,42.4,1254x1254,2190.2
525,pen,501-600,images/501-600/pen.webp,images/501-600/pen.jpg,https://word.chuanxi.fun/images/501-600/525-pen.webp,https://word.chuanxi.fun/images/501-600/525-pen.jpg,512,512,11.7,33.9,1254x1254,2084.2
526,parenting,501-600,images/501-600/parenting.webp,images/501-600/parenting.jpg,https://word.chuanxi.fun/images/501-600/526-parenting.webp,https://word.chuanxi.fun/images/501-600/526-parenting.jpg,512,512,30.4,59.2,1254x1254,2061.3
527,poster,501-600,images/501-600/poster.webp,images/501-600/poster.jpg,https://word.chuanxi.fun/images/501-600/527-poster.webp,https://word.chuanxi.fun/images/501-600/527-poster.jpg,512,512,16.7,45.3,1254x1254,2358.6
528,fullness,501-600,images/501-600/fullness.webp,images/501-600/fullness.jpg,https://word.chuanxi.fun/images/501-600/528-fullness.webp,https://word.chuanxi.fun/images/501-600/528-fullness.jpg,512,512,15.9,36.4,1254x1254,1857.4
529,collection,501-600,images/501-600/collection.webp,images/501-600/collection.jpg,https://word.chuanxi.fun/images/501-600/529-collection.webp,https://word.chuanxi.fun/images/501-600/529-collection.jpg,512,512,45.3,78.2,1254x1254,2563.9
530,borrow,501-600,images/501-600/borrow.webp,images/501-600/borrow.jpg,https://word.chuanxi.fun/images/501-600/530-borrow.webp,https://word.chuanxi.fun/images/501-600/530-borrow.jpg,512,512,23.5,52.3,1254x1254,2205.7
531,fanatic,501-600,images/501-600/fanatic.webp,images/501-600/fanatic.jpg,https://word.chuanxi.fun/images/501-600/531-fanatic.webp,https://word.chuanxi.fun/images/501-600/531-fanatic.jpg,512,512,15.6,35.2,1254x1254,1775.4
532,picnic,501-600,images/501-600/picnic.webp,images/501-600/picnic.jpg,https://word.chuanxi.fun/images/501-600/532-picnic.webp,https://word.chuanxi.fun/images/501-600/532-picnic.jpg,512,512,44.5,75.8,1254x1254,2430.3
533,rebirth,501-600,images/501-600/rebirth.webp,images/501-600/rebirth.jpg,https://word.chuanxi.fun/images/501-600/533-rebirth.webp,https://word.chuanxi.fun/images/501-600/533-rebirth.jpg,512,512,22.6,46.5,1254x1254,2085.0
534,dictionary,501-600,images/501-600/dictionary.webp,images/501-600/dictionary.jpg,https://word.chuanxi.fun/images/501-600/534-dictionary.webp,https://word.chuanxi.fun/images/501-600/534-dictionary.jpg,512,512,23.8,48.6,1254x1254,2427.4
535,cup,501-600,images/501-600/cup.webp,images/501-600/cup.jpg,https://word.chuanxi.fun/images/501-600/535-cup.webp,https://word.chuanxi.fun/images/501-600/535-cup.jpg,512,512,14.5,38.6,1254x1254,2129.5
536,english,501-600,images/501-600/english.webp,images/501-600/english.jpg,https://word.chuanxi.fun/images/501-600/536-english.webp,https://word.chuanxi.fun/images/501-600/536-english.jpg,512,512,13.3,34.8,1254x1254,1981.5
537,mean,501-600,images/501-600/mean.webp,images/501-600/mean.jpg,https://word.chuanxi.fun/images/501-600/537-mean.webp,https://word.chuanxi.fun/images/501-600/537-mean.jpg,512,512,11.0,33.4,1254x1254,1938.6
538,human,501-600,images/501-600/human.webp,images/501-600/human.jpg,https://word.chuanxi.fun/images/501-600/538-human.webp,https://word.chuanxi.fun/images/501-600/538-human.jpg,512,512,10.9,33.5,1254x1254,1957.0
539,good,501-600,images/501-600/good.webp,images/501-600/good.jpg,https://word.chuanxi.fun/images/501-600/539-good.webp,https://word.chuanxi.fun/images/501-600/539-good.jpg,512,512,23.3,52.6,1254x1254,1952.4
540,mind,501-600,images/501-600/mind.webp,images/501-600/mind.jpg,https://word.chuanxi.fun/images/501-600/540-mind.webp,https://word.chuanxi.fun/images/501-600/540-mind.jpg,512,512,24.0,53.6,1254x1254,2274.5
541,call,501-600,images/501-600/call.webp,images/501-600/call.jpg,https://word.chuanxi.fun/images/501-600/541-call.webp,https://word.chuanxi.fun/images/501-600/541-call.jpg,512,512,19.1,39.8,1254x1254,1918.5
542,live,501-600,images/501-600/live.webp,images/501-600/live.jpg,https://word.chuanxi.fun/images/501-600/542-live.webp,https://word.chuanxi.fun/images/501-600/542-live.jpg,512,512,36.7,68.5,1254x1254,2311.9
543,talk,501-600,images/501-600/talk.webp,images/501-600/talk.jpg,https://word.chuanxi.fun/images/501-600/543-talk.webp,https://word.chuanxi.fun/images/501-600/543-talk.jpg,512,512,22.8,47.8,1254x1254,1937.2
544,certain,501-600,images/501-600/certain.webp,images/501-600/certain.jpg,https://word.chuanxi.fun/images/501-600/544-certain.webp,https://word.chuanxi.fun/images/501-600/544-certain.jpg,512,512,18.1,43.9,1254x1254,2079.3
545,experience,501-600,images/501-600/experience.webp,images/501-600/experience.jpg,https://word.chuanxi.fun/images/501-600/545-experience.webp,https://word.chuanxi.fun/images/501-600/545-experience.jpg,512,512,47.9,79.6,1254x1254,2747.2
546,try,501-600,images/501-600/try.webp,images/501-600/try.jpg,https://word.chuanxi.fun/images/501-600/546-try.webp,https://word.chuanxi.fun/images/501-600/546-try.jpg,512,512,21.5,46.5,1254x1254,1818.8
547,whole,501-600,images/501-600/whole.webp,images/501-600/whole.jpg,https://word.chuanxi.fun/images/501-600/547-whole.webp,https://word.chuanxi.fun/images/501-600/547-whole.jpg,512,512,33.0,60.2,1254x1254,2286.4
548,understand,501-600,images/501-600/understand.webp,images/501-600/understand.jpg,https://word.chuanxi.fun/images/501-600/548-understand.webp,https://word.chuanxi.fun/images/501-600/548-understand.jpg,512,512,19.7,44.9,1254x1254,2121.7
549,question,501-600,images/501-600/question.webp,images/501-600/question.jpg,https://word.chuanxi.fun/images/501-600/549-question.webp,https://word.chuanxi.fun/images/501-600/549-question.jpg,512,512,10.6,34.5,1254x1254,2126.6
550,feel,501-600,images/501-600/feel.webp,images/501-600/feel.jpg,https://word.chuanxi.fun/images/501-600/550-feel.webp,https://word.chuanxi.fun/images/501-600/550-feel.jpg,512,512,17.7,41.8,1080x1080,1608.2
551,place,501-600,images/501-600/place.webp,images/501-600/place.jpg,https://word.chuanxi.fun/images/501-600/551-place.webp,https://word.chuanxi.fun/images/501-600/551-place.jpg,512,512,25.6,56.5,1254x1254,2407.2
552,create,501-600,images/501-600/create.webp,images/501-600/create.jpg,https://word.chuanxi.fun/images/501-600/552-create.webp,https://word.chuanxi.fun/images/501-600/552-create.jpg,512,512,20.4,44.9,1254x1254,2177.9
553,planet,501-600,images/501-600/planet.webp,images/501-600/planet.jpg,https://word.chuanxi.fun/images/501-600/553-planet.webp,https://word.chuanxi.fun/images/501-600/553-planet.jpg,512,512,18.8,43.4,1254x1254,2188.5
554,back,501-600,images/501-600/back.webp,images/501-600/back.jpg,https://word.chuanxi.fun/images/501-600/554-back.webp,https://word.chuanxi.fun/images/501-600/554-back.jpg,512,512,12.0,33.2,1254x1254,1991.2
555,nature,501-600,images/501-600/nature.webp,images/501-600/nature.jpg,https://word.chuanxi.fun/images/501-600/555-nature.webp,https://word.chuanxi.fun/images/501-600/555-nature.jpg,512,512,71.3,102.0,1254x1254,2932.4
556,physical,501-600,images/501-600/physical.webp,images/501-600/physical.jpg,https://word.chuanxi.fun/images/501-600/556-physical.webp,https://word.chuanxi.fun/images/501-600/556-physical.jpg,512,512,10.6,29.2,1254x1254,1871.1
557,leave,501-600,images/501-600/leave.webp,images/501-600/leave.jpg,https://word.chuanxi.fun/images/501-600/557-leave.webp,https://word.chuanxi.fun/images/501-600/557-leave.jpg,512,512,34.8,66.9,1254x1254,2453.8
558,die,501-600,images/501-600/die.webp,images/501-600/die.jpg,https://word.chuanxi.fun/images/501-600/558-die.webp,https://word.chuanxi.fun/images/501-600/558-die.jpg,512,512,20.7,48.1,1254x1254,2219.2
559,matter,501-600,images/501-600/matter.webp,images/501-600/matter.jpg,https://word.chuanxi.fun/images/501-600/559-matter.webp,https://word.chuanxi.fun/images/501-600/559-matter.jpg,512,512,13.9,41.6,1254x1254,2202.3
560,simply,501-600,images/501-600/simply.webp,images/501-600/simply.jpg,https://word.chuanxi.fun/images/501-600/560-simply.webp,https://word.chuanxi.fun/images/501-600/560-simply.jpg,512,512,7.6,27.9,1254x1254,1832.7
561,system,501-600,images/501-600/system.webp,images/501-600/system.jpg,https://word.chuanxi.fun/images/501-600/561-system.webp,https://word.chuanxi.fun/images/501-600/561-system.jpg,512,512,11.5,31.7,1254x1254,1766.6
562,simple,501-600,images/501-600/simple.webp,images/501-600/simple.jpg,https://word.chuanxi.fun/images/501-600/562-simple.webp,https://word.chuanxi.fun/images/501-600/562-simple.jpg,512,512,33.2,62.7,1254x1254,2417.7
563,point,501-600,images/501-600/point.webp,images/501-600/point.jpg,https://word.chuanxi.fun/images/501-600/563-point.webp,https://word.chuanxi.fun/images/501-600/563-point.jpg,512,512,3.0,20.1,1254x1254,1742.3
564,hand,501-600,images/501-600/hand.webp,images/501-600/hand.jpg,https://word.chuanxi.fun/images/501-600/564-hand.webp,https://word.chuanxi.fun/images/501-600/564-hand.jpg,512,512,12.0,35.8,1254x1254,2087.4
565,space,501-600,images/501-600/space.webp,images/501-600/space.jpg,https://word.chuanxi.fun/images/501-600/565-space.webp,https://word.chuanxi.fun/images/501-600/565-space.jpg,512,512,8.5,36.6,1254x1254,2412.4
566,long,501-600,images/501-600/long.webp,images/501-600/long.jpg,https://word.chuanxi.fun/images/501-600/566-long.webp,https://word.chuanxi.fun/images/501-600/566-long.jpg,512,512,19.4,44.8,1254x1254,2183.3
567,lose,501-600,images/501-600/lose.webp,images/501-600/lose.jpg,https://word.chuanxi.fun/images/501-600/567-lose.webp,https://word.chuanxi.fun/images/501-600/567-lose.jpg,512,512,19.0,39.7,1254x1254,1779.7
568,situation,501-600,images/501-600/situation.webp,images/501-600/situation.jpg,https://word.chuanxi.fun/images/501-600/568-situation.webp,https://word.chuanxi.fun/images/501-600/568-situation.jpg,512,512,60.6,90.7,1254x1254,2924.6
569,head,501-600,images/501-600/head.webp,images/501-600/head.jpg,https://word.chuanxi.fun/images/501-600/569-head.webp,https://word.chuanxi.fun/images/501-600/569-head.jpg,512,512,19.6,47.3,1254x1254,2364.6
570,bit,501-600,images/501-600/bit.webp,images/501-600/bit.jpg,https://word.chuanxi.fun/images/501-600/570-bit.webp,https://word.chuanxi.fun/images/501-600/570-bit.jpg,512,512,21.1,45.5,1254x1254,2175.7
571,intelligence,501-600,images/501-600/intelligence.webp,images/501-600/intelligence.jpg,https://word.chuanxi.fun/images/501-600/571-intelligence.webp,https://word.chuanxi.fun/images/501-600/571-intelligence.jpg,512,512,17.4,42.5,1254x1254,2084.4
572,form,501-600,images/501-600/form.webp,images/501-600/form.jpg,https://word.chuanxi.fun/images/501-600/572-form.webp,https://word.chuanxi.fun/images/501-600/572-form.jpg,512,512,12.7,37.7,1254x1254,2055.7
573,water,501-600,images/501-600/water.webp,images/501-600/water.jpg,https://word.chuanxi.fun/images/501-600/573-water.webp,https://word.chuanxi.fun/images/501-600/573-water.jpg,512,512,12.4,34.5,1254x1254,2026.0
574,country,501-600,images/501-600/country.webp,images/501-600/country.jpg,https://word.chuanxi.fun/images/501-600/574-country.webp,https://word.chuanxi.fun/images/501-600/574-country.jpg,512,512,24.1,53.5,1254x1254,2428.6
575,wrong,501-600,images/501-600/wrong.webp,images/501-600/wrong.jpg,https://word.chuanxi.fun/images/501-600/575-wrong.webp,https://word.chuanxi.fun/images/501-600/575-wrong.jpg,512,512,40.7,69.8,1254x1254,2396.6
576,move,501-600,images/501-600/move.webp,images/501-600/move.jpg,https://word.chuanxi.fun/images/501-600/576-move.webp,https://word.chuanxi.fun/images/501-600/576-move.jpg,512,512,20.2,43.4,1254x1254,1881.5
577,hold,501-600,images/501-600/hold.webp,images/501-600/hold.jpg,https://word.chuanxi.fun/images/501-600/577-hold.webp,https://word.chuanxi.fun/images/501-600/577-hold.jpg,512,512,14.9,38.4,1254x1254,1988.7
578,generation,501-600,images/501-600/generation.webp,images/501-600/generation.jpg,https://word.chuanxi.fun/images/501-600/578-generation.webp,https://word.chuanxi.fun/images/501-600/578-generation.jpg,512,512,24.5,51.9,1254x1254,2310.7
579,break,501-600,images/501-600/break.webp,images/501-600/break.jpg,https://word.chuanxi.fun/images/501-600/579-break.webp,https://word.chuanxi.fun/images/501-600/579-break.jpg,512,512,19.0,41.4,1254x1254,1947.4
580,sleep,501-600,images/501-600/sleep.webp,images/501-600/sleep.jpg,https://word.chuanxi.fun/images/501-600/580-sleep.webp,https://word.chuanxi.fun/images/501-600/580-sleep.jpg,512,512,32.4,63.1,1254x1254,2551.2
581,somewhere,501-600,images/501-600/somewhere.webp,images/501-600/somewhere.jpg,https://word.chuanxi.fun/images/501-600/581-somewhere.webp,https://word.chuanxi.fun/images/501-600/581-somewhere.jpg,512,512,15.7,46.2,1254x1254,2319.8
582,possible,501-600,images/501-600/possible.webp,images/501-600/possible.jpg,https://word.chuanxi.fun/images/501-600/582-possible.webp,https://word.chuanxi.fun/images/501-600/582-possible.jpg,512,512,28.0,58.0,1254x1254,2537.9
583,nation,501-600,images/501-600/nation.webp,images/501-600/nation.jpg,https://word.chuanxi.fun/images/501-600/583-nation.webp,https://word.chuanxi.fun/images/501-600/583-nation.jpg,512,512,24.1,53.5,1254x1254,2428.6
584,care,501-600,images/501-600/care.webp,images/501-600/care.jpg,https://word.chuanxi.fun/images/501-600/584-care.webp,https://word.chuanxi.fun/images/501-600/584-care.jpg,512,512,33.3,65.0,1254x1254,2452.2
585,show,501-600,images/501-600/show.webp,images/501-600/show.jpg,https://word.chuanxi.fun/images/501-600/585-show.webp,https://word.chuanxi.fun/images/501-600/585-show.jpg,512,512,16.7,38.5,1254x1254,1881.8
586,handle,501-600,images/501-600/handle.webp,images/501-600/handle.jpg,https://word.chuanxi.fun/images/501-600/586-handle.webp,https://word.chuanxi.fun/images/501-600/586-handle.jpg,512,512,20.6,44.8,1254x1254,2037.2
587,home,501-600,images/501-600/home.webp,images/501-600/home.jpg,https://word.chuanxi.fun/images/501-600/587-home.webp,https://word.chuanxi.fun/images/501-600/587-home.jpg,512,512,42.0,74.0,1254x1254,2569.5
588,end,501-600,images/501-600/end.webp,images/501-600/end.jpg,https://word.chuanxi.fun/images/501-600/588-end.webp,https://word.chuanxi.fun/images/501-600/588-end.jpg,512,512,3.2,21.0,1254x1254,1758.0
589,society,501-600,images/501-600/society.webp,images/501-600/society.jpg,https://word.chuanxi.fun/images/501-600/589-society.webp,https://word.chuanxi.fun/images/501-600/589-society.jpg,512,512,32.8,64.6,1254x1254,2380.3
590,drive,501-600,images/501-600/drive.webp,images/501-600/drive.jpg,https://word.chuanxi.fun/images/501-600/590-drive.webp,https://word.chuanxi.fun/images/501-600/590-drive.jpg,512,512,36.7,66.3,1254x1254,2318.3
591,attention,501-600,images/501-600/attention.webp,images/501-600/attention.jpg,https://word.chuanxi.fun/images/501-600/591-attention.webp,https://word.chuanxi.fun/images/501-600/591-attention.jpg,512,512,20.0,47.5,1254x1254,2170.3
592,fall,501-600,images/501-600/fall.webp,images/501-600/fall.jpg,https://word.chuanxi.fun/images/501-600/592-fall.webp,https://word.chuanxi.fun/images/501-600/592-fall.jpg,512,512,10.3,31.7,1254x1254,1978.3
593,land,501-600,images/501-600/land.webp,images/501-600/land.jpg,https://word.chuanxi.fun/images/501-600/593-land.webp,https://word.chuanxi.fun/images/501-600/593-land.jpg,512,512,66.8,96.8,1254x1254,2968.6
594,light,501-600,images/501-600/light.webp,images/501-600/light.jpg,https://word.chuanxi.fun/images/501-600/594-light.webp,https://word.chuanxi.fun/images/501-600/594-light.jpg,512,512,25.4,52.7,1254x1254,2135.3
595,step,501-600,images/501-600/step.webp,images/501-600/step.jpg,https://word.chuanxi.fun/images/501-600/595-step.webp,https://word.chuanxi.fun/images/501-600/595-step.jpg,512,512,23.3,51.3,1254x1254,2385.1
596,high,501-600,images/501-600/high.webp,images/501-600/high.jpg,https://word.chuanxi.fun/images/501-600/596-high.webp,https://word.chuanxi.fun/images/501-600/596-high.jpg,512,512,21.8,43.9,1254x1254,1951.5
597,sure,501-600,images/501-600/sure.webp,images/501-600/sure.jpg,https://word.chuanxi.fun/images/501-600/597-sure.webp,https://word.chuanxi.fun/images/501-600/597-sure.jpg,512,512,14.8,34.3,1254x1254,1769.3
598,face,501-600,images/501-600/face.webp,images/501-600/face.jpg,https://word.chuanxi.fun/images/501-600/598-face.webp,https://word.chuanxi.fun/images/501-600/598-face.jpg,512,512,24.7,54.5,1254x1254,2480.8
599,dead,501-600,images/501-600/dead.webp,images/501-600/dead.jpg,https://word.chuanxi.fun/images/501-600/599-dead.webp,https://word.chuanxi.fun/images/501-600/599-dead.jpg,512,512,23.6,50.8,1254x1254,2265.5
600,set,501-600,images/501-600/set.webp,images/501-600/set.jpg,https://word.chuanxi.fun/images/501-600/600-set.webp,https://word.chuanxi.fun/images/501-600/600-set.jpg,512,512,34.3,62.1,1254x1254,2520.6
601,ever,601-700,images/601-700/ever.webp,images/601-700/ever.jpg,https://word.chuanxi.fun/images/601-700/601-ever.webp,https://word.chuanxi.fun/images/601-700/601-ever.jpg,512,512,4.1,17.9,1254x1254,1665.3
602,fantastic,601-700,images/601-700/fantastic.webp,images/601-700/fantastic.jpg,https://word.chuanxi.fun/images/601-700/602-fantastic.webp,https://word.chuanxi.fun/images/601-700/602-fantastic.jpg,512,512,20.2,48.3,1254x1254,2143.0
603,seek,601-700,images/601-700/seek.webp,images/601-700/seek.jpg,https://word.chuanxi.fun/images/601-700/603-seek.webp,https://word.chuanxi.fun/images/601-700/603-seek.jpg,512,512,25.0,50.6,1254x1254,2010.5
604,bear,601-700,images/601-700/bear.webp,images/601-700/bear.jpg,https://word.chuanxi.fun/images/601-700/604-bear.webp,https://word.chuanxi.fun/images/601-700/604-bear.jpg,512,512,38.4,68.0,1254x1254,2537.8
605,choice,601-700,images/601-700/choice.webp,images/601-700/choice.jpg,https://word.chuanxi.fun/images/601-700/605-choice.webp,https://word.chuanxi.fun/images/601-700/605-choice.jpg,512,512,17.2,43.5,1254x1254,2073.9
606,name,601-700,images/601-700/name.webp,images/601-700/name.jpg,https://word.chuanxi.fun/images/601-700/606-name.webp,https://word.chuanxi.fun/images/601-700/606-name.jpg,512,512,14.9,38.3,1254x1254,2032.4
607,death,601-700,images/601-700/death.webp,images/601-700/death.jpg,https://word.chuanxi.fun/images/601-700/607-death.webp,https://word.chuanxi.fun/images/601-700/607-death.jpg,512,512,20.7,48.1,1254x1254,2219.2
608,power,601-700,images/601-700/power.webp,images/601-700/power.jpg,https://word.chuanxi.fun/images/601-700/608-power.webp,https://word.chuanxi.fun/images/601-700/608-power.jpg,512,512,12.1,34.4,1254x1254,2023.4
609,realize,601-700,images/601-700/realize.webp,images/601-700/realize.jpg,https://word.chuanxi.fun/images/601-700/609-realize.webp,https://word.chuanxi.fun/images/601-700/609-realize.jpg,512,512,19.7,44.9,1254x1254,2121.7
610,exist,601-700,images/601-700/exist.webp,images/601-700/exist.jpg,https://word.chuanxi.fun/images/601-700/610-exist.webp,https://word.chuanxi.fun/images/601-700/610-exist.jpg,512,512,8.5,37.3,1254x1254,2445.8
611,stand,601-700,images/601-700/stand.webp,images/601-700/stand.jpg,https://word.chuanxi.fun/images/601-700/611-stand.webp,https://word.chuanxi.fun/images/601-700/611-stand.jpg,512,512,13.3,32.2,1254x1254,1749.1
612,manage,601-700,images/601-700/manage.webp,images/601-700/manage.jpg,https://word.chuanxi.fun/images/601-700/612-manage.webp,https://word.chuanxi.fun/images/601-700/612-manage.jpg,512,512,24.0,50.1,1254x1254,1980.3
613,around,601-700,images/601-700/around.webp,images/601-700/around.jpg,https://word.chuanxi.fun/images/601-700/613-around.webp,https://word.chuanxi.fun/images/601-700/613-around.jpg,512,512,11.6,35.9,1254x1254,1938.2
614,touch,601-700,images/601-700/touch.webp,images/601-700/touch.jpg,https://word.chuanxi.fun/images/601-700/614-touch.webp,https://word.chuanxi.fun/images/601-700/614-touch.jpg,512,512,15.6,43.4,1254x1254,2188.4
615,help,601-700,images/601-700/help.webp,images/601-700/help.jpg,https://word.chuanxi.fun/images/601-700/615-help.webp,https://word.chuanxi.fun/images/601-700/615-help.jpg,512,512,23.4,46.4,1254x1254,1727.8
616,probably,601-700,images/601-700/probably.webp,images/601-700/probably.jpg,https://word.chuanxi.fun/images/601-700/616-probably.webp,https://word.chuanxi.fun/images/601-700/616-probably.jpg,512,512,11.1,34.7,1254x1254,1997.5
617,book,601-700,images/601-700/book.webp,images/601-700/book.jpg,https://word.chuanxi.fun/images/601-700/617-book.webp,https://word.chuanxi.fun/images/601-700/617-book.jpg,512,512,15.1,38.5,1254x1254,2137.3
618,unfortunately,601-700,images/601-700/unfortunately.webp,images/601-700/unfortunately.jpg,https://word.chuanxi.fun/images/601-700/618-unfortunately.webp,https://word.chuanxi.fun/images/601-700/618-unfortunately.jpg,512,512,15.9,38.9,1254x1254,1975.8
619,clear,601-700,images/601-700/clear.webp,images/601-700/clear.jpg,https://word.chuanxi.fun/images/601-700/619-clear.webp,https://word.chuanxi.fun/images/601-700/619-clear.jpg,512,512,12.2,38.5,1254x1254,2161.4
620,stay,601-700,images/601-700/stay.webp,images/601-700/stay.jpg,https://word.chuanxi.fun/images/601-700/620-stay.webp,https://word.chuanxi.fun/images/601-700/620-stay.jpg,512,512,21.0,44.5,1254x1254,1792.9
621,reach,601-700,images/601-700/reach.webp,images/601-700/reach.jpg,https://word.chuanxi.fun/images/601-700/621-reach.webp,https://word.chuanxi.fun/images/601-700/621-reach.jpg,512,512,11.5,27.9,1254x1254,1606.8
622,allow,601-700,images/601-700/allow.webp,images/601-700/allow.jpg,https://word.chuanxi.fun/images/601-700/622-allow.webp,https://word.chuanxi.fun/images/601-700/622-allow.jpg,512,512,30.1,61.1,1254x1254,2522.2
623,fix,601-700,images/601-700/fix.webp,images/601-700/fix.jpg,https://word.chuanxi.fun/images/601-700/623-fix.webp,https://word.chuanxi.fun/images/601-700/623-fix.jpg,512,512,29.4,56.8,1254x1254,2131.7
624,cut,601-700,images/601-700/cut.webp,images/601-700/cut.jpg,https://word.chuanxi.fun/images/601-700/624-cut.webp,https://word.chuanxi.fun/images/601-700/624-cut.jpg,512,512,35.8,67.9,1254x1254,2562.3
625,purpose,601-700,images/601-700/purpose.webp,images/601-700/purpose.jpg,https://word.chuanxi.fun/images/601-700/625-purpose.webp,https://word.chuanxi.fun/images/601-700/625-purpose.jpg,512,512,16.2,38.7,1254x1254,2002.6
626,alive,601-700,images/601-700/alive.webp,images/601-700/alive.jpg,https://word.chuanxi.fun/images/601-700/626-alive.webp,https://word.chuanxi.fun/images/601-700/626-alive.jpg,512,512,23.5,49.0,1254x1254,2214.9
627,control,601-700,images/601-700/control.webp,images/601-700/control.jpg,https://word.chuanxi.fun/images/601-700/627-control.webp,https://word.chuanxi.fun/images/601-700/627-control.jpg,512,512,34.5,66.2,1254x1254,2387.4
628,fight,601-700,images/601-700/fight.webp,images/601-700/fight.jpg,https://word.chuanxi.fun/images/601-700/628-fight.webp,https://word.chuanxi.fun/images/601-700/628-fight.jpg,512,512,26.6,53.4,1254x1254,2276.7
629,free,601-700,images/601-700/free.webp,images/601-700/free.jpg,https://word.chuanxi.fun/images/601-700/629-free.webp,https://word.chuanxi.fun/images/601-700/629-free.jpg,512,512,24.5,52.6,1254x1254,2153.9
630,program,601-700,images/601-700/program.webp,images/601-700/program.jpg,https://word.chuanxi.fun/images/601-700/630-program.webp,https://word.chuanxi.fun/images/601-700/630-program.jpg,512,512,10.8,37.2,1254x1254,1943.9
631,wait,601-700,images/601-700/wait.webp,images/601-700/wait.jpg,https://word.chuanxi.fun/images/601-700/631-wait.webp,https://word.chuanxi.fun/images/601-700/631-wait.jpg,512,512,22.8,44.9,1254x1254,1927.9
632,room,601-700,images/601-700/room.webp,images/601-700/room.jpg,https://word.chuanxi.fun/images/601-700/632-room.webp,https://word.chuanxi.fun/images/601-700/632-room.jpg,512,512,29.8,62.8,1254x1254,2556.7
633,truth,601-700,images/601-700/truth.webp,images/601-700/truth.jpg,https://word.chuanxi.fun/images/601-700/633-truth.webp,https://word.chuanxi.fun/images/601-700/633-truth.jpg,512,512,21.4,49.1,1254x1254,2243.5
634,throw,601-700,images/601-700/throw.webp,images/601-700/throw.jpg,https://word.chuanxi.fun/images/601-700/634-throw.webp,https://word.chuanxi.fun/images/601-700/634-throw.jpg,512,512,24.4,45.1,1254x1254,1845.5
635,population,601-700,images/601-700/population.webp,images/601-700/population.jpg,https://word.chuanxi.fun/images/601-700/635-population.webp,https://word.chuanxi.fun/images/601-700/635-population.jpg,512,512,35.4,69.1,1254x1254,2116.4
636,indian,601-700,images/601-700/indian.webp,images/601-700/indian.jpg,https://word.chuanxi.fun/images/601-700/636-indian.webp,https://word.chuanxi.fun/images/601-700/636-indian.jpg,512,512,31.2,61.5,1254x1254,2468.3
637,company,601-700,images/601-700/company.webp,images/601-700/company.jpg,https://word.chuanxi.fun/images/601-700/637-company.webp,https://word.chuanxi.fun/images/601-700/637-company.jpg,512,512,35.6,67.3,1254x1254,2560.3
638,pleasant,601-700,images/601-700/pleasant.webp,images/601-700/pleasant.jpg,https://word.chuanxi.fun/images/601-700/638-pleasant.webp,https://word.chuanxi.fun/images/601-700/638-pleasant.jpg,512,512,32.3,65.0,1254x1254,2394.6
639,travel,601-700,images/601-700/travel.webp,images/601-700/travel.jpg,https://word.chuanxi.fun/images/601-700/639-travel.webp,https://word.chuanxi.fun/images/601-700/639-travel.jpg,512,512,27.8,55.1,1254x1254,2077.0
640,function,601-700,images/601-700/function.webp,images/601-700/function.jpg,https://word.chuanxi.fun/images/601-700/640-function.webp,https://word.chuanxi.fun/images/601-700/640-function.jpg,512,512,20.8,48.5,1254x1254,2173.7
641,act,601-700,images/601-700/act.webp,images/601-700/act.jpg,https://word.chuanxi.fun/images/601-700/641-act.webp,https://word.chuanxi.fun/images/601-700/641-act.jpg,512,512,26.4,51.5,1254x1254,2106.8
642,dream,601-700,images/601-700/dream.webp,images/601-700/dream.jpg,https://word.chuanxi.fun/images/601-700/642-dream.webp,https://word.chuanxi.fun/images/601-700/642-dream.jpg,512,512,33.1,62.1,1254x1254,2298.6
643,gather,601-700,images/601-700/gather.webp,images/601-700/gather.jpg,https://word.chuanxi.fun/images/601-700/643-gather.webp,https://word.chuanxi.fun/images/601-700/643-gather.jpg,512,512,36.1,66.6,1254x1254,2169.5
644,anywhere,601-700,images/601-700/anywhere.webp,images/601-700/anywhere.jpg,https://word.chuanxi.fun/images/601-700/644-anywhere.webp,https://word.chuanxi.fun/images/601-700/644-anywhere.jpg,512,512,27.5,55.3,1254x1254,2044.3
645,necessary,601-700,images/601-700/necessary.webp,images/601-700/necessary.jpg,https://word.chuanxi.fun/images/601-700/645-necessary.webp,https://word.chuanxi.fun/images/601-700/645-necessary.jpg,512,512,29.8,58.3,1254x1254,2408.1
646,decide,601-700,images/601-700/decide.webp,images/601-700/decide.jpg,https://word.chuanxi.fun/images/601-700/646-decide.webp,https://word.chuanxi.fun/images/601-700/646-decide.jpg,512,512,37.9,65.6,1254x1254,2362.8
647,education,601-700,images/601-700/education.webp,images/601-700/education.jpg,https://word.chuanxi.fun/images/601-700/647-education.webp,https://word.chuanxi.fun/images/601-700/647-education.jpg,512,512,31.5,55.7,1254x1254,2185.9
648,seem,601-700,images/601-700/seem.webp,images/601-700/seem.jpg,https://word.chuanxi.fun/images/601-700/648-seem.webp,https://word.chuanxi.fun/images/601-700/648-seem.jpg,512,512,19.4,44.9,1254x1254,2030.7
649,explore,601-700,images/601-700/explore.webp,images/601-700/explore.jpg,https://word.chuanxi.fun/images/601-700/649-explore.webp,https://word.chuanxi.fun/images/601-700/649-explore.jpg,512,512,54.7,88.5,1254x1254,2701.9
650,early,601-700,images/601-700/early.webp,images/601-700/early.jpg,https://word.chuanxi.fun/images/601-700/650-early.webp,https://word.chuanxi.fun/images/601-700/650-early.jpg,512,512,38.2,66.2,1254x1254,2226.4
651,quality,601-700,images/601-700/quality.webp,images/601-700/quality.jpg,https://word.chuanxi.fun/images/601-700/651-quality.webp,https://word.chuanxi.fun/images/601-700/651-quality.jpg,512,512,27.1,54.1,1254x1254,2140.4
652,pass,601-700,images/601-700/pass.webp,images/601-700/pass.jpg,https://word.chuanxi.fun/images/601-700/652-pass.webp,https://word.chuanxi.fun/images/601-700/652-pass.jpg,512,512,25.6,53.0,1254x1254,2194.8
653,earth,601-700,images/601-700/earth.webp,images/601-700/earth.jpg,https://word.chuanxi.fun/images/601-700/653-earth.webp,https://word.chuanxi.fun/images/601-700/653-earth.jpg,512,512,35.0,61.8,1254x1254,2142.3
654,source,601-700,images/601-700/source.webp,images/601-700/source.jpg,https://word.chuanxi.fun/images/601-700/654-source.webp,https://word.chuanxi.fun/images/601-700/654-source.jpg,512,512,62.1,92.2,1254x1254,2828.1
655,especially,601-700,images/601-700/especially.webp,images/601-700/especially.jpg,https://word.chuanxi.fun/images/601-700/655-especially.webp,https://word.chuanxi.fun/images/601-700/655-especially.jpg,512,512,7.9,27.4,1254x1254,1642.0
656,fact,601-700,images/601-700/fact.webp,images/601-700/fact.jpg,https://word.chuanxi.fun/images/601-700/656-fact.webp,https://word.chuanxi.fun/images/601-700/656-fact.jpg,512,512,35.1,60.4,1254x1254,2331.2
657,hit,601-700,images/601-700/hit.webp,images/601-700/hit.jpg,https://word.chuanxi.fun/images/601-700/657-hit.webp,https://word.chuanxi.fun/images/601-700/657-hit.jpg,512,512,18.1,39.0,1254x1254,1896.1
658,cry,601-700,images/601-700/cry.webp,images/601-700/cry.jpg,https://word.chuanxi.fun/images/601-700/658-cry.webp,https://word.chuanxi.fun/images/601-700/658-cry.jpg,512,512,16.4,35.6,1254x1254,1794.0
659,center,601-700,images/601-700/center.webp,images/601-700/center.jpg,https://word.chuanxi.fun/images/601-700/659-center.webp,https://word.chuanxi.fun/images/601-700/659-center.jpg,512,512,16.7,42.0,1254x1254,1766.9
660,slowly,601-700,images/601-700/slowly.webp,images/601-700/slowly.jpg,https://word.chuanxi.fun/images/601-700/660-slowly.webp,https://word.chuanxi.fun/images/601-700/660-slowly.jpg,512,512,13.1,32.5,1254x1254,1936.4
661,depend,601-700,images/601-700/depend.webp,images/601-700/depend.jpg,https://word.chuanxi.fun/images/601-700/661-depend.webp,https://word.chuanxi.fun/images/601-700/661-depend.jpg,512,512,36.2,62.8,1254x1254,2271.5
662,future,601-700,images/601-700/future.webp,images/601-700/future.jpg,https://word.chuanxi.fun/images/601-700/662-future.webp,https://word.chuanxi.fun/images/601-700/662-future.jpg,512,512,43.2,69.9,1254x1254,2380.8
663,impact,601-700,images/601-700/impact.webp,images/601-700/impact.jpg,https://word.chuanxi.fun/images/601-700/663-impact.webp,https://word.chuanxi.fun/images/601-700/663-impact.jpg,512,512,30.1,59.4,1254x1254,2206.9
664,plant,601-700,images/601-700/plant.webp,images/601-700/plant.jpg,https://word.chuanxi.fun/images/601-700/664-plant.webp,https://word.chuanxi.fun/images/601-700/664-plant.jpg,512,512,32.8,58.2,1254x1254,2213.9
665,share,601-700,images/601-700/share.webp,images/601-700/share.jpg,https://word.chuanxi.fun/images/601-700/665-share.webp,https://word.chuanxi.fun/images/601-700/665-share.jpg,512,512,23.4,47.8,1254x1254,1982.9
666,direction,601-700,images/601-700/direction.webp,images/601-700/direction.jpg,https://word.chuanxi.fun/images/601-700/666-direction.webp,https://word.chuanxi.fun/images/601-700/666-direction.jpg,512,512,18.5,41.7,1254x1254,1975.0
667,drop,601-700,images/601-700/drop.webp,images/601-700/drop.jpg,https://word.chuanxi.fun/images/601-700/667-drop.webp,https://word.chuanxi.fun/images/601-700/667-drop.jpg,512,512,13.5,30.4,1254x1254,1759.5
668,creature,601-700,images/601-700/creature.webp,images/601-700/creature.jpg,https://word.chuanxi.fun/images/601-700/668-creature.webp,https://word.chuanxi.fun/images/601-700/668-creature.jpg,512,512,26.3,50.7,1254x1254,2063.3
669,cross,601-700,images/601-700/cross.webp,images/601-700/cross.jpg,https://word.chuanxi.fun/images/601-700/669-cross.webp,https://word.chuanxi.fun/images/601-700/669-cross.jpg,512,512,30.8,60.5,1254x1254,2357.9
670,structure,601-700,images/601-700/structure.webp,images/601-700/structure.jpg,https://word.chuanxi.fun/images/601-700/670-structure.webp,https://word.chuanxi.fun/images/601-700/670-structure.jpg,512,512,16.9,39.7,1254x1254,1826.1
671,study,601-700,images/601-700/study.webp,images/601-700/study.jpg,https://word.chuanxi.fun/images/601-700/671-study.webp,https://word.chuanxi.fun/images/601-700/671-study.jpg,512,512,26.6,52.4,1254x1254,2152.0
672,journey,601-700,images/601-700/journey.webp,images/601-700/journey.jpg,https://word.chuanxi.fun/images/601-700/672-journey.webp,https://word.chuanxi.fun/images/601-700/672-journey.jpg,512,512,45.7,75.5,1254x1254,2542.3
673,focus,601-700,images/601-700/focus.webp,images/601-700/focus.jpg,https://word.chuanxi.fun/images/601-700/673-focus.webp,https://word.chuanxi.fun/images/601-700/673-focus.jpg,512,512,19.1,42.4,1254x1254,1924.0
674,single,601-700,images/601-700/single.webp,images/601-700/single.jpg,https://word.chuanxi.fun/images/601-700/674-single.webp,https://word.chuanxi.fun/images/601-700/674-single.jpg,512,512,11.6,31.3,1254x1254,1563.1
675,refer,601-700,images/601-700/refer.webp,images/601-700/refer.jpg,https://word.chuanxi.fun/images/601-700/675-refer.webp,https://word.chuanxi.fun/images/601-700/675-refer.jpg,512,512,12.1,31.0,1254x1254,1611.6
676,pull,601-700,images/601-700/pull.webp,images/601-700/pull.jpg,https://word.chuanxi.fun/images/601-700/676-pull.webp,https://word.chuanxi.fun/images/601-700/676-pull.jpg,512,512,18.4,40.1,1254x1254,1911.6
677,law,601-700,images/601-700/law.webp,images/601-700/law.jpg,https://word.chuanxi.fun/images/601-700/677-law.webp,https://word.chuanxi.fun/images/601-700/677-law.jpg,512,512,22.8,44.7,1254x1254,1907.3
678,joy,601-700,images/601-700/joy.webp,images/601-700/joy.jpg,https://word.chuanxi.fun/images/601-700/678-joy.webp,https://word.chuanxi.fun/images/601-700/678-joy.jpg,512,512,15.1,34.0,1254x1254,1799.5
679,pick,601-700,images/601-700/pick.webp,images/601-700/pick.jpg,https://word.chuanxi.fun/images/601-700/679-pick.webp,https://word.chuanxi.fun/images/601-700/679-pick.jpg,512,512,19.2,40.9,1254x1254,1886.8
680,push,601-700,images/601-700/push.webp,images/601-700/push.jpg,https://word.chuanxi.fun/images/601-700/680-push.webp,https://word.chuanxi.fun/images/601-700/680-push.jpg,512,512,29.6,55.9,1254x1254,2200.9
681,knowledge,601-700,images/601-700/knowledge.webp,images/601-700/knowledge.jpg,https://word.chuanxi.fun/images/601-700/681-knowledge.webp,https://word.chuanxi.fun/images/601-700/681-knowledge.jpg,512,512,21.0,41.9,1254x1254,1967.6
682,support,601-700,images/601-700/support.webp,images/601-700/support.jpg,https://word.chuanxi.fun/images/601-700/682-support.webp,https://word.chuanxi.fun/images/601-700/682-support.jpg,512,512,20.4,41.9,1254x1254,1835.3
683,tear,601-700,images/601-700/tear.webp,images/601-700/tear.jpg,https://word.chuanxi.fun/images/601-700/683-tear.webp,https://word.chuanxi.fun/images/601-700/683-tear.jpg,512,512,12.0,31.4,1254x1254,1755.3
684,top,601-700,images/601-700/top.webp,images/601-700/top.jpg,https://word.chuanxi.fun/images/601-700/684-top.webp,https://word.chuanxi.fun/images/601-700/684-top.jpg,512,512,28.9,55.9,1254x1254,2282.6
685,opportunity,601-700,images/601-700/opportunity.webp,images/601-700/opportunity.jpg,https://word.chuanxi.fun/images/601-700/685-opportunity.webp,https://word.chuanxi.fun/images/601-700/685-opportunity.jpg,512,512,20.6,47.2,1254x1254,2248.6
686,burn,601-700,images/601-700/burn.webp,images/601-700/burn.jpg,https://word.chuanxi.fun/images/601-700/686-burn.webp,https://word.chuanxi.fun/images/601-700/686-burn.jpg,512,512,9.7,27.4,1254x1254,1782.1
687,remain,601-700,images/601-700/remain.webp,images/601-700/remain.jpg,https://word.chuanxi.fun/images/601-700/687-remain.webp,https://word.chuanxi.fun/images/601-700/687-remain.jpg,512,512,18.9,46.7,1254x1254,2190.3
688,type,601-700,images/601-700/type.webp,images/601-700/type.jpg,https://word.chuanxi.fun/images/601-700/688-type.webp,https://word.chuanxi.fun/images/601-700/688-type.jpg,512,512,18.2,41.8,1254x1254,1924.8
689,truly,601-700,images/601-700/truly.webp,images/601-700/truly.jpg,https://word.chuanxi.fun/images/601-700/689-truly.webp,https://word.chuanxi.fun/images/601-700/689-truly.jpg,512,512,13.8,33.3,1254x1254,1764.6
690,rule,601-700,images/601-700/rule.webp,images/601-700/rule.jpg,https://word.chuanxi.fun/images/601-700/690-rule.webp,https://word.chuanxi.fun/images/601-700/690-rule.jpg,512,512,24.4,51.2,1254x1254,2042.9
691,powerful,601-700,images/601-700/powerful.webp,images/601-700/powerful.jpg,https://word.chuanxi.fun/images/601-700/691-powerful.webp,https://word.chuanxi.fun/images/601-700/691-powerful.jpg,512,512,35.3,61.6,1254x1254,2279.5
692,line,601-700,images/601-700/line.webp,images/601-700/line.jpg,https://word.chuanxi.fun/images/601-700/692-line.webp,https://word.chuanxi.fun/images/601-700/692-line.jpg,512,512,2.1,14.9,1254x1254,1622.1
693,government,601-700,images/601-700/government.webp,images/601-700/government.jpg,https://word.chuanxi.fun/images/601-700/693-government.webp,https://word.chuanxi.fun/images/601-700/693-government.jpg,512,512,29.2,58.4,1254x1254,2074.3
694,half,601-700,images/601-700/half.webp,images/601-700/half.jpg,https://word.chuanxi.fun/images/601-700/694-half.webp,https://word.chuanxi.fun/images/601-700/694-half.jpg,512,512,15.4,37.0,1254x1254,1722.8
695,front,601-700,images/601-700/front.webp,images/601-700/front.jpg,https://word.chuanxi.fun/images/601-700/695-front.webp,https://word.chuanxi.fun/images/601-700/695-front.jpg,512,512,28.2,53.2,1254x1254,1887.0
696,natural,601-700,images/601-700/natural.webp,images/601-700/natural.jpg,https://word.chuanxi.fun/images/601-700/696-natural.webp,https://word.chuanxi.fun/images/601-700/696-natural.jpg,512,512,71.4,101.4,1254x1254,2975.4
697,normal,601-700,images/601-700/normal.webp,images/601-700/normal.jpg,https://word.chuanxi.fun/images/601-700/697-normal.webp,https://word.chuanxi.fun/images/601-700/697-normal.jpg,512,512,7.9,22.8,1254x1254,1418.5
698,freedom,601-700,images/601-700/freedom.webp,images/601-700/freedom.jpg,https://word.chuanxi.fun/images/601-700/698-freedom.webp,https://word.chuanxi.fun/images/601-700/698-freedom.jpg,512,512,14.6,40.5,1254x1254,2042.3
699,path,601-700,images/601-700/path.webp,images/601-700/path.jpg,https://word.chuanxi.fun/images/601-700/699-path.webp,https://word.chuanxi.fun/images/601-700/699-path.jpg,512,512,53.3,82.8,1254x1254,2621.1
700,destroy,601-700,images/601-700/destroy.webp,images/601-700/destroy.jpg,https://word.chuanxi.fun/images/601-700/700-destroy.webp,https://word.chuanxi.fun/images/601-700/700-destroy.jpg,512,512,24.5,53.5,1254x1254,2116.9
701,village,701-800,images/701-800/village.webp,images/701-800/village.jpg,https://word.chuanxi.fun/images/701-800/701-village.webp,https://word.chuanxi.fun/images/701-800/701-village.jpg,512,512,67.0,97.6,1254x1254,2871.6
702,effort,701-800,images/701-800/effort.webp,images/701-800/effort.jpg,https://word.chuanxi.fun/images/701-800/702-effort.webp,https://word.chuanxi.fun/images/701-800/702-effort.jpg,512,512,35.4,64.9,1254x1254,2441.4
703,plan,701-800,images/701-800/plan.webp,images/701-800/plan.jpg,https://word.chuanxi.fun/images/701-800/703-plan.webp,https://word.chuanxi.fun/images/701-800/703-plan.jpg,512,512,13.9,37.1,1254x1254,2066.2
704,ability,701-800,images/701-800/ability.webp,images/701-800/ability.jpg,https://word.chuanxi.fun/images/701-800/704-ability.webp,https://word.chuanxi.fun/images/701-800/704-ability.jpg,512,512,23.2,49.9,1254x1254,2229.0
705,significant,701-800,images/701-800/significant.webp,images/701-800/significant.jpg,https://word.chuanxi.fun/images/701-800/705-significant.webp,https://word.chuanxi.fun/images/701-800/705-significant.jpg,512,512,12.9,38.4,1254x1254,2078.6
706,instead,701-800,images/701-800/instead.webp,images/701-800/instead.jpg,https://word.chuanxi.fun/images/701-800/706-instead.webp,https://word.chuanxi.fun/images/701-800/706-instead.jpg,512,512,37.9,68.5,1254x1254,2470.8
707,inner,701-800,images/701-800/inner.webp,images/701-800/inner.jpg,https://word.chuanxi.fun/images/701-800/707-inner.webp,https://word.chuanxi.fun/images/701-800/707-inner.jpg,512,512,14.8,39.6,1254x1254,2122.6
708,raise,701-800,images/701-800/raise.webp,images/701-800/raise.jpg,https://word.chuanxi.fun/images/701-800/708-raise.webp,https://word.chuanxi.fun/images/701-800/708-raise.jpg,512,512,46.8,80.6,1254x1254,2715.1
709,wake,701-800,images/701-800/wake.webp,images/701-800/wake.jpg,https://word.chuanxi.fun/images/701-800/709-wake.webp,https://word.chuanxi.fun/images/701-800/709-wake.jpg,512,512,45.8,77.9,1254x1254,2680.3
710,joyful,701-800,images/701-800/joyful.webp,images/701-800/joyful.jpg,https://word.chuanxi.fun/images/701-800/710-joyful.webp,https://word.chuanxi.fun/images/701-800/710-joyful.jpg,512,512,15.1,34.0,1254x1254,1799.5
711,fool,701-800,images/701-800/fool.webp,images/701-800/fool.jpg,https://word.chuanxi.fun/images/701-800/711-fool.webp,https://word.chuanxi.fun/images/701-800/711-fool.jpg,512,512,17.0,37.6,1254x1254,1863.2
712,past,701-800,images/701-800/past.webp,images/701-800/past.jpg,https://word.chuanxi.fun/images/701-800/712-past.webp,https://word.chuanxi.fun/images/701-800/712-past.jpg,512,512,6.3,25.9,1254x1254,1795.6
713,crazy,701-800,images/701-800/crazy.webp,images/701-800/crazy.jpg,https://word.chuanxi.fun/images/701-800/713-crazy.webp,https://word.chuanxi.fun/images/701-800/713-crazy.jpg,512,512,29.3,58.5,1254x1254,2232.9
714,send,701-800,images/701-800/send.webp,images/701-800/send.jpg,https://word.chuanxi.fun/images/701-800/714-send.webp,https://word.chuanxi.fun/images/701-800/714-send.jpg,512,512,9.4,30.0,1254x1254,1878.4
715,modern,701-800,images/701-800/modern.webp,images/701-800/modern.jpg,https://word.chuanxi.fun/images/701-800/715-modern.webp,https://word.chuanxi.fun/images/701-800/715-modern.jpg,512,512,51.2,84.9,1254x1254,2520.1
716,produce,701-800,images/701-800/produce.webp,images/701-800/produce.jpg,https://word.chuanxi.fun/images/701-800/716-produce.webp,https://word.chuanxi.fun/images/701-800/716-produce.jpg,512,512,28.7,56.7,1254x1254,2107.0
717,deal,701-800,images/701-800/deal.webp,images/701-800/deal.jpg,https://word.chuanxi.fun/images/701-800/717-deal.webp,https://word.chuanxi.fun/images/701-800/717-deal.jpg,512,512,21.9,43.6,1254x1254,1924.1
718,solution,701-800,images/701-800/solution.webp,images/701-800/solution.jpg,https://word.chuanxi.fun/images/701-800/718-solution.webp,https://word.chuanxi.fun/images/701-800/718-solution.jpg,512,512,28.1,54.1,1254x1254,2166.2
719,material,701-800,images/701-800/material.webp,images/701-800/material.jpg,https://word.chuanxi.fun/images/701-800/719-material.webp,https://word.chuanxi.fun/images/701-800/719-material.jpg,512,512,15.3,37.2,1254x1254,1847.8
720,chemical,701-800,images/701-800/chemical.webp,images/701-800/chemical.jpg,https://word.chuanxi.fun/images/701-800/720-chemical.webp,https://word.chuanxi.fun/images/701-800/720-chemical.jpg,512,512,17.1,43.2,1254x1254,2203.9
721,road,701-800,images/701-800/road.webp,images/701-800/road.jpg,https://word.chuanxi.fun/images/701-800/721-road.webp,https://word.chuanxi.fun/images/701-800/721-road.jpg,512,512,42.4,72.1,1254x1254,2568.4
722,personality,701-800,images/701-800/personality.webp,images/701-800/personality.jpg,https://word.chuanxi.fun/images/701-800/722-personality.webp,https://word.chuanxi.fun/images/701-800/722-personality.jpg,512,512,26.2,56.8,1254x1254,2277.6
723,longing,701-800,images/701-800/longing.webp,images/701-800/longing.jpg,https://word.chuanxi.fun/images/701-800/723-longing.webp,https://word.chuanxi.fun/images/701-800/723-longing.jpg,512,512,39.2,72.8,1254x1254,2561.1
724,fire,701-800,images/701-800/fire.webp,images/701-800/fire.jpg,https://word.chuanxi.fun/images/701-800/724-fire.webp,https://word.chuanxi.fun/images/701-800/724-fire.jpg,512,512,24.8,50.7,1254x1254,2147.4
725,air,701-800,images/701-800/air.webp,images/701-800/air.jpg,https://word.chuanxi.fun/images/701-800/725-air.webp,https://word.chuanxi.fun/images/701-800/725-air.jpg,512,512,24.1,52.8,1254x1254,2064.5
726,mention,701-800,images/701-800/mention.webp,images/701-800/mention.jpg,https://word.chuanxi.fun/images/701-800/726-mention.webp,https://word.chuanxi.fun/images/701-800/726-mention.jpg,512,512,27.5,51.7,1254x1254,1400.0
727,wish,701-800,images/701-800/wish.webp,images/701-800/wish.jpg,https://word.chuanxi.fun/images/701-800/727-wish.webp,https://word.chuanxi.fun/images/701-800/727-wish.jpg,512,512,44.3,75.6,1254x1254,2718.4
728,enter,701-800,images/701-800/enter.webp,images/701-800/enter.jpg,https://word.chuanxi.fun/images/701-800/728-enter.webp,https://word.chuanxi.fun/images/701-800/728-enter.jpg,512,512,44.1,78.1,1254x1254,2704.3
729,physically,701-800,images/701-800/physically.webp,images/701-800/physically.jpg,https://word.chuanxi.fun/images/701-800/729-physically.webp,https://word.chuanxi.fun/images/701-800/729-physically.jpg,512,512,16.8,41.5,1254x1254,2017.1
730,million,701-800,images/701-800/million.webp,images/701-800/million.jpg,https://word.chuanxi.fun/images/701-800/730-million.webp,https://word.chuanxi.fun/images/701-800/730-million.jpg,512,512,86.7,120.2,1254x1254,2708.8
731,appreciate,701-800,images/701-800/appreciate.webp,images/701-800/appreciate.jpg,https://word.chuanxi.fun/images/701-800/731-appreciate.webp,https://word.chuanxi.fun/images/701-800/731-appreciate.jpg,512,512,26.1,52.6,1254x1254,2123.8
732,intensity,701-800,images/701-800/intensity.webp,images/701-800/intensity.jpg,https://word.chuanxi.fun/images/701-800/732-intensity.webp,https://word.chuanxi.fun/images/701-800/732-intensity.jpg,512,512,22.3,47.1,1254x1254,1928.6
733,notice,701-800,images/701-800/notice.webp,images/701-800/notice.jpg,https://word.chuanxi.fun/images/701-800/733-notice.webp,https://word.chuanxi.fun/images/701-800/733-notice.jpg,512,512,18.3,40.4,1254x1254,1896.4
734,alone,701-800,images/701-800/alone.webp,images/701-800/alone.jpg,https://word.chuanxi.fun/images/701-800/734-alone.webp,https://word.chuanxi.fun/images/701-800/734-alone.jpg,512,512,42.4,74.6,1254x1254,2534.1
735,joke,701-800,images/701-800/joke.webp,images/701-800/joke.jpg,https://word.chuanxi.fun/images/701-800/735-joke.webp,https://word.chuanxi.fun/images/701-800/735-joke.jpg,512,512,36.5,68.0,1254x1254,2307.0
736,hope,701-800,images/701-800/hope.webp,images/701-800/hope.jpg,https://word.chuanxi.fun/images/701-800/736-hope.webp,https://word.chuanxi.fun/images/701-800/736-hope.jpg,512,512,24.0,49.7,1254x1254,2291.7
737,group,701-800,images/701-800/group.webp,images/701-800/group.jpg,https://word.chuanxi.fun/images/701-800/737-group.webp,https://word.chuanxi.fun/images/701-800/737-group.jpg,512,512,14.3,39.8,1254x1254,1864.5
738,opinion,701-800,images/701-800/opinion.webp,images/701-800/opinion.jpg,https://word.chuanxi.fun/images/701-800/738-opinion.webp,https://word.chuanxi.fun/images/701-800/738-opinion.jpg,512,512,31.0,57.5,1254x1254,1410.6
739,success,701-800,images/701-800/success.webp,images/701-800/success.jpg,https://word.chuanxi.fun/images/701-800/739-success.webp,https://word.chuanxi.fun/images/701-800/739-success.jpg,512,512,29.5,57.7,1254x1254,2293.5
740,count,701-800,images/701-800/count.webp,images/701-800/count.jpg,https://word.chuanxi.fun/images/701-800/740-count.webp,https://word.chuanxi.fun/images/701-800/740-count.jpg,512,512,25.1,52.4,1254x1254,2195.3
741,devotee,701-800,images/701-800/devotee.webp,images/701-800/devotee.jpg,https://word.chuanxi.fun/images/701-800/741-devotee.webp,https://word.chuanxi.fun/images/701-800/741-devotee.jpg,512,512,17.4,42.0,1254x1254,1995.5
742,wonder,701-800,images/701-800/wonder.webp,images/701-800/wonder.jpg,https://word.chuanxi.fun/images/701-800/742-wonder.webp,https://word.chuanxi.fun/images/701-800/742-wonder.jpg,512,512,38.5,68.1,1254x1254,2582.3
743,shape,701-800,images/701-800/shape.webp,images/701-800/shape.jpg,https://word.chuanxi.fun/images/701-800/743-shape.webp,https://word.chuanxi.fun/images/701-800/743-shape.jpg,512,512,22.0,51.8,1254x1254,2386.0
744,basic,701-800,images/701-800/basic.webp,images/701-800/basic.jpg,https://word.chuanxi.fun/images/701-800/744-basic.webp,https://word.chuanxi.fun/images/701-800/744-basic.jpg,512,512,25.0,51.7,1254x1254,2130.9
745,figure,701-800,images/701-800/figure.webp,images/701-800/figure.jpg,https://word.chuanxi.fun/images/701-800/745-figure.webp,https://word.chuanxi.fun/images/701-800/745-figure.jpg,512,512,16.4,35.0,1254x1254,1835.1
746,correct,701-800,images/701-800/correct.webp,images/701-800/correct.jpg,https://word.chuanxi.fun/images/701-800/746-correct.webp,https://word.chuanxi.fun/images/701-800/746-correct.jpg,512,512,26.3,54.6,1254x1254,1952.5
747,base,701-800,images/701-800/base.webp,images/701-800/base.jpg,https://word.chuanxi.fun/images/701-800/747-base.webp,https://word.chuanxi.fun/images/701-800/747-base.jpg,512,512,24.5,50.7,1254x1254,2137.9
748,anymore,701-800,images/701-800/anymore.webp,images/701-800/anymore.jpg,https://word.chuanxi.fun/images/701-800/748-anymore.webp,https://word.chuanxi.fun/images/701-800/748-anymore.jpg,512,512,15.4,42.4,1254x1254,2110.3
749,expression,701-800,images/701-800/expression.webp,images/701-800/expression.jpg,https://word.chuanxi.fun/images/701-800/749-expression.webp,https://word.chuanxi.fun/images/701-800/749-expression.jpg,512,512,23.8,51.7,1254x1254,2054.1
750,view,701-800,images/701-800/view.webp,images/701-800/view.jpg,https://word.chuanxi.fun/images/701-800/750-view.webp,https://word.chuanxi.fun/images/701-800/750-view.jpg,512,512,43.0,76.5,1254x1254,2563.5
751,forward,701-800,images/701-800/forward.webp,images/701-800/forward.jpg,https://word.chuanxi.fun/images/701-800/751-forward.webp,https://word.chuanxi.fun/images/701-800/751-forward.jpg,512,512,40.5,70.0,1254x1254,2523.5
752,exactly,701-800,images/701-800/exactly.webp,images/701-800/exactly.jpg,https://word.chuanxi.fun/images/701-800/752-exactly.webp,https://word.chuanxi.fun/images/701-800/752-exactly.jpg,512,512,24.5,52.5,1254x1254,2172.3
753,condition,701-800,images/701-800/condition.webp,images/701-800/condition.jpg,https://word.chuanxi.fun/images/701-800/753-condition.webp,https://word.chuanxi.fun/images/701-800/753-condition.jpg,512,512,17.2,31.2,1254x1254,773.4
754,clearly,701-800,images/701-800/clearly.webp,images/701-800/clearly.jpg,https://word.chuanxi.fun/images/701-800/754-clearly.webp,https://word.chuanxi.fun/images/701-800/754-clearly.jpg,512,512,12.2,38.5,1254x1254,2161.4
755,dangerous,701-800,images/701-800/dangerous.webp,images/701-800/dangerous.jpg,https://word.chuanxi.fun/images/701-800/755-dangerous.webp,https://word.chuanxi.fun/images/701-800/755-dangerous.jpg,512,512,46.6,77.2,1254x1254,2597.5
756,shoot,701-800,images/701-800/shoot.webp,images/701-800/shoot.jpg,https://word.chuanxi.fun/images/701-800/756-shoot.webp,https://word.chuanxi.fun/images/701-800/756-shoot.jpg,512,512,32.9,62.1,1254x1254,2350.1
757,consider,701-800,images/701-800/consider.webp,images/701-800/consider.jpg,https://word.chuanxi.fun/images/701-800/757-consider.webp,https://word.chuanxi.fun/images/701-800/757-consider.jpg,512,512,21.1,45.2,1254x1254,2051.0
758,tradition,701-800,images/701-800/tradition.webp,images/701-800/tradition.jpg,https://word.chuanxi.fun/images/701-800/758-tradition.webp,https://word.chuanxi.fun/images/701-800/758-tradition.jpg,512,512,23.9,52.9,1254x1254,2221.9
759,draw,701-800,images/701-800/draw.webp,images/701-800/draw.jpg,https://word.chuanxi.fun/images/701-800/759-draw.webp,https://word.chuanxi.fun/images/701-800/759-draw.jpg,512,512,23.0,46.9,1254x1254,2100.8
760,grace,701-800,images/701-800/grace.webp,images/701-800/grace.jpg,https://word.chuanxi.fun/images/701-800/760-grace.webp,https://word.chuanxi.fun/images/701-800/760-grace.jpg,512,512,23.7,53.2,1254x1254,2158.4
761,follow,701-800,images/701-800/follow.webp,images/701-800/follow.jpg,https://word.chuanxi.fun/images/701-800/761-follow.webp,https://word.chuanxi.fun/images/701-800/761-follow.jpg,512,512,33.4,62.8,1254x1254,2297.6
762,root,701-800,images/701-800/root.webp,images/701-800/root.jpg,https://word.chuanxi.fun/images/701-800/762-root.webp,https://word.chuanxi.fun/images/701-800/762-root.jpg,512,512,44.6,75.8,1254x1254,2641.0
763,intelligent,701-800,images/701-800/intelligent.webp,images/701-800/intelligent.jpg,https://word.chuanxi.fun/images/701-800/763-intelligent.webp,https://word.chuanxi.fun/images/701-800/763-intelligent.jpg,512,512,17.4,42.5,1254x1254,2084.4
764,instrument,701-800,images/701-800/instrument.webp,images/701-800/instrument.jpg,https://word.chuanxi.fun/images/701-800/764-instrument.webp,https://word.chuanxi.fun/images/701-800/764-instrument.jpg,512,512,20.8,45.3,1254x1254,2048.4
765,mirror,701-800,images/701-800/mirror.webp,images/701-800/mirror.jpg,https://word.chuanxi.fun/images/701-800/765-mirror.webp,https://word.chuanxi.fun/images/701-800/765-mirror.jpg,512,512,31.8,61.2,1254x1254,2289.6
766,offer,701-800,images/701-800/offer.webp,images/701-800/offer.jpg,https://word.chuanxi.fun/images/701-800/766-offer.webp,https://word.chuanxi.fun/images/701-800/766-offer.jpg,512,512,27.4,53.5,1254x1254,2144.7
767,star,701-800,images/701-800/star.webp,images/701-800/star.jpg,https://word.chuanxi.fun/images/701-800/767-star.webp,https://word.chuanxi.fun/images/701-800/767-star.jpg,512,512,35.9,67.4,1254x1254,2790.5
768,laugh,701-800,images/701-800/laugh.webp,images/701-800/laugh.jpg,https://word.chuanxi.fun/images/701-800/768-laugh.webp,https://word.chuanxi.fun/images/701-800/768-laugh.jpg,512,512,17.1,40.4,1254x1254,1891.7
769,dislike,701-800,images/701-800/dislike.webp,images/701-800/dislike.jpg,https://word.chuanxi.fun/images/701-800/769-dislike.webp,https://word.chuanxi.fun/images/701-800/769-dislike.jpg,512,512,28.9,56.5,1254x1254,2232.4
770,belong,701-800,images/701-800/belong.webp,images/701-800/belong.jpg,https://word.chuanxi.fun/images/701-800/770-belong.webp,https://word.chuanxi.fun/images/701-800/770-belong.jpg,512,512,33.1,65.8,1254x1254,2520.0
771,pretty,701-800,images/701-800/pretty.webp,images/701-800/pretty.jpg,https://word.chuanxi.fun/images/701-800/771-pretty.webp,https://word.chuanxi.fun/images/701-800/771-pretty.jpg,512,512,35.2,66.1,1254x1254,2351.6
772,organize,701-800,images/701-800/organize.webp,images/701-800/organize.jpg,https://word.chuanxi.fun/images/701-800/772-organize.webp,https://word.chuanxi.fun/images/701-800/772-organize.jpg,512,512,26.9,53.7,1254x1254,2151.2
773,market,701-800,images/701-800/market.webp,images/701-800/market.jpg,https://word.chuanxi.fun/images/701-800/773-market.webp,https://word.chuanxi.fun/images/701-800/773-market.jpg,512,512,75.7,107.4,1254x1254,2927.2
774,trouble,701-800,images/701-800/trouble.webp,images/701-800/trouble.jpg,https://word.chuanxi.fun/images/701-800/774-trouble.webp,https://word.chuanxi.fun/images/701-800/774-trouble.jpg,512,512,24.0,46.7,1254x1254,2002.3
775,develop,701-800,images/701-800/develop.webp,images/701-800/develop.jpg,https://word.chuanxi.fun/images/701-800/775-develop.webp,https://word.chuanxi.fun/images/701-800/775-develop.jpg,512,512,23.1,47.1,1254x1254,2029.5
776,medical,701-800,images/701-800/medical.webp,images/701-800/medical.jpg,https://word.chuanxi.fun/images/701-800/776-medical.webp,https://word.chuanxi.fun/images/701-800/776-medical.jpg,512,512,21.9,40.0,1254x1254,1162.8
777,safe,701-800,images/701-800/safe.webp,images/701-800/safe.jpg,https://word.chuanxi.fun/images/701-800/777-safe.webp,https://word.chuanxi.fun/images/701-800/777-safe.jpg,512,512,26.5,57.6,1254x1254,2275.1
778,lie,701-800,images/701-800/lie.webp,images/701-800/lie.jpg,https://word.chuanxi.fun/images/701-800/778-lie.webp,https://word.chuanxi.fun/images/701-800/778-lie.jpg,512,512,25.0,50.6,1254x1254,2143.8
779,easily,701-800,images/701-800/easily.webp,images/701-800/easily.jpg,https://word.chuanxi.fun/images/701-800/779-easily.webp,https://word.chuanxi.fun/images/701-800/779-easily.jpg,512,512,49.4,78.5,1254x1254,2674.7
780,worry,701-800,images/701-800/worry.webp,images/701-800/worry.jpg,https://word.chuanxi.fun/images/701-800/780-worry.webp,https://word.chuanxi.fun/images/701-800/780-worry.jpg,512,512,18.9,40.1,1254x1254,1964.2
781,dig,701-800,images/701-800/dig.webp,images/701-800/dig.jpg,https://word.chuanxi.fun/images/701-800/781-dig.webp,https://word.chuanxi.fun/images/701-800/781-dig.jpg,512,512,23.5,49.5,1254x1254,2109.2
782,pleasantness,701-800,images/701-800/pleasantness.webp,images/701-800/pleasantness.jpg,https://word.chuanxi.fun/images/701-800/782-pleasantness.webp,https://word.chuanxi.fun/images/701-800/782-pleasantness.jpg,512,512,34.7,63.1,1254x1254,2307.2
783,forest,701-800,images/701-800/forest.webp,images/701-800/forest.jpg,https://word.chuanxi.fun/images/701-800/783-forest.webp,https://word.chuanxi.fun/images/701-800/783-forest.jpg,512,512,87.3,114.5,1254x1254,3138.2
784,marry,701-800,images/701-800/marry.webp,images/701-800/marry.jpg,https://word.chuanxi.fun/images/701-800/784-marry.webp,https://word.chuanxi.fun/images/701-800/784-marry.jpg,512,512,27.5,53.6,1254x1254,2147.3
785,continue,701-800,images/701-800/continue.webp,images/701-800/continue.jpg,https://word.chuanxi.fun/images/701-800/785-continue.webp,https://word.chuanxi.fun/images/701-800/785-continue.jpg,512,512,3.7,21.3,1254x1254,1554.1
786,include,701-800,images/701-800/include.webp,images/701-800/include.jpg,https://word.chuanxi.fun/images/701-800/786-include.webp,https://word.chuanxi.fun/images/701-800/786-include.jpg,512,512,14.2,30.5,1254x1254,1054.9
787,fully,701-800,images/701-800/fully.webp,images/701-800/fully.jpg,https://word.chuanxi.fun/images/701-800/787-fully.webp,https://word.chuanxi.fun/images/701-800/787-fully.jpg,512,512,15.9,41.1,1254x1254,2150.0
788,serve,701-800,images/701-800/serve.webp,images/701-800/serve.jpg,https://word.chuanxi.fun/images/701-800/788-serve.webp,https://word.chuanxi.fun/images/701-800/788-serve.jpg,512,512,15.6,35.1,1254x1254,1780.3
789,claim,701-800,images/701-800/claim.webp,images/701-800/claim.jpg,https://word.chuanxi.fun/images/701-800/789-claim.webp,https://word.chuanxi.fun/images/701-800/789-claim.jpg,512,512,17.0,41.8,1254x1254,1916.5
790,establish,701-800,images/701-800/establish.webp,images/701-800/establish.jpg,https://word.chuanxi.fun/images/701-800/790-establish.webp,https://word.chuanxi.fun/images/701-800/790-establish.jpg,512,512,32.2,62.0,1254x1254,2302.1
791,jump,701-800,images/701-800/jump.webp,images/701-800/jump.jpg,https://word.chuanxi.fun/images/701-800/791-jump.webp,https://word.chuanxi.fun/images/701-800/791-jump.jpg,512,512,17.1,37.8,1254x1254,1862.2
792,deeply,701-800,images/701-800/deeply.webp,images/701-800/deeply.jpg,https://word.chuanxi.fun/images/701-800/792-deeply.webp,https://word.chuanxi.fun/images/701-800/792-deeply.jpg,512,512,27.8,59.1,1254x1254,2565.7
793,earn,701-800,images/701-800/earn.webp,images/701-800/earn.jpg,https://word.chuanxi.fun/images/701-800/793-earn.webp,https://word.chuanxi.fun/images/701-800/793-earn.jpg,512,512,16.5,36.3,1254x1254,1800.3
794,university,701-800,images/701-800/university.webp,images/701-800/university.jpg,https://word.chuanxi.fun/images/701-800/794-university.webp,https://word.chuanxi.fun/images/701-800/794-university.jpg,512,512,47.3,83.4,1254x1254,2652.6
795,thousand,701-800,images/701-800/thousand.webp,images/701-800/thousand.jpg,https://word.chuanxi.fun/images/701-800/795-thousand.webp,https://word.chuanxi.fun/images/701-800/795-thousand.jpg,512,512,32.3,61.1,1254x1254,2357.3
796,address,701-800,images/701-800/address.webp,images/701-800/address.jpg,https://word.chuanxi.fun/images/701-800/796-address.webp,https://word.chuanxi.fun/images/701-800/796-address.jpg,512,512,21.2,48.5,1254x1254,2190.9
797,mistake,701-800,images/701-800/mistake.webp,images/701-800/mistake.jpg,https://word.chuanxi.fun/images/701-800/797-mistake.webp,https://word.chuanxi.fun/images/701-800/797-mistake.jpg,512,512,32.7,62.2,1254x1254,2262.8
798,transaction,701-800,images/701-800/transaction.webp,images/701-800/transaction.jpg,https://word.chuanxi.fun/images/701-800/798-transaction.webp,https://word.chuanxi.fun/images/701-800/798-transaction.jpg,512,512,40.5,72.3,1254x1254,2655.4
799,context,701-800,images/701-800/context.webp,images/701-800/context.jpg,https://word.chuanxi.fun/images/701-800/799-context.webp,https://word.chuanxi.fun/images/701-800/799-context.jpg,512,512,72.5,104.6,1254x1254,2882.2
800,check,701-800,images/701-800/check.webp,images/701-800/check.jpg,https://word.chuanxi.fun/images/701-800/800-check.webp,https://word.chuanxi.fun/images/701-800/800-check.jpg,512,512,19.6,43.7,1254x1254,1992.5
801,area,801-900,images/801-900/area.webp,images/801-900/area.jpg,https://word.chuanxi.fun/images/801-900/801-area.webp,https://word.chuanxi.fun/images/801-900/801-area.jpg,512,512,20.5,48.4,1254x1254,2071.0
802,scale,801-900,images/801-900/scale.webp,images/801-900/scale.jpg,https://word.chuanxi.fun/images/801-900/802-scale.webp,https://word.chuanxi.fun/images/801-900/802-scale.jpg,512,512,21.4,47.3,1254x1254,2108.5
803,century,801-900,images/801-900/century.webp,images/801-900/century.jpg,https://word.chuanxi.fun/images/801-900/803-century.webp,https://word.chuanxi.fun/images/801-900/803-century.jpg,512,512,10.8,39.6,1254x1254,1694.7
804,appear,801-900,images/801-900/appear.webp,images/801-900/appear.jpg,https://word.chuanxi.fun/images/801-900/804-appear.webp,https://word.chuanxi.fun/images/801-900/804-appear.jpg,512,512,11.1,32.4,1254x1254,1849.9
805,increase,801-900,images/801-900/increase.webp,images/801-900/increase.jpg,https://word.chuanxi.fun/images/801-900/805-increase.webp,https://word.chuanxi.fun/images/801-900/805-increase.jpg,512,512,20.2,44.7,1254x1254,2091.7
806,useful,801-900,images/801-900/useful.webp,images/801-900/useful.jpg,https://word.chuanxi.fun/images/801-900/806-useful.webp,https://word.chuanxi.fun/images/801-900/806-useful.jpg,512,512,22.8,49.0,1254x1254,2100.8
807,temperature,801-900,images/801-900/temperature.webp,images/801-900/temperature.jpg,https://word.chuanxi.fun/images/801-900/807-temperature.webp,https://word.chuanxi.fun/images/801-900/807-temperature.jpg,512,512,19.9,42.7,1254x1254,1331.7
808,either,801-900,images/801-900/either.webp,images/801-900/either.jpg,https://word.chuanxi.fun/images/801-900/808-either.webp,https://word.chuanxi.fun/images/801-900/808-either.jpg,512,512,36.6,65.5,1254x1254,2261.3
809,consequence,801-900,images/801-900/consequence.webp,images/801-900/consequence.jpg,https://word.chuanxi.fun/images/801-900/809-consequence.webp,https://word.chuanxi.fun/images/801-900/809-consequence.jpg,512,512,16.6,42.0,1254x1254,1864.0
810,feed,801-900,images/801-900/feed.webp,images/801-900/feed.jpg,https://word.chuanxi.fun/images/801-900/810-feed.webp,https://word.chuanxi.fun/images/801-900/810-feed.jpg,512,512,22.8,47.8,1254x1254,2023.2
811,hurt,801-900,images/801-900/hurt.webp,images/801-900/hurt.jpg,https://word.chuanxi.fun/images/801-900/811-hurt.webp,https://word.chuanxi.fun/images/801-900/811-hurt.jpg,512,512,26.1,54.0,1254x1254,2186.7
812,imagination,801-900,images/801-900/imagination.webp,images/801-900/imagination.jpg,https://word.chuanxi.fun/images/801-900/812-imagination.webp,https://word.chuanxi.fun/images/801-900/812-imagination.jpg,512,512,36.6,68.1,1254x1254,2425.2
813,complete,801-900,images/801-900/complete.webp,images/801-900/complete.jpg,https://word.chuanxi.fun/images/801-900/813-complete.webp,https://word.chuanxi.fun/images/801-900/813-complete.jpg,512,512,35.2,66.4,1254x1254,2432.8
814,express,801-900,images/801-900/express.webp,images/801-900/express.jpg,https://word.chuanxi.fun/images/801-900/814-express.webp,https://word.chuanxi.fun/images/801-900/814-express.jpg,512,512,20.0,39.4,1254x1254,995.3
815,nearly,801-900,images/801-900/nearly.webp,images/801-900/nearly.jpg,https://word.chuanxi.fun/images/801-900/815-nearly.webp,https://word.chuanxi.fun/images/801-900/815-nearly.jpg,512,512,8.9,27.9,1254x1254,1735.0
816,interesting,801-900,images/801-900/interesting.webp,images/801-900/interesting.jpg,https://word.chuanxi.fun/images/801-900/816-interesting.webp,https://word.chuanxi.fun/images/801-900/816-interesting.jpg,512,512,28.4,53.0,1254x1254,2118.7
817,win,801-900,images/801-900/win.webp,images/801-900/win.jpg,https://word.chuanxi.fun/images/801-900/817-win.webp,https://word.chuanxi.fun/images/801-900/817-win.jpg,512,512,28.8,57.0,1254x1254,2171.1
818,political,801-900,images/801-900/political.webp,images/801-900/political.jpg,https://word.chuanxi.fun/images/801-900/818-political.webp,https://word.chuanxi.fun/images/801-900/818-political.jpg,512,512,32.8,68.3,1254x1254,2478.8
819,search,801-900,images/801-900/search.webp,images/801-900/search.jpg,https://word.chuanxi.fun/images/801-900/819-search.webp,https://word.chuanxi.fun/images/801-900/819-search.jpg,512,512,33.3,62.6,1254x1254,2377.6
820,crime,801-900,images/801-900/crime.webp,images/801-900/crime.jpg,https://word.chuanxi.fun/images/801-900/820-crime.webp,https://word.chuanxi.fun/images/801-900/820-crime.jpg,512,512,47.5,82.2,1254x1254,2699.3
821,low,801-900,images/801-900/low.webp,images/801-900/low.jpg,https://word.chuanxi.fun/images/801-900/821-low.webp,https://word.chuanxi.fun/images/801-900/821-low.jpg,512,512,32.1,57.7,1254x1254,2217.0
822,expect,801-900,images/801-900/expect.webp,images/801-900/expect.jpg,https://word.chuanxi.fun/images/801-900/822-expect.webp,https://word.chuanxi.fun/images/801-900/822-expect.jpg,512,512,53.7,84.0,1254x1254,2811.6
823,local,801-900,images/801-900/local.webp,images/801-900/local.jpg,https://word.chuanxi.fun/images/801-900/823-local.webp,https://word.chuanxi.fun/images/801-900/823-local.jpg,512,512,59.4,94.8,1254x1254,2737.5
824,calendar,801-900,images/801-900/calendar.webp,images/801-900/calendar.jpg,https://word.chuanxi.fun/images/801-900/824-calendar.webp,https://word.chuanxi.fun/images/801-900/824-calendar.jpg,512,512,25.2,56.0,1254x1254,1988.3
825,bother,801-900,images/801-900/bother.webp,images/801-900/bother.jpg,https://word.chuanxi.fun/images/801-900/825-bother.webp,https://word.chuanxi.fun/images/801-900/825-bother.jpg,512,512,32.7,64.1,1254x1254,2324.7
826,forever,801-900,images/801-900/forever.webp,images/801-900/forever.jpg,https://word.chuanxi.fun/images/801-900/826-forever.webp,https://word.chuanxi.fun/images/801-900/826-forever.jpg,512,512,20.1,39.6,1254x1254,1696.7
827,explain,801-900,images/801-900/explain.webp,images/801-900/explain.jpg,https://word.chuanxi.fun/images/801-900/827-explain.webp,https://word.chuanxi.fun/images/801-900/827-explain.jpg,512,512,30.2,60.4,1254x1254,2281.8
828,design,801-900,images/801-900/design.webp,images/801-900/design.jpg,https://word.chuanxi.fun/images/801-900/828-design.webp,https://word.chuanxi.fun/images/801-900/828-design.jpg,512,512,35.0,65.3,1254x1254,2464.5
829,climb,801-900,images/801-900/climb.webp,images/801-900/climb.jpg,https://word.chuanxi.fun/images/801-900/829-climb.webp,https://word.chuanxi.fun/images/801-900/829-climb.jpg,512,512,47.9,80.8,1254x1254,2689.9
830,straight,801-900,images/801-900/straight.webp,images/801-900/straight.jpg,https://word.chuanxi.fun/images/801-900/830-straight.webp,https://word.chuanxi.fun/images/801-900/830-straight.jpg,512,512,9.8,34.9,1254x1254,1863.8
831,train,801-900,images/801-900/train.webp,images/801-900/train.jpg,https://word.chuanxi.fun/images/801-900/831-train.webp,https://word.chuanxi.fun/images/801-900/831-train.jpg,512,512,41.4,73.1,1254x1254,2426.2
832,seeker,801-900,images/801-900/seeker.webp,images/801-900/seeker.jpg,https://word.chuanxi.fun/images/801-900/832-seeker.webp,https://word.chuanxi.fun/images/801-900/832-seeker.jpg,512,512,54.3,87.3,1254x1254,2802.2
833,picture,801-900,images/801-900/picture.webp,images/801-900/picture.jpg,https://word.chuanxi.fun/images/801-900/833-picture.webp,https://word.chuanxi.fun/images/801-900/833-picture.jpg,512,512,36.9,67.1,1254x1254,2447.7
834,smell,801-900,images/801-900/smell.webp,images/801-900/smell.jpg,https://word.chuanxi.fun/images/801-900/834-smell.webp,https://word.chuanxi.fun/images/801-900/834-smell.jpg,512,512,14.4,33.3,1254x1254,1831.1
835,wise,801-900,images/801-900/wise.webp,images/801-900/wise.jpg,https://word.chuanxi.fun/images/801-900/835-wise.webp,https://word.chuanxi.fun/images/801-900/835-wise.jpg,512,512,24.1,52.0,1254x1254,2260.4
836,compare,801-900,images/801-900/compare.webp,images/801-900/compare.jpg,https://word.chuanxi.fun/images/801-900/836-compare.webp,https://word.chuanxi.fun/images/801-900/836-compare.jpg,512,512,21.4,47.1,1254x1254,2115.2
837,prepare,801-900,images/801-900/prepare.webp,images/801-900/prepare.jpg,https://word.chuanxi.fun/images/801-900/837-prepare.webp,https://word.chuanxi.fun/images/801-900/837-prepare.jpg,512,512,25.4,49.1,1254x1254,2081.4
838,beauty,801-900,images/801-900/beauty.webp,images/801-900/beauty.jpg,https://word.chuanxi.fun/images/801-900/838-beauty.webp,https://word.chuanxi.fun/images/801-900/838-beauty.jpg,512,512,57.8,89.9,1254x1254,2737.4
839,scientific,801-900,images/801-900/scientific.webp,images/801-900/scientific.jpg,https://word.chuanxi.fun/images/801-900/839-scientific.webp,https://word.chuanxi.fun/images/801-900/839-scientific.jpg,512,512,39.6,72.6,1254x1254,2491.2
840,daily,801-900,images/801-900/daily.webp,images/801-900/daily.jpg,https://word.chuanxi.fun/images/801-900/840-daily.webp,https://word.chuanxi.fun/images/801-900/840-daily.jpg,512,512,25.5,53.4,1254x1254,2287.8
841,common,801-900,images/801-900/common.webp,images/801-900/common.jpg,https://word.chuanxi.fun/images/801-900/841-common.webp,https://word.chuanxi.fun/images/801-900/841-common.jpg,512,512,19.9,45.8,1254x1254,2088.5
842,kid,801-900,images/801-900/kid.webp,images/801-900/kid.jpg,https://word.chuanxi.fun/images/801-900/842-kid.webp,https://word.chuanxi.fun/images/801-900/842-kid.jpg,512,512,24.3,52.2,1254x1254,2289.1
843,kilometer,801-900,images/801-900/kilometer.webp,images/801-900/kilometer.jpg,https://word.chuanxi.fun/images/801-900/843-kilometer.webp,https://word.chuanxi.fun/images/801-900/843-kilometer.jpg,512,512,61.3,92.4,1254x1254,2883.6
844,popular,801-900,images/801-900/popular.webp,images/801-900/popular.jpg,https://word.chuanxi.fun/images/801-900/844-popular.webp,https://word.chuanxi.fun/images/801-900/844-popular.jpg,512,512,53.0,91.0,1254x1254,2616.1
845,south,801-900,images/801-900/south.webp,images/801-900/south.jpg,https://word.chuanxi.fun/images/801-900/845-south.webp,https://word.chuanxi.fun/images/801-900/845-south.jpg,512,512,28.1,57.2,1254x1254,2243.2
846,avoid,801-900,images/801-900/avoid.webp,images/801-900/avoid.jpg,https://word.chuanxi.fun/images/801-900/846-avoid.webp,https://word.chuanxi.fun/images/801-900/846-avoid.jpg,512,512,26.4,53.5,1254x1254,2194.9
847,trip,801-900,images/801-900/trip.webp,images/801-900/trip.jpg,https://word.chuanxi.fun/images/801-900/847-trip.webp,https://word.chuanxi.fun/images/801-900/847-trip.jpg,512,512,43.3,78.7,1254x1254,2658.3
848,peaceful,801-900,images/801-900/peaceful.webp,images/801-900/peaceful.jpg,https://word.chuanxi.fun/images/801-900/848-peaceful.webp,https://word.chuanxi.fun/images/801-900/848-peaceful.jpg,512,512,58.1,90.6,1254x1254,2776.3
849,mode,801-900,images/801-900/mode.webp,images/801-900/mode.jpg,https://word.chuanxi.fun/images/801-900/849-mode.webp,https://word.chuanxi.fun/images/801-900/849-mode.jpg,512,512,59.3,91.6,1254x1254,2805.1
850,chance,801-900,images/801-900/chance.webp,images/801-900/chance.jpg,https://word.chuanxi.fun/images/801-900/850-chance.webp,https://word.chuanxi.fun/images/801-900/850-chance.jpg,512,512,25.8,52.9,1254x1254,2073.0
851,differently,801-900,images/801-900/differently.webp,images/801-900/differently.jpg,https://word.chuanxi.fun/images/801-900/851-differently.webp,https://word.chuanxi.fun/images/801-900/851-differently.jpg,512,512,44.7,76.4,1254x1254,2532.4
852,mechanism,801-900,images/801-900/mechanism.webp,images/801-900/mechanism.jpg,https://word.chuanxi.fun/images/801-900/852-mechanism.webp,https://word.chuanxi.fun/images/801-900/852-mechanism.jpg,512,512,18.5,44.6,1254x1254,1919.2
853,unpleasant,801-900,images/801-900/unpleasant.webp,images/801-900/unpleasant.jpg,https://word.chuanxi.fun/images/801-900/853-unpleasant.webp,https://word.chuanxi.fun/images/801-900/853-unpleasant.jpg,512,512,27.7,54.6,1254x1254,2192.1
854,wisdom,801-900,images/801-900/wisdom.webp,images/801-900/wisdom.jpg,https://word.chuanxi.fun/images/801-900/854-wisdom.webp,https://word.chuanxi.fun/images/801-900/854-wisdom.jpg,512,512,50.3,83.5,1254x1254,2583.8
855,method,801-900,images/801-900/method.webp,images/801-900/method.jpg,https://word.chuanxi.fun/images/801-900/855-method.webp,https://word.chuanxi.fun/images/801-900/855-method.jpg,512,512,60.9,90.9,1254x1254,2736.1
856,cost,801-900,images/801-900/cost.webp,images/801-900/cost.jpg,https://word.chuanxi.fun/images/801-900/856-cost.webp,https://word.chuanxi.fun/images/801-900/856-cost.jpg,512,512,33.2,60.8,1254x1254,2408.1
857,fresh,801-900,images/801-900/fresh.webp,images/801-900/fresh.jpg,https://word.chuanxi.fun/images/801-900/857-fresh.webp,https://word.chuanxi.fun/images/801-900/857-fresh.jpg,512,512,52.0,83.3,1254x1254,2574.3
858,kingdom,801-900,images/801-900/kingdom.webp,images/801-900/kingdom.jpg,https://word.chuanxi.fun/images/801-900/858-kingdom.webp,https://word.chuanxi.fun/images/801-900/858-kingdom.jpg,512,512,47.9,80.0,1254x1254,2605.4
859,product,801-900,images/801-900/product.webp,images/801-900/product.jpg,https://word.chuanxi.fun/images/801-900/859-product.webp,https://word.chuanxi.fun/images/801-900/859-product.jpg,512,512,19.6,44.5,1254x1254,1984.5
860,recently,801-900,images/801-900/recently.webp,images/801-900/recently.jpg,https://word.chuanxi.fun/images/801-900/860-recently.webp,https://word.chuanxi.fun/images/801-900/860-recently.jpg,512,512,21.9,46.5,1254x1254,1949.2
861,couple,801-900,images/801-900/couple.webp,images/801-900/couple.jpg,https://word.chuanxi.fun/images/801-900/861-couple.webp,https://word.chuanxi.fun/images/801-900/861-couple.jpg,512,512,38.1,69.1,1254x1254,2501.1
862,impossible,801-900,images/801-900/impossible.webp,images/801-900/impossible.jpg,https://word.chuanxi.fun/images/801-900/862-impossible.webp,https://word.chuanxi.fun/images/801-900/862-impossible.jpg,512,512,19.7,44.8,1254x1254,2191.7
863,dear,801-900,images/801-900/dear.webp,images/801-900/dear.jpg,https://word.chuanxi.fun/images/801-900/863-dear.webp,https://word.chuanxi.fun/images/801-900/863-dear.jpg,512,512,17.1,43.0,1254x1254,1858.6
864,price,801-900,images/801-900/price.webp,images/801-900/price.jpg,https://word.chuanxi.fun/images/801-900/864-price.webp,https://word.chuanxi.fun/images/801-900/864-price.jpg,512,512,26.4,54.7,1254x1254,2199.7
865,trap,801-900,images/801-900/trap.webp,images/801-900/trap.jpg,https://word.chuanxi.fun/images/801-900/865-trap.webp,https://word.chuanxi.fun/images/801-900/865-trap.jpg,512,512,36.9,65.4,1254x1254,2407.0
866,smile,801-900,images/801-900/smile.webp,images/801-900/smile.jpg,https://word.chuanxi.fun/images/801-900/866-smile.webp,https://word.chuanxi.fun/images/801-900/866-smile.jpg,512,512,26.7,52.5,1254x1254,2092.6
867,gun,801-900,images/801-900/gun.webp,images/801-900/gun.jpg,https://word.chuanxi.fun/images/801-900/867-gun.webp,https://word.chuanxi.fun/images/801-900/867-gun.jpg,512,512,26.6,58.4,1254x1254,2252.1
868,achieve,801-900,images/801-900/achieve.webp,images/801-900/achieve.jpg,https://word.chuanxi.fun/images/801-900/868-achieve.webp,https://word.chuanxi.fun/images/801-900/868-achieve.jpg,512,512,32.4,61.2,1254x1254,2320.3
869,middle,801-900,images/801-900/middle.webp,images/801-900/middle.jpg,https://word.chuanxi.fun/images/801-900/869-middle.webp,https://word.chuanxi.fun/images/801-900/869-middle.jpg,512,512,14.6,34.5,1254x1254,1861.4
870,survive,801-900,images/801-900/survive.webp,images/801-900/survive.jpg,https://word.chuanxi.fun/images/801-900/870-survive.webp,https://word.chuanxi.fun/images/801-900/870-survive.jpg,512,512,34.3,62.2,1254x1254,2389.2
871,perform,801-900,images/801-900/perform.webp,images/801-900/perform.jpg,https://word.chuanxi.fun/images/801-900/871-perform.webp,https://word.chuanxi.fun/images/801-900/871-perform.jpg,512,512,32.9,66.2,1254x1254,2575.1
872,speed,801-900,images/801-900/speed.webp,images/801-900/speed.jpg,https://word.chuanxi.fun/images/801-900/872-speed.webp,https://word.chuanxi.fun/images/801-900/872-speed.jpg,512,512,21.3,48.7,1254x1254,2153.5
873,wild,801-900,images/801-900/wild.webp,images/801-900/wild.jpg,https://word.chuanxi.fun/images/801-900/873-wild.webp,https://word.chuanxi.fun/images/801-900/873-wild.jpg,512,512,43.8,71.9,1254x1254,2508.2
874,detail,801-900,images/801-900/detail.webp,images/801-900/detail.jpg,https://word.chuanxi.fun/images/801-900/874-detail.webp,https://word.chuanxi.fun/images/801-900/874-detail.jpg,512,512,19.8,42.5,1254x1254,2039.3
875,insect,801-900,images/801-900/insect.webp,images/801-900/insect.jpg,https://word.chuanxi.fun/images/801-900/875-insect.webp,https://word.chuanxi.fun/images/801-900/875-insect.jpg,512,512,25.8,52.0,1254x1254,2273.3
876,atom,801-900,images/801-900/atom.webp,images/801-900/atom.jpg,https://word.chuanxi.fun/images/801-900/876-atom.webp,https://word.chuanxi.fun/images/801-900/876-atom.jpg,512,512,18.2,41.5,1254x1254,1919.1
877,gold,801-900,images/801-900/gold.webp,images/801-900/gold.jpg,https://word.chuanxi.fun/images/801-900/877-gold.webp,https://word.chuanxi.fun/images/801-900/877-gold.jpg,512,512,23.6,51.1,1254x1254,2165.8
878,replace,801-900,images/801-900/replace.webp,images/801-900/replace.jpg,https://word.chuanxi.fun/images/801-900/878-replace.webp,https://word.chuanxi.fun/images/801-900/878-replace.jpg,512,512,34.7,64.7,1254x1254,2380.5
879,welcome,801-900,images/801-900/welcome.webp,images/801-900/welcome.jpg,https://word.chuanxi.fun/images/801-900/879-welcome.webp,https://word.chuanxi.fun/images/801-900/879-welcome.jpg,512,512,44.1,78.9,1254x1254,2675.6
880,remind,801-900,images/801-900/remind.webp,images/801-900/remind.jpg,https://word.chuanxi.fun/images/801-900/880-remind.webp,https://word.chuanxi.fun/images/801-900/880-remind.jpg,512,512,32.2,61.8,1254x1254,2288.6
881,interest,801-900,images/801-900/interest.webp,images/801-900/interest.jpg,https://word.chuanxi.fun/images/801-900/881-interest.webp,https://word.chuanxi.fun/images/801-900/881-interest.jpg,512,512,35.7,67.2,1254x1254,2410.8
882,strength,801-900,images/801-900/strength.webp,images/801-900/strength.jpg,https://word.chuanxi.fun/images/801-900/882-strength.webp,https://word.chuanxi.fun/images/801-900/882-strength.jpg,512,512,21.1,46.6,1254x1254,1940.3
883,receive,801-900,images/801-900/receive.webp,images/801-900/receive.jpg,https://word.chuanxi.fun/images/801-900/883-receive.webp,https://word.chuanxi.fun/images/801-900/883-receive.jpg,512,512,22.3,47.5,1254x1254,2048.9
884,fortunately,801-900,images/801-900/fortunately.webp,images/801-900/fortunately.jpg,https://word.chuanxi.fun/images/801-900/884-fortunately.webp,https://word.chuanxi.fun/images/801-900/884-fortunately.jpg,512,512,20.0,41.1,1254x1254,1819.2
885,accept,801-900,images/801-900/accept.webp,images/801-900/accept.jpg,https://word.chuanxi.fun/images/801-900/885-accept.webp,https://word.chuanxi.fun/images/801-900/885-accept.jpg,512,512,23.2,48.2,1254x1254,2009.1
886,voice,801-900,images/801-900/voice.webp,images/801-900/voice.jpg,https://word.chuanxi.fun/images/801-900/886-voice.webp,https://word.chuanxi.fun/images/801-900/886-voice.jpg,512,512,12.6,35.7,1254x1254,1972.0
887,convenience,801-900,images/801-900/convenience.webp,images/801-900/convenience.jpg,https://word.chuanxi.fun/images/801-900/887-convenience.webp,https://word.chuanxi.fun/images/801-900/887-convenience.jpg,512,512,20.7,43.4,1254x1254,2000.2
888,operate,801-900,images/801-900/operate.webp,images/801-900/operate.jpg,https://word.chuanxi.fun/images/801-900/888-operate.webp,https://word.chuanxi.fun/images/801-900/888-operate.jpg,512,512,17.5,39.3,1254x1254,1831.2
889,represent,801-900,images/801-900/represent.webp,images/801-900/represent.jpg,https://word.chuanxi.fun/images/801-900/889-represent.webp,https://word.chuanxi.fun/images/801-900/889-represent.jpg,512,512,29.6,57.8,1254x1254,2148.0
890,enormous,801-900,images/801-900/enormous.webp,images/801-900/enormous.jpg,https://word.chuanxi.fun/images/801-900/890-enormous.webp,https://word.chuanxi.fun/images/801-900/890-enormous.jpg,512,512,21.8,47.1,1254x1254,2259.6
891,comfortable,801-900,images/801-900/comfortable.webp,images/801-900/comfortable.jpg,https://word.chuanxi.fun/images/801-900/891-comfortable.webp,https://word.chuanxi.fun/images/801-900/891-comfortable.jpg,512,512,22.4,47.3,1254x1254,2099.9
892,commitment,801-900,images/801-900/commitment.webp,images/801-900/commitment.jpg,https://word.chuanxi.fun/images/801-900/892-commitment.webp,https://word.chuanxi.fun/images/801-900/892-commitment.jpg,512,512,23.2,48.4,1254x1254,2084.2
893,ancient,801-900,images/801-900/ancient.webp,images/801-900/ancient.jpg,https://word.chuanxi.fun/images/801-900/893-ancient.webp,https://word.chuanxi.fun/images/801-900/893-ancient.jpg,512,512,44.3,72.5,1254x1254,2386.5
894,specific,801-900,images/801-900/specific.webp,images/801-900/specific.jpg,https://word.chuanxi.fun/images/801-900/894-specific.webp,https://word.chuanxi.fun/images/801-900/894-specific.jpg,512,512,10.1,29.1,1254x1254,1802.0
895,effect,801-900,images/801-900/effect.webp,images/801-900/effect.jpg,https://word.chuanxi.fun/images/801-900/895-effect.webp,https://word.chuanxi.fun/images/801-900/895-effect.jpg,512,512,11.5,32.5,1254x1254,1807.2
896,blood,801-900,images/801-900/blood.webp,images/801-900/blood.jpg,https://word.chuanxi.fun/images/801-900/896-blood.webp,https://word.chuanxi.fun/images/801-900/896-blood.jpg,512,512,8.2,26.7,1254x1254,1640.7
897,extremely,801-900,images/801-900/extremely.webp,images/801-900/extremely.jpg,https://word.chuanxi.fun/images/801-900/897-extremely.webp,https://word.chuanxi.fun/images/801-900/897-extremely.jpg,512,512,5.0,21.1,1254x1254,1690.2
898,elephant,801-900,images/801-900/elephant.webp,images/801-900/elephant.jpg,https://word.chuanxi.fun/images/801-900/898-elephant.webp,https://word.chuanxi.fun/images/801-900/898-elephant.jpg,512,512,16.4,39.9,1254x1254,2068.5
899,empty,801-900,images/801-900/empty.webp,images/801-900/empty.jpg,https://word.chuanxi.fun/images/801-900/899-empty.webp,https://word.chuanxi.fun/images/801-900/899-empty.jpg,512,512,12.2,26.0,1254x1254,798.0
900,bite,801-900,images/801-900/bite.webp,images/801-900/bite.jpg,https://word.chuanxi.fun/images/801-900/900-bite.webp,https://word.chuanxi.fun/images/801-900/900-bite.jpg,512,512,15.4,34.7,1254x1254,1774.5
901,manner,901-1000,images/901-1000/manner.webp,images/901-1000/manner.jpg,https://word.chuanxi.fun/images/901-1000/901-manner.webp,https://word.chuanxi.fun/images/901-1000/901-manner.jpg,512,512,55.7,134.3,1254x1254,2805.1
902,extra,901-1000,images/901-1000/extra.webp,images/901-1000/extra.jpg,https://word.chuanxi.fun/images/901-1000/902-extra.webp,https://word.chuanxi.fun/images/901-1000/902-extra.jpg,512,512,15.5,60.0,1254x1254,1934.5
903,cool,901-1000,images/901-1000/cool.webp,images/901-1000/cool.jpg,https://word.chuanxi.fun/images/901-1000/903-cool.webp,https://word.chuanxi.fun/images/901-1000/903-cool.jpg,512,512,25.4,87.1,1254x1254,2314.3
904,making,901-1000,images/901-1000/making.webp,images/901-1000/making.jpg,https://word.chuanxi.fun/images/901-1000/904-making.webp,https://word.chuanxi.fun/images/901-1000/904-making.jpg,512,512,16.5,58.5,1254x1254,1834.7
905,bury,901-1000,images/901-1000/bury.webp,images/901-1000/bury.jpg,https://word.chuanxi.fun/images/901-1000/905-bury.webp,https://word.chuanxi.fun/images/901-1000/905-bury.jpg,512,512,25.7,80.9,1254x1254,2209.2
906,wind,901-1000,images/901-1000/wind.webp,images/901-1000/wind.jpg,https://word.chuanxi.fun/images/901-1000/906-wind.webp,https://word.chuanxi.fun/images/901-1000/906-wind.jpg,512,512,26.5,79.8,1254x1254,2133.9
907,behavior,901-1000,images/901-1000/behavior.webp,images/901-1000/behavior.jpg,https://word.chuanxi.fun/images/901-1000/907-behavior.webp,https://word.chuanxi.fun/images/901-1000/907-behavior.jpg,512,512,20.4,73.3,1254x1254,2134.4
908,childhood,901-1000,images/901-1000/childhood.webp,images/901-1000/childhood.jpg,https://word.chuanxi.fun/images/901-1000/908-childhood.webp,https://word.chuanxi.fun/images/901-1000/908-childhood.jpg,512,512,12.7,54.9,1254x1254,1963.3
909,attitude,901-1000,images/901-1000/attitude.webp,images/901-1000/attitude.jpg,https://word.chuanxi.fun/images/901-1000/909-attitude.webp,https://word.chuanxi.fun/images/901-1000/909-attitude.jpg,512,512,17.1,63.7,1254x1254,1949.8
910,ill,901-1000,images/901-1000/ill.webp,images/901-1000/ill.jpg,https://word.chuanxi.fun/images/901-1000/910-ill.webp,https://word.chuanxi.fun/images/901-1000/910-ill.jpg,512,512,18.5,65.7,1254x1254,1883.9
911,accident,901-1000,images/901-1000/accident.webp,images/901-1000/accident.jpg,https://word.chuanxi.fun/images/901-1000/911-accident.webp,https://word.chuanxi.fun/images/901-1000/911-accident.jpg,512,512,14.5,56.4,1254x1254,1913.4
912,seed,901-1000,images/901-1000/seed.webp,images/901-1000/seed.jpg,https://word.chuanxi.fun/images/901-1000/912-seed.webp,https://word.chuanxi.fun/images/901-1000/912-seed.jpg,512,512,14.0,55.4,1254x1254,1875.0
913,advantage,901-1000,images/901-1000/advantage.webp,images/901-1000/advantage.jpg,https://word.chuanxi.fun/images/901-1000/913-advantage.webp,https://word.chuanxi.fun/images/901-1000/913-advantage.jpg,512,512,13.9,53.4,1254x1254,1779.0
914,image,901-1000,images/901-1000/image.webp,images/901-1000/image.jpg,https://word.chuanxi.fun/images/901-1000/914-image.webp,https://word.chuanxi.fun/images/901-1000/914-image.jpg,512,512,17.8,62.6,1254x1254,1942.8
915,blow,901-1000,images/901-1000/blow.webp,images/901-1000/blow.jpg,https://word.chuanxi.fun/images/901-1000/915-blow.webp,https://word.chuanxi.fun/images/901-1000/915-blow.jpg,512,512,17.1,60.4,1254x1254,1818.7
916,wealth,901-1000,images/901-1000/wealth.webp,images/901-1000/wealth.jpg,https://word.chuanxi.fun/images/901-1000/916-wealth.webp,https://word.chuanxi.fun/images/901-1000/916-wealth.jpg,512,512,18.9,66.3,1254x1254,2036.4
917,ft,901-1000,images/901-1000/ft.webp,images/901-1000/ft.jpg,https://word.chuanxi.fun/images/901-1000/917-ft.webp,https://word.chuanxi.fun/images/901-1000/917-ft.jpg,512,512,15.9,61.5,1254x1254,2058.3
918,release,901-1000,images/901-1000/release.webp,images/901-1000/release.jpg,https://word.chuanxi.fun/images/901-1000/918-release.webp,https://word.chuanxi.fun/images/901-1000/918-release.jpg,512,512,15.5,55.9,1254x1254,1792.3
919,bank,901-1000,images/901-1000/bank.webp,images/901-1000/bank.jpg,https://word.chuanxi.fun/images/901-1000/919-bank.webp,https://word.chuanxi.fun/images/901-1000/919-bank.jpg,512,512,24.8,85.9,1254x1254,2286.1
920,youth,901-1000,images/901-1000/youth.webp,images/901-1000/youth.jpg,https://word.chuanxi.fun/images/901-1000/920-youth.webp,https://word.chuanxi.fun/images/901-1000/920-youth.jpg,512,512,11.6,54.5,1254x1254,1985.5
921,magic,901-1000,images/901-1000/magic.webp,images/901-1000/magic.jpg,https://word.chuanxi.fun/images/901-1000/921-magic.webp,https://word.chuanxi.fun/images/901-1000/921-magic.jpg,512,512,11.1,47.0,1254x1254,1741.0
922,danger,901-1000,images/901-1000/danger.webp,images/901-1000/danger.jpg,https://word.chuanxi.fun/images/901-1000/922-danger.webp,https://word.chuanxi.fun/images/901-1000/922-danger.jpg,512,512,43.4,113.9,1254x1254,2597.5
923,invent,901-1000,images/901-1000/invent.webp,images/901-1000/invent.jpg,https://word.chuanxi.fun/images/901-1000/923-invent.webp,https://word.chuanxi.fun/images/901-1000/923-invent.jpg,512,512,20.1,69.3,1254x1254,1924.5
924,sweet,901-1000,images/901-1000/sweet.webp,images/901-1000/sweet.jpg,https://word.chuanxi.fun/images/901-1000/924-sweet.webp,https://word.chuanxi.fun/images/901-1000/924-sweet.jpg,512,512,17.2,64.5,1254x1254,2051.2
925,record,901-1000,images/901-1000/record.webp,images/901-1000/record.jpg,https://word.chuanxi.fun/images/901-1000/925-record.webp,https://word.chuanxi.fun/images/901-1000/925-record.jpg,512,512,19.1,65.7,1254x1254,1885.0
926,green,901-1000,images/901-1000/green.webp,images/901-1000/green.jpg,https://word.chuanxi.fun/images/901-1000/926-green.webp,https://word.chuanxi.fun/images/901-1000/926-green.jpg,512,512,21.7,73.1,1254x1254,2189.3
927,bar,901-1000,images/901-1000/bar.webp,images/901-1000/bar.jpg,https://word.chuanxi.fun/images/901-1000/927-bar.webp,https://word.chuanxi.fun/images/901-1000/927-bar.jpg,512,512,15.8,65.2,1254x1254,2085.7
928,film,901-1000,images/901-1000/film.webp,images/901-1000/film.jpg,https://word.chuanxi.fun/images/901-1000/928-film.webp,https://word.chuanxi.fun/images/901-1000/928-film.jpg,512,512,20.5,71.3,1254x1254,2131.5
929,test,901-1000,images/901-1000/test.webp,images/901-1000/test.jpg,https://word.chuanxi.fun/images/901-1000/929-test.webp,https://word.chuanxi.fun/images/901-1000/929-test.jpg,512,512,9.3,43.9,1254x1254,1752.4
930,perfect,901-1000,images/901-1000/perfect.webp,images/901-1000/perfect.jpg,https://word.chuanxi.fun/images/901-1000/930-perfect.webp,https://word.chuanxi.fun/images/901-1000/930-perfect.jpg,512,512,32.2,98.7,1254x1254,2432.8
931,float,901-1000,images/901-1000/float.webp,images/901-1000/float.jpg,https://word.chuanxi.fun/images/901-1000/931-float.webp,https://word.chuanxi.fun/images/901-1000/931-float.jpg,512,512,8.0,44.1,1254x1254,1856.3
932,block,901-1000,images/901-1000/block.webp,images/901-1000/block.jpg,https://word.chuanxi.fun/images/901-1000/932-block.webp,https://word.chuanxi.fun/images/901-1000/932-block.jpg,512,512,20.2,69.3,1254x1254,2141.0
933,shop,901-1000,images/901-1000/shop.webp,images/901-1000/shop.jpg,https://word.chuanxi.fun/images/901-1000/933-shop.webp,https://word.chuanxi.fun/images/901-1000/933-shop.jpg,512,512,27.3,89.2,1254x1254,2282.3
934,disturb,901-1000,images/901-1000/disturb.webp,images/901-1000/disturb.jpg,https://word.chuanxi.fun/images/901-1000/934-disturb.webp,https://word.chuanxi.fun/images/901-1000/934-disturb.jpg,512,512,30.2,95.6,1254x1254,2324.7
935,date,901-1000,images/901-1000/date.webp,images/901-1000/date.jpg,https://word.chuanxi.fun/images/901-1000/935-date.webp,https://word.chuanxi.fun/images/901-1000/935-date.jpg,512,512,23.3,80.7,1254x1254,1988.3
936,brand,901-1000,images/901-1000/brand.webp,images/901-1000/brand.jpg,https://word.chuanxi.fun/images/901-1000/936-brand.webp,https://word.chuanxi.fun/images/901-1000/936-brand.jpg,512,512,20.5,72.4,1254x1254,2272.8
937,mad,901-1000,images/901-1000/mad.webp,images/901-1000/mad.jpg,https://word.chuanxi.fun/images/901-1000/937-mad.webp,https://word.chuanxi.fun/images/901-1000/937-mad.jpg,512,512,27.6,87.2,1254x1254,2232.9
938,reflect,901-1000,images/901-1000/reflect.webp,images/901-1000/reflect.jpg,https://word.chuanxi.fun/images/901-1000/938-reflect.webp,https://word.chuanxi.fun/images/901-1000/938-reflect.jpg,512,512,23.2,75.4,1254x1254,2175.3
939,golf,901-1000,images/901-1000/golf.webp,images/901-1000/golf.jpg,https://word.chuanxi.fun/images/901-1000/939-golf.webp,https://word.chuanxi.fun/images/901-1000/939-golf.jpg,512,512,18.1,65.6,1254x1254,2084.9
940,sign,901-1000,images/901-1000/sign.webp,images/901-1000/sign.jpg,https://word.chuanxi.fun/images/901-1000/940-sign.webp,https://word.chuanxi.fun/images/901-1000/940-sign.jpg,512,512,41.1,110.1,1254x1254,2470.4
941,provide,901-1000,images/901-1000/provide.webp,images/901-1000/provide.jpg,https://word.chuanxi.fun/images/901-1000/941-provide.webp,https://word.chuanxi.fun/images/901-1000/941-provide.jpg,512,512,25.3,80.6,1254x1254,2144.7
942,negative,901-1000,images/901-1000/negative.webp,images/901-1000/negative.jpg,https://word.chuanxi.fun/images/901-1000/942-negative.webp,https://word.chuanxi.fun/images/901-1000/942-negative.jpg,512,512,6.5,42.1,1254x1254,1782.2
943,position,901-1000,images/901-1000/position.webp,images/901-1000/position.jpg,https://word.chuanxi.fun/images/901-1000/943-position.webp,https://word.chuanxi.fun/images/901-1000/943-position.jpg,512,512,6.3,45.9,1254x1254,1848.6
944,ahead,901-1000,images/901-1000/ahead.webp,images/901-1000/ahead.jpg,https://word.chuanxi.fun/images/901-1000/944-ahead.webp,https://word.chuanxi.fun/images/901-1000/944-ahead.jpg,512,512,21.2,73.8,1254x1254,2144.3
945,silly,901-1000,images/901-1000/silly.webp,images/901-1000/silly.jpg,https://word.chuanxi.fun/images/901-1000/945-silly.webp,https://word.chuanxi.fun/images/901-1000/945-silly.jpg,512,512,14.0,53.8,1254x1254,1761.4
946,fail,901-1000,images/901-1000/fail.webp,images/901-1000/fail.jpg,https://word.chuanxi.fun/images/901-1000/946-fail.webp,https://word.chuanxi.fun/images/901-1000/946-fail.jpg,512,512,22.4,74.6,1254x1254,2029.4
947,result,901-1000,images/901-1000/result.webp,images/901-1000/result.jpg,https://word.chuanxi.fun/images/901-1000/947-result.webp,https://word.chuanxi.fun/images/901-1000/947-result.jpg,512,512,22.3,69.7,1254x1254,1880.6
948,slow,901-1000,images/901-1000/slow.webp,images/901-1000/slow.jpg,https://word.chuanxi.fun/images/901-1000/948-slow.webp,https://word.chuanxi.fun/images/901-1000/948-slow.jpg,512,512,12.7,53.1,1254x1254,1814.8
949,west,901-1000,images/901-1000/west.webp,images/901-1000/west.jpg,https://word.chuanxi.fun/images/901-1000/949-west.webp,https://word.chuanxi.fun/images/901-1000/949-west.jpg,512,512,25.7,85.0,1254x1254,2243.2
950,disappear,901-1000,images/901-1000/disappear.webp,images/901-1000/disappear.jpg,https://word.chuanxi.fun/images/901-1000/950-disappear.webp,https://word.chuanxi.fun/images/901-1000/950-disappear.jpg,512,512,4.9,35.9,1254x1254,1727.1
951,knock,901-1000,images/901-1000/knock.webp,images/901-1000/knock.jpg,https://word.chuanxi.fun/images/901-1000/951-knock.webp,https://word.chuanxi.fun/images/901-1000/951-knock.jpg,512,512,21.1,75.1,1254x1254,2082.9
952,affair,901-1000,images/901-1000/affair.webp,images/901-1000/affair.jpg,https://word.chuanxi.fun/images/901-1000/952-affair.webp,https://word.chuanxi.fun/images/901-1000/952-affair.jpg,512,512,12.9,65.1,1254x1254,2202.3
953,argument,901-1000,images/901-1000/argument.webp,images/901-1000/argument.jpg,https://word.chuanxi.fun/images/901-1000/953-argument.webp,https://word.chuanxi.fun/images/901-1000/953-argument.jpg,512,512,22.2,74.9,1254x1254,2000.7
954,court,901-1000,images/901-1000/court.webp,images/901-1000/court.jpg,https://word.chuanxi.fun/images/901-1000/954-court.webp,https://word.chuanxi.fun/images/901-1000/954-court.jpg,512,512,27.4,88.7,1254x1254,2209.6
955,desert,901-1000,images/901-1000/desert.webp,images/901-1000/desert.jpg,https://word.chuanxi.fun/images/901-1000/955-desert.webp,https://word.chuanxi.fun/images/901-1000/955-desert.jpg,512,512,20.0,71.9,1254x1254,2145.8
956,bottle,901-1000,images/901-1000/bottle.webp,images/901-1000/bottle.jpg,https://word.chuanxi.fun/images/901-1000/956-bottle.webp,https://word.chuanxi.fun/images/901-1000/956-bottle.jpg,512,512,7.5,39.8,1254x1254,1769.5
957,patient,901-1000,images/901-1000/patient.webp,images/901-1000/patient.jpg,https://word.chuanxi.fun/images/901-1000/957-patient.webp,https://word.chuanxi.fun/images/901-1000/957-patient.jpg,512,512,25.1,81.4,1254x1254,2071.6
958,cricket,901-1000,images/901-1000/cricket.webp,images/901-1000/cricket.jpg,https://word.chuanxi.fun/images/901-1000/958-cricket.webp,https://word.chuanxi.fun/images/901-1000/958-cricket.jpg,512,512,14.3,59.0,1254x1254,1989.0
959,perfectly,901-1000,images/901-1000/perfectly.webp,images/901-1000/perfectly.jpg,https://word.chuanxi.fun/images/901-1000/959-perfectly.webp,https://word.chuanxi.fun/images/901-1000/959-perfectly.jpg,512,512,22.7,78.3,1254x1254,2172.3
960,escape,901-1000,images/901-1000/escape.webp,images/901-1000/escape.jpg,https://word.chuanxi.fun/images/901-1000/960-escape.webp,https://word.chuanxi.fun/images/901-1000/960-escape.jpg,512,512,23.1,78.4,1254x1254,2153.9
961,drug,901-1000,images/901-1000/drug.webp,images/901-1000/drug.jpg,https://word.chuanxi.fun/images/901-1000/961-drug.webp,https://word.chuanxi.fun/images/901-1000/961-drug.jpg,512,512,10.3,52.8,1254x1254,1917.9
962,store,901-1000,images/901-1000/store.webp,images/901-1000/store.jpg,https://word.chuanxi.fun/images/901-1000/962-store.webp,https://word.chuanxi.fun/images/901-1000/962-store.jpg,512,512,14.1,57.2,1254x1254,2047.4
963,apply,901-1000,images/901-1000/apply.webp,images/901-1000/apply.jpg,https://word.chuanxi.fun/images/901-1000/963-apply.webp,https://word.chuanxi.fun/images/901-1000/963-apply.jpg,512,512,21.3,70.4,1254x1254,1928.5
964,attack,901-1000,images/901-1000/attack.webp,images/901-1000/attack.jpg,https://word.chuanxi.fun/images/901-1000/964-attack.webp,https://word.chuanxi.fun/images/901-1000/964-attack.jpg,512,512,20.8,72.9,1254x1254,2070.4
965,stillness,901-1000,images/901-1000/stillness.webp,images/901-1000/stillness.jpg,https://word.chuanxi.fun/images/901-1000/965-stillness.webp,https://word.chuanxi.fun/images/901-1000/965-stillness.jpg,512,512,14.3,59.0,1254x1254,1976.5
966,proper,901-1000,images/901-1000/proper.webp,images/901-1000/proper.jpg,https://word.chuanxi.fun/images/901-1000/966-proper.webp,https://word.chuanxi.fun/images/901-1000/966-proper.jpg,512,512,10.3,48.8,1254x1254,1710.6
967,promise,901-1000,images/901-1000/promise.webp,images/901-1000/promise.jpg,https://word.chuanxi.fun/images/901-1000/967-promise.webp,https://word.chuanxi.fun/images/901-1000/967-promise.jpg,512,512,22.6,74.4,1254x1254,2030.4
968,cover,901-1000,images/901-1000/cover.webp,images/901-1000/cover.jpg,https://word.chuanxi.fun/images/901-1000/968-cover.webp,https://word.chuanxi.fun/images/901-1000/968-cover.jpg,512,512,8.7,48.7,1254x1254,1819.6
969,logical,901-1000,images/901-1000/logical.webp,images/901-1000/logical.jpg,https://word.chuanxi.fun/images/901-1000/969-logical.webp,https://word.chuanxi.fun/images/901-1000/969-logical.jpg,512,512,9.2,50.0,1254x1254,1855.6
970,scream,901-1000,images/901-1000/scream.webp,images/901-1000/scream.jpg,https://word.chuanxi.fun/images/901-1000/970-scream.webp,https://word.chuanxi.fun/images/901-1000/970-scream.jpg,512,512,14.4,53.4,1254x1254,1758.2
971,opposite,901-1000,images/901-1000/opposite.webp,images/901-1000/opposite.jpg,https://word.chuanxi.fun/images/901-1000/971-opposite.webp,https://word.chuanxi.fun/images/901-1000/971-opposite.jpg,512,512,4.1,34.6,1254x1254,1692.8
972,software,901-1000,images/901-1000/software.webp,images/901-1000/software.jpg,https://word.chuanxi.fun/images/901-1000/972-software.webp,https://word.chuanxi.fun/images/901-1000/972-software.jpg,512,512,9.6,54.7,1254x1254,2021.6
973,adventure,901-1000,images/901-1000/adventure.webp,images/901-1000/adventure.jpg,https://word.chuanxi.fun/images/901-1000/973-adventure.webp,https://word.chuanxi.fun/images/901-1000/973-adventure.jpg,512,512,34.3,97.9,1254x1254,2346.2
974,improve,901-1000,images/901-1000/improve.webp,images/901-1000/improve.jpg,https://word.chuanxi.fun/images/901-1000/974-improve.webp,https://word.chuanxi.fun/images/901-1000/974-improve.jpg,512,512,15.4,59.6,1254x1254,2002.9
975,invite,901-1000,images/901-1000/invite.webp,images/901-1000/invite.jpg,https://word.chuanxi.fun/images/901-1000/975-invite.webp,https://word.chuanxi.fun/images/901-1000/975-invite.jpg,512,512,20.7,75.9,1254x1254,2097.5
976,recent,901-1000,images/901-1000/recent.webp,images/901-1000/recent.jpg,https://word.chuanxi.fun/images/901-1000/976-recent.webp,https://word.chuanxi.fun/images/901-1000/976-recent.jpg,512,512,20.5,70.4,1254x1254,1949.2
977,arm,901-1000,images/901-1000/arm.webp,images/901-1000/arm.jpg,https://word.chuanxi.fun/images/901-1000/977-arm.webp,https://word.chuanxi.fun/images/901-1000/977-arm.jpg,512,512,9.8,51.1,1254x1254,1855.5
978,public,901-1000,images/901-1000/public.webp,images/901-1000/public.jpg,https://word.chuanxi.fun/images/901-1000/978-public.webp,https://word.chuanxi.fun/images/901-1000/978-public.jpg,512,512,28.0,86.3,1254x1254,2208.5
979,shake,901-1000,images/901-1000/shake.webp,images/901-1000/shake.jpg,https://word.chuanxi.fun/images/901-1000/979-shake.webp,https://word.chuanxi.fun/images/901-1000/979-shake.jpg,512,512,14.7,55.5,1254x1254,1756.3
980,average,901-1000,images/901-1000/average.webp,images/901-1000/average.jpg,https://word.chuanxi.fun/images/901-1000/980-average.webp,https://word.chuanxi.fun/images/901-1000/980-average.jpg,512,512,9.3,55.2,1254x1254,2016.8
981,weight,901-1000,images/901-1000/weight.webp,images/901-1000/weight.jpg,https://word.chuanxi.fun/images/901-1000/981-weight.webp,https://word.chuanxi.fun/images/901-1000/981-weight.jpg,512,512,20.7,70.2,1254x1254,2135.1
982,camp,901-1000,images/901-1000/camp.webp,images/901-1000/camp.jpg,https://word.chuanxi.fun/images/901-1000/982-camp.webp,https://word.chuanxi.fun/images/901-1000/982-camp.jpg,512,512,22.0,72.5,1254x1254,2089.3
983,argue,901-1000,images/901-1000/argue.webp,images/901-1000/argue.jpg,https://word.chuanxi.fun/images/901-1000/983-argue.webp,https://word.chuanxi.fun/images/901-1000/983-argue.jpg,512,512,22.2,74.9,1254x1254,2000.7
984,succeed,901-1000,images/901-1000/succeed.webp,images/901-1000/succeed.jpg,https://word.chuanxi.fun/images/901-1000/984-succeed.webp,https://word.chuanxi.fun/images/901-1000/984-succeed.jpg,512,512,26.0,80.3,1254x1254,2070.2
985,inspiration,901-1000,images/901-1000/inspiration.webp,images/901-1000/inspiration.jpg,https://word.chuanxi.fun/images/901-1000/985-inspiration.webp,https://word.chuanxi.fun/images/901-1000/985-inspiration.jpg,512,512,13.3,60.4,1254x1254,1963.4
986,badly,901-1000,images/901-1000/badly.webp,images/901-1000/badly.jpg,https://word.chuanxi.fun/images/901-1000/986-badly.webp,https://word.chuanxi.fun/images/901-1000/986-badly.jpg,512,512,13.6,57.3,1254x1254,1987.1
987,strike,901-1000,images/901-1000/strike.webp,images/901-1000/strike.jpg,https://word.chuanxi.fun/images/901-1000/987-strike.webp,https://word.chuanxi.fun/images/901-1000/987-strike.jpg,512,512,23.3,77.5,1254x1254,2022.3
988,board,901-1000,images/901-1000/board.webp,images/901-1000/board.jpg,https://word.chuanxi.fun/images/901-1000/988-board.webp,https://word.chuanxi.fun/images/901-1000/988-board.jpg,512,512,16.0,61.2,1254x1254,1980.4
989,pressure,901-1000,images/901-1000/pressure.webp,images/901-1000/pressure.jpg,https://word.chuanxi.fun/images/901-1000/989-pressure.webp,https://word.chuanxi.fun/images/901-1000/989-pressure.jpg,512,512,11.7,51.6,1254x1254,1870.4
990,statement,901-1000,images/901-1000/statement.webp,images/901-1000/statement.jpg,https://word.chuanxi.fun/images/901-1000/990-statement.webp,https://word.chuanxi.fun/images/901-1000/990-statement.jpg,512,512,10.0,49.0,1254x1254,1896.9
991,pursue,901-1000,images/901-1000/pursue.webp,images/901-1000/pursue.jpg,https://word.chuanxi.fun/images/901-1000/991-pursue.webp,https://word.chuanxi.fun/images/901-1000/991-pursue.jpg,512,512,16.7,61.6,1254x1254,1845.8
992,account,901-1000,images/901-1000/account.webp,images/901-1000/account.jpg,https://word.chuanxi.fun/images/901-1000/992-account.webp,https://word.chuanxi.fun/images/901-1000/992-account.jpg,512,512,22.8,74.1,1254x1254,2080.7
993,wedding,901-1000,images/901-1000/wedding.webp,images/901-1000/wedding.jpg,https://word.chuanxi.fun/images/901-1000/993-wedding.webp,https://word.chuanxi.fun/images/901-1000/993-wedding.jpg,512,512,27.3,81.0,1254x1254,2083.1
994,hate,901-1000,images/901-1000/hate.webp,images/901-1000/hate.jpg,https://word.chuanxi.fun/images/901-1000/994-hate.webp,https://word.chuanxi.fun/images/901-1000/994-hate.jpg,512,512,26.5,84.6,1254x1254,2232.4
995,warm,901-1000,images/901-1000/warm.webp,images/901-1000/warm.jpg,https://word.chuanxi.fun/images/901-1000/995-warm.webp,https://word.chuanxi.fun/images/901-1000/995-warm.jpg,512,512,17.8,64.7,1254x1254,2046.2
996,joyfully,901-1000,images/901-1000/joyfully.webp,images/901-1000/joyfully.jpg,https://word.chuanxi.fun/images/901-1000/996-joyfully.webp,https://word.chuanxi.fun/images/901-1000/996-joyfully.jpg,512,512,13.7,51.0,1254x1254,1744.3
997,mark,901-1000,images/901-1000/mark.webp,images/901-1000/mark.jpg,https://word.chuanxi.fun/images/901-1000/997-mark.webp,https://word.chuanxi.fun/images/901-1000/997-mark.jpg,512,512,10.6,50.1,1254x1254,1942.4
998,lock,901-1000,images/901-1000/lock.webp,images/901-1000/lock.jpg,https://word.chuanxi.fun/images/901-1000/998-lock.webp,https://word.chuanxi.fun/images/901-1000/998-lock.jpg,512,512,21.2,76.9,1254x1254,2123.5
999,prediction,901-1000,images/901-1000/prediction.webp,images/901-1000/prediction.jpg,https://word.chuanxi.fun/images/901-1000/999-prediction.webp,https://word.chuanxi.fun/images/901-1000/999-prediction.jpg,512,512,25.0,78.1,1254x1254,2104.6
1000,training,901-1000,images/901-1000/training.webp,images/901-1000/training.jpg,https://word.chuanxi.fun/images/901-1000/1000-training.webp,https://word.chuanxi.fun/images/901-1000/1000-training.jpg,512,512,38.6,108.3,1254x1254,2426.2
1001,secret,1001-1100,images/1001-1100/secret.webp,images/1001-1100/secret.jpg,https://word.chuanxi.fun/images/1001-1100/1001-secret.webp,https://word.chuanxi.fun/images/1001-1100/1001-secret.jpg,512,512,17.6,53.0,1254x1254,1045.0
1002,square,1001-1100,images/1001-1100/square.webp,images/1001-1100/square.jpg,https://word.chuanxi.fun/images/1001-1100/1002-square.webp,https://word.chuanxi.fun/images/1001-1100/1002-square.jpg,512,512,40.1,109.5,1254x1254,2543.6
1003,traffic,1001-1100,images/1001-1100/traffic.webp,images/1001-1100/traffic.jpg,https://word.chuanxi.fun/images/1001-1100/1003-traffic.webp,https://word.chuanxi.fun/images/1001-1100/1003-traffic.jpg,512,512,33.9,102.4,1254x1254,2523.7
1004,transactional,1001-1100,images/1001-1100/transactional.webp,images/1001-1100/transactional.jpg,https://word.chuanxi.fun/images/1001-1100/1004-transactional.webp,https://word.chuanxi.fun/images/1001-1100/1004-transactional.jpg,512,512,37.5,107.2,1254x1254,2655.4
1005,castle,1001-1100,images/1001-1100/castle.webp,images/1001-1100/castle.jpg,https://word.chuanxi.fun/images/1001-1100/1005-castle.webp,https://word.chuanxi.fun/images/1001-1100/1005-castle.jpg,512,512,29.4,83.9,1254x1254,1585.8
1006,mostly,1001-1100,images/1001-1100/mostly.webp,images/1001-1100/mostly.jpg,https://word.chuanxi.fun/images/1001-1100/1006-mostly.webp,https://word.chuanxi.fun/images/1001-1100/1006-mostly.jpg,512,512,15.9,58.0,1254x1254,1310.4
1007,however,1001-1100,images/1001-1100/however.webp,images/1001-1100/however.jpg,https://word.chuanxi.fun/images/1001-1100/1007-however.webp,https://word.chuanxi.fun/images/1001-1100/1007-however.jpg,512,512,7.5,43.5,1254x1254,1812.4
1008,attempt,1001-1100,images/1001-1100/attempt.webp,images/1001-1100/attempt.jpg,https://word.chuanxi.fun/images/1001-1100/1008-attempt.webp,https://word.chuanxi.fun/images/1001-1100/1008-attempt.jpg,512,512,20.3,69.6,1254x1254,1818.8
1009,red,1001-1100,images/1001-1100/red.webp,images/1001-1100/red.jpg,https://word.chuanxi.fun/images/1001-1100/1009-red.webp,https://word.chuanxi.fun/images/1001-1100/1009-red.jpg,512,512,20.0,60.1,1254x1254,1183.1
1010,admit,1001-1100,images/1001-1100/admit.webp,images/1001-1100/admit.jpg,https://word.chuanxi.fun/images/1001-1100/1010-admit.webp,https://word.chuanxi.fun/images/1001-1100/1010-admit.jpg,512,512,15.3,56.9,1254x1254,1835.0
1011,suggest,1001-1100,images/1001-1100/suggest.webp,images/1001-1100/suggest.jpg,https://word.chuanxi.fun/images/1001-1100/1011-suggest.webp,https://word.chuanxi.fun/images/1001-1100/1011-suggest.jpg,512,512,23.4,73.9,1254x1254,1856.6
1012,order,1001-1100,images/1001-1100/order.webp,images/1001-1100/order.jpg,https://word.chuanxi.fun/images/1001-1100/1012-order.webp,https://word.chuanxi.fun/images/1001-1100/1012-order.jpg,512,512,9.7,53.4,1254x1254,1962.3
1013,complain,1001-1100,images/1001-1100/complain.webp,images/1001-1100/complain.jpg,https://word.chuanxi.fun/images/1001-1100/1013-complain.webp,https://word.chuanxi.fun/images/1001-1100/1013-complain.jpg,512,512,25.6,82.9,1254x1254,2255.8
1014,pop,1001-1100,images/1001-1100/pop.webp,images/1001-1100/pop.jpg,https://word.chuanxi.fun/images/1001-1100/1014-pop.webp,https://word.chuanxi.fun/images/1001-1100/1014-pop.jpg,512,512,12.7,37.5,1254x1254,578.2
1015,steal,1001-1100,images/1001-1100/steal.webp,images/1001-1100/steal.jpg,https://word.chuanxi.fun/images/1001-1100/1015-steal.webp,https://word.chuanxi.fun/images/1001-1100/1015-steal.jpg,512,512,30.2,91.4,1254x1254,2359.5
1016,lover,1001-1100,images/1001-1100/lover.webp,images/1001-1100/lover.jpg,https://word.chuanxi.fun/images/1001-1100/1016-lover.webp,https://word.chuanxi.fun/images/1001-1100/1016-lover.jpg,512,512,22.4,76.3,1254x1254,2156.8
1017,pride,1001-1100,images/1001-1100/pride.webp,images/1001-1100/pride.jpg,https://word.chuanxi.fun/images/1001-1100/1017-pride.webp,https://word.chuanxi.fun/images/1001-1100/1017-pride.jpg,512,512,14.9,57.2,1254x1254,1825.4
1018,chain,1001-1100,images/1001-1100/chain.webp,images/1001-1100/chain.jpg,https://word.chuanxi.fun/images/1001-1100/1018-chain.webp,https://word.chuanxi.fun/images/1001-1100/1018-chain.jpg,512,512,12.6,35.5,1254x1254,546.0
1019,questioner,1001-1100,images/1001-1100/questioner.webp,images/1001-1100/questioner.jpg,https://word.chuanxi.fun/images/1001-1100/1019-questioner.webp,https://word.chuanxi.fun/images/1001-1100/1019-questioner.jpg,512,512,15.6,58.1,1254x1254,1845.6
1020,perhaps,1001-1100,images/1001-1100/perhaps.webp,images/1001-1100/perhaps.jpg,https://word.chuanxi.fun/images/1001-1100/1020-perhaps.webp,https://word.chuanxi.fun/images/1001-1100/1020-perhaps.jpg,512,512,6.6,44.3,1254x1254,1760.2
1021,debate,1001-1100,images/1001-1100/debate.webp,images/1001-1100/debate.jpg,https://word.chuanxi.fun/images/1001-1100/1021-debate.webp,https://word.chuanxi.fun/images/1001-1100/1021-debate.jpg,512,512,16.0,63.9,1254x1254,2049.4
1022,task,1001-1100,images/1001-1100/task.webp,images/1001-1100/task.jpg,https://word.chuanxi.fun/images/1001-1100/1022-task.webp,https://word.chuanxi.fun/images/1001-1100/1022-task.jpg,512,512,12.6,57.3,1254x1254,2057.8
1023,fat,1001-1100,images/1001-1100/fat.webp,images/1001-1100/fat.jpg,https://word.chuanxi.fun/images/1001-1100/1023-fat.webp,https://word.chuanxi.fun/images/1001-1100/1023-fat.jpg,512,512,10.2,45.7,1254x1254,1496.1
1024,oil,1001-1100,images/1001-1100/oil.webp,images/1001-1100/oil.jpg,https://word.chuanxi.fun/images/1001-1100/1024-oil.webp,https://word.chuanxi.fun/images/1001-1100/1024-oil.jpg,512,512,13.6,55.7,1254x1254,1971.3
1025,mobile,1001-1100,images/1001-1100/mobile.webp,images/1001-1100/mobile.jpg,https://word.chuanxi.fun/images/1001-1100/1025-mobile.webp,https://word.chuanxi.fun/images/1001-1100/1025-mobile.jpg,512,512,12.7,58.7,1254x1254,2062.8
1026,match,1001-1100,images/1001-1100/match.webp,images/1001-1100/match.jpg,https://word.chuanxi.fun/images/1001-1100/1026-match.webp,https://word.chuanxi.fun/images/1001-1100/1026-match.jpg,512,512,13.2,57.6,1254x1254,1997.2
1027,national,1001-1100,images/1001-1100/national.webp,images/1001-1100/national.jpg,https://word.chuanxi.fun/images/1001-1100/1027-national.webp,https://word.chuanxi.fun/images/1001-1100/1027-national.jpg,512,512,22.4,80.9,1254x1254,2428.6
1028,report,1001-1100,images/1001-1100/report.webp,images/1001-1100/report.jpg,https://word.chuanxi.fun/images/1001-1100/1028-report.webp,https://word.chuanxi.fun/images/1001-1100/1028-report.jpg,512,512,10.2,55.7,1254x1254,1919.9
1029,tie,1001-1100,images/1001-1100/tie.webp,images/1001-1100/tie.jpg,https://word.chuanxi.fun/images/1001-1100/1029-tie.webp,https://word.chuanxi.fun/images/1001-1100/1029-tie.jpg,512,512,15.5,59.3,1254x1254,1948.6
1030,background,1001-1100,images/1001-1100/background.webp,images/1001-1100/background.jpg,https://word.chuanxi.fun/images/1001-1100/1030-background.webp,https://word.chuanxi.fun/images/1001-1100/1030-background.jpg,512,512,13.5,51.2,1254x1254,1138.6
1031,east,1001-1100,images/1001-1100/east.webp,images/1001-1100/east.jpg,https://word.chuanxi.fun/images/1001-1100/1031-east.webp,https://word.chuanxi.fun/images/1001-1100/1031-east.jpg,512,512,25.7,85.0,1254x1254,2243.2
1032,hundred,1001-1100,images/1001-1100/hundred.webp,images/1001-1100/hundred.jpg,https://word.chuanxi.fun/images/1001-1100/1032-hundred.webp,https://word.chuanxi.fun/images/1001-1100/1032-hundred.jpg,512,512,9.7,60.5,1254x1254,1694.7
1033,curse,1001-1100,images/1001-1100/curse.webp,images/1001-1100/curse.jpg,https://word.chuanxi.fun/images/1001-1100/1033-curse.webp,https://word.chuanxi.fun/images/1001-1100/1033-curse.jpg,512,512,19.7,71.3,1254x1254,2154.4
1034,fair,1001-1100,images/1001-1100/fair.webp,images/1001-1100/fair.jpg,https://word.chuanxi.fun/images/1001-1100/1034-fair.webp,https://word.chuanxi.fun/images/1001-1100/1034-fair.jpg,512,512,21.0,67.4,1254x1254,1907.3
1035,agent,1001-1100,images/1001-1100/agent.webp,images/1001-1100/agent.jpg,https://word.chuanxi.fun/images/1001-1100/1035-agent.webp,https://word.chuanxi.fun/images/1001-1100/1035-agent.jpg,512,512,17.0,61.2,1254x1254,1918.0
1036,audience,1001-1100,images/1001-1100/audience.webp,images/1001-1100/audience.jpg,https://word.chuanxi.fun/images/1001-1100/1036-audience.webp,https://word.chuanxi.fun/images/1001-1100/1036-audience.jpg,512,512,29.1,95.4,1254x1254,2544.5
1037,permission,1001-1100,images/1001-1100/permission.webp,images/1001-1100/permission.jpg,https://word.chuanxi.fun/images/1001-1100/1037-permission.webp,https://word.chuanxi.fun/images/1001-1100/1037-permission.jpg,512,512,27.2,91.0,1254x1254,2522.2
1038,labor,1001-1100,images/1001-1100/labor.webp,images/1001-1100/labor.jpg,https://word.chuanxi.fun/images/1001-1100/1038-labor.webp,https://word.chuanxi.fun/images/1001-1100/1038-labor.jpg,512,512,25.0,80.5,1254x1254,2287.7
1039,energetic,1001-1100,images/1001-1100/energetic.webp,images/1001-1100/energetic.jpg,https://word.chuanxi.fun/images/1001-1100/1039-energetic.webp,https://word.chuanxi.fun/images/1001-1100/1039-energetic.jpg,512,512,16.1,61.4,1254x1254,1870.6
1040,evidence,1001-1100,images/1001-1100/evidence.webp,images/1001-1100/evidence.jpg,https://word.chuanxi.fun/images/1001-1100/1040-evidence.webp,https://word.chuanxi.fun/images/1001-1100/1040-evidence.jpg,512,512,27.0,81.3,1254x1254,2267.1
1041,advice,1001-1100,images/1001-1100/advice.webp,images/1001-1100/advice.jpg,https://word.chuanxi.fun/images/1001-1100/1041-advice.webp,https://word.chuanxi.fun/images/1001-1100/1041-advice.jpg,512,512,23.4,73.9,1254x1254,1856.6
1042,sentence,1001-1100,images/1001-1100/sentence.webp,images/1001-1100/sentence.jpg,https://word.chuanxi.fun/images/1001-1100/1042-sentence.webp,https://word.chuanxi.fun/images/1001-1100/1042-sentence.jpg,512,512,3.7,31.6,1254x1254,1332.0
1043,lake,1001-1100,images/1001-1100/lake.webp,images/1001-1100/lake.jpg,https://word.chuanxi.fun/images/1001-1100/1043-lake.webp,https://word.chuanxi.fun/images/1001-1100/1043-lake.jpg,512,512,37.8,103.0,1254x1254,2560.9
1044,sweetness,1001-1100,images/1001-1100/sweetness.webp,images/1001-1100/sweetness.jpg,https://word.chuanxi.fun/images/1001-1100/1044-sweetness.webp,https://word.chuanxi.fun/images/1001-1100/1044-sweetness.jpg,512,512,20.8,73.7,1254x1254,2199.6
1045,artificial,1001-1100,images/1001-1100/artificial.webp,images/1001-1100/artificial.jpg,https://word.chuanxi.fun/images/1001-1100/1045-artificial.webp,https://word.chuanxi.fun/images/1001-1100/1045-artificial.jpg,512,512,21.9,72.8,1254x1254,1818.4
1046,gender,1001-1100,images/1001-1100/gender.webp,images/1001-1100/gender.jpg,https://word.chuanxi.fun/images/1001-1100/1046-gender.webp,https://word.chuanxi.fun/images/1001-1100/1046-gender.jpg,512,512,11.4,42.5,1254x1254,1056.2
1047,senior,1001-1100,images/1001-1100/senior.webp,images/1001-1100/senior.jpg,https://word.chuanxi.fun/images/1001-1100/1047-senior.webp,https://word.chuanxi.fun/images/1001-1100/1047-senior.jpg,512,512,19.1,70.7,1254x1254,2231.9
1048,vote,1001-1100,images/1001-1100/vote.webp,images/1001-1100/vote.jpg,https://word.chuanxi.fun/images/1001-1100/1048-vote.webp,https://word.chuanxi.fun/images/1001-1100/1048-vote.jpg,512,512,24.4,79.8,1254x1254,2248.4
1049,seriously,1001-1100,images/1001-1100/seriously.webp,images/1001-1100/seriously.jpg,https://word.chuanxi.fun/images/1001-1100/1049-seriously.webp,https://word.chuanxi.fun/images/1001-1100/1049-seriously.jpg,512,512,13.4,56.7,1254x1254,1676.7
1050,bat,1001-1100,images/1001-1100/bat.webp,images/1001-1100/bat.jpg,https://word.chuanxi.fun/images/1001-1100/1050-bat.webp,https://word.chuanxi.fun/images/1001-1100/1050-bat.jpg,512,512,13.5,57.6,1254x1254,2100.3
1051,adult,1001-1100,images/1001-1100/adult.webp,images/1001-1100/adult.jpg,https://word.chuanxi.fun/images/1001-1100/1051-adult.webp,https://word.chuanxi.fun/images/1001-1100/1051-adult.jpg,512,512,15.9,63.0,1254x1254,2076.0
1052,european,1001-1100,images/1001-1100/european.webp,images/1001-1100/european.jpg,https://word.chuanxi.fun/images/1001-1100/1052-european.webp,https://word.chuanxi.fun/images/1001-1100/1052-european.jpg,512,512,16.5,49.3,1254x1254,836.3
1053,shut,1001-1100,images/1001-1100/shut.webp,images/1001-1100/shut.jpg,https://word.chuanxi.fun/images/1001-1100/1053-shut.webp,https://word.chuanxi.fun/images/1001-1100/1053-shut.jpg,512,512,18.2,78.9,1254x1254,2391.3
1054,guess,1001-1100,images/1001-1100/guess.webp,images/1001-1100/guess.jpg,https://word.chuanxi.fun/images/1001-1100/1054-guess.webp,https://word.chuanxi.fun/images/1001-1100/1054-guess.jpg,512,512,16.0,58.9,1254x1254,1917.8
1055,posture,1001-1100,images/1001-1100/posture.webp,images/1001-1100/posture.jpg,https://word.chuanxi.fun/images/1001-1100/1055-posture.webp,https://word.chuanxi.fun/images/1001-1100/1055-posture.jpg,512,512,8.9,48.7,1254x1254,1934.9
1056,spot,1001-1100,images/1001-1100/spot.webp,images/1001-1100/spot.jpg,https://word.chuanxi.fun/images/1001-1100/1056-spot.webp,https://word.chuanxi.fun/images/1001-1100/1056-spot.jpg,512,512,23.7,85.5,1254x1254,2407.2
1057,member,1001-1100,images/1001-1100/member.webp,images/1001-1100/member.jpg,https://word.chuanxi.fun/images/1001-1100/1057-member.webp,https://word.chuanxi.fun/images/1001-1100/1057-member.jpg,512,512,13.0,61.1,1254x1254,2186.4
1058,direct,1001-1100,images/1001-1100/direct.webp,images/1001-1100/direct.jpg,https://word.chuanxi.fun/images/1001-1100/1058-direct.webp,https://word.chuanxi.fun/images/1001-1100/1058-direct.jpg,512,512,9.0,54.8,1254x1254,1863.8
1059,elsewhere,1001-1100,images/1001-1100/elsewhere.webp,images/1001-1100/elsewhere.jpg,https://word.chuanxi.fun/images/1001-1100/1059-elsewhere.webp,https://word.chuanxi.fun/images/1001-1100/1059-elsewhere.jpg,512,512,22.3,71.9,1254x1254,1825.1
1060,asleep,1001-1100,images/1001-1100/asleep.webp,images/1001-1100/asleep.jpg,https://word.chuanxi.fun/images/1001-1100/1060-asleep.webp,https://word.chuanxi.fun/images/1001-1100/1060-asleep.jpg,512,512,29.7,94.5,1254x1254,2551.2
1061,explanation,1001-1100,images/1001-1100/explanation.webp,images/1001-1100/explanation.jpg,https://word.chuanxi.fun/images/1001-1100/1061-explanation.webp,https://word.chuanxi.fun/images/1001-1100/1061-explanation.jpg,512,512,28.4,89.7,1254x1254,2281.8
1062,pour,1001-1100,images/1001-1100/pour.webp,images/1001-1100/pour.jpg,https://word.chuanxi.fun/images/1001-1100/1062-pour.webp,https://word.chuanxi.fun/images/1001-1100/1062-pour.jpg,512,512,20.7,74.2,1254x1254,1916.5
1063,plate,1001-1100,images/1001-1100/plate.webp,images/1001-1100/plate.jpg,https://word.chuanxi.fun/images/1001-1100/1063-plate.webp,https://word.chuanxi.fun/images/1001-1100/1063-plate.jpg,512,512,15.2,56.3,1254x1254,1605.3
1064,slave,1001-1100,images/1001-1100/slave.webp,images/1001-1100/slave.jpg,https://word.chuanxi.fun/images/1001-1100/1064-slave.webp,https://word.chuanxi.fun/images/1001-1100/1064-slave.jpg,512,512,13.9,51.5,1254x1254,1556.1
1065,sake,1001-1100,images/1001-1100/sake.webp,images/1001-1100/sake.jpg,https://word.chuanxi.fun/images/1001-1100/1065-sake.webp,https://word.chuanxi.fun/images/1001-1100/1065-sake.jpg,512,512,15.1,59.6,1254x1254,2002.6
1066,wood,1001-1100,images/1001-1100/wood.webp,images/1001-1100/wood.jpg,https://word.chuanxi.fun/images/1001-1100/1066-wood.webp,https://word.chuanxi.fun/images/1001-1100/1066-wood.jpg,512,512,22.2,73.8,1254x1254,1899.9
1067,confused,1001-1100,images/1001-1100/confused.webp,images/1001-1100/confused.jpg,https://word.chuanxi.fun/images/1001-1100/1067-confused.webp,https://word.chuanxi.fun/images/1001-1100/1067-confused.jpg,512,512,15.8,58.0,1254x1254,1899.8
1068,wholeness,1001-1100,images/1001-1100/wholeness.webp,images/1001-1100/wholeness.jpg,https://word.chuanxi.fun/images/1001-1100/1068-wholeness.webp,https://word.chuanxi.fun/images/1001-1100/1068-wholeness.jpg,512,512,32.2,98.7,1254x1254,2432.8
1069,wonderfully,1001-1100,images/1001-1100/wonderfully.webp,images/1001-1100/wonderfully.jpg,https://word.chuanxi.fun/images/1001-1100/1069-wonderfully.webp,https://word.chuanxi.fun/images/1001-1100/1069-wonderfully.jpg,512,512,51.0,130.3,1254x1254,2639.9
1070,strongly,1001-1100,images/1001-1100/strongly.webp,images/1001-1100/strongly.jpg,https://word.chuanxi.fun/images/1001-1100/1070-strongly.webp,https://word.chuanxi.fun/images/1001-1100/1070-strongly.jpg,512,512,27.2,86.6,1254x1254,1833.7
1071,dry,1001-1100,images/1001-1100/dry.webp,images/1001-1100/dry.jpg,https://word.chuanxi.fun/images/1001-1100/1071-dry.webp,https://word.chuanxi.fun/images/1001-1100/1071-dry.jpg,512,512,20.4,67.0,1254x1254,1723.4
1072,divide,1001-1100,images/1001-1100/divide.webp,images/1001-1100/divide.jpg,https://word.chuanxi.fun/images/1001-1100/1072-divide.webp,https://word.chuanxi.fun/images/1001-1100/1072-divide.jpg,512,512,9.1,37.5,1254x1254,800.7
1073,north,1001-1100,images/1001-1100/north.webp,images/1001-1100/north.jpg,https://word.chuanxi.fun/images/1001-1100/1073-north.webp,https://word.chuanxi.fun/images/1001-1100/1073-north.jpg,512,512,11.6,55.2,1254x1254,1898.8
1074,citizen,1001-1100,images/1001-1100/citizen.webp,images/1001-1100/citizen.jpg,https://word.chuanxi.fun/images/1001-1100/1074-citizen.webp,https://word.chuanxi.fun/images/1001-1100/1074-citizen.jpg,512,512,28.7,91.5,1254x1254,2406.5
1075,gentle,1001-1100,images/1001-1100/gentle.webp,images/1001-1100/gentle.jpg,https://word.chuanxi.fun/images/1001-1100/1075-gentle.webp,https://word.chuanxi.fun/images/1001-1100/1075-gentle.jpg,512,512,31.8,95.6,1254x1254,2430.5
1076,stomach,1001-1100,images/1001-1100/stomach.webp,images/1001-1100/stomach.jpg,https://word.chuanxi.fun/images/1001-1100/1076-stomach.webp,https://word.chuanxi.fun/images/1001-1100/1076-stomach.jpg,512,512,13.6,56.8,1254x1254,1848.0
1077,communicate,1001-1100,images/1001-1100/communicate.webp,images/1001-1100/communicate.jpg,https://word.chuanxi.fun/images/1001-1100/1077-communicate.webp,https://word.chuanxi.fun/images/1001-1100/1077-communicate.jpg,512,512,26.8,84.5,1254x1254,2164.4
1078,importance,1001-1100,images/1001-1100/importance.webp,images/1001-1100/importance.jpg,https://word.chuanxi.fun/images/1001-1100/1078-importance.webp,https://word.chuanxi.fun/images/1001-1100/1078-importance.jpg,512,512,11.8,59.4,1254x1254,2078.6
1079,anxious,1001-1100,images/1001-1100/anxious.webp,images/1001-1100/anxious.jpg,https://word.chuanxi.fun/images/1001-1100/1079-anxious.webp,https://word.chuanxi.fun/images/1001-1100/1079-anxious.jpg,512,512,16.2,58.1,1254x1254,1877.6
1080,imprint,1001-1100,images/1001-1100/imprint.webp,images/1001-1100/imprint.jpg,https://word.chuanxi.fun/images/1001-1100/1080-imprint.webp,https://word.chuanxi.fun/images/1001-1100/1080-imprint.jpg,512,512,36.3,98.5,1254x1254,2552.5
1081,rope,1001-1100,images/1001-1100/rope.webp,images/1001-1100/rope.jpg,https://word.chuanxi.fun/images/1001-1100/1081-rope.webp,https://word.chuanxi.fun/images/1001-1100/1081-rope.jpg,512,512,21.9,68.4,1254x1254,1813.7
1082,finally,1001-1100,images/1001-1100/finally.webp,images/1001-1100/finally.jpg,https://word.chuanxi.fun/images/1001-1100/1082-finally.webp,https://word.chuanxi.fun/images/1001-1100/1082-finally.jpg,512,512,7.7,41.4,1254x1254,1352.2
1083,vocabulary,1001-1100,images/1001-1100/vocabulary.webp,images/1001-1100/vocabulary.jpg,https://word.chuanxi.fun/images/1001-1100/1083-vocabulary.webp,https://word.chuanxi.fun/images/1001-1100/1083-vocabulary.jpg,512,512,18.4,65.2,1254x1254,1735.2
1084,circle,1001-1100,images/1001-1100/circle.webp,images/1001-1100/circle.jpg,https://word.chuanxi.fun/images/1001-1100/1084-circle.webp,https://word.chuanxi.fun/images/1001-1100/1084-circle.jpg,512,512,9.4,55.2,1254x1254,1881.6
1085,plastic,1001-1100,images/1001-1100/plastic.webp,images/1001-1100/plastic.jpg,https://word.chuanxi.fun/images/1001-1100/1085-plastic.webp,https://word.chuanxi.fun/images/1001-1100/1085-plastic.jpg,512,512,16.5,63.5,1254x1254,2102.3
1086,row,1001-1100,images/1001-1100/row.webp,images/1001-1100/row.jpg,https://word.chuanxi.fun/images/1001-1100/1086-row.webp,https://word.chuanxi.fun/images/1001-1100/1086-row.jpg,512,512,4.9,35.1,1254x1254,1250.4
1087,pilot,1001-1100,images/1001-1100/pilot.webp,images/1001-1100/pilot.jpg,https://word.chuanxi.fun/images/1001-1100/1087-pilot.webp,https://word.chuanxi.fun/images/1001-1100/1087-pilot.jpg,512,512,43.1,118.4,1254x1254,2758.3
1088,unit,1001-1100,images/1001-1100/unit.webp,images/1001-1100/unit.jpg,https://word.chuanxi.fun/images/1001-1100/1088-unit.webp,https://word.chuanxi.fun/images/1001-1100/1088-unit.jpg,512,512,5.5,25.2,1254x1254,764.2
1089,exercise,1001-1100,images/1001-1100/exercise.webp,images/1001-1100/exercise.jpg,https://word.chuanxi.fun/images/1001-1100/1089-exercise.webp,https://word.chuanxi.fun/images/1001-1100/1089-exercise.jpg,512,512,19.1,66.4,1254x1254,2047.6
1090,grateful,1001-1100,images/1001-1100/grateful.webp,images/1001-1100/grateful.jpg,https://word.chuanxi.fun/images/1001-1100/1090-grateful.webp,https://word.chuanxi.fun/images/1001-1100/1090-grateful.jpg,512,512,19.3,67.6,1254x1254,2034.8
1091,pack,1001-1100,images/1001-1100/pack.webp,images/1001-1100/pack.jpg,https://word.chuanxi.fun/images/1001-1100/1091-pack.webp,https://word.chuanxi.fun/images/1001-1100/1091-pack.jpg,512,512,19.9,71.7,1254x1254,2230.5
1092,near,1001-1100,images/1001-1100/near.webp,images/1001-1100/near.jpg,https://word.chuanxi.fun/images/1001-1100/1092-near.webp,https://word.chuanxi.fun/images/1001-1100/1092-near.jpg,512,512,9.1,52.0,1254x1254,1994.1
1093,final,1001-1100,images/1001-1100/final.webp,images/1001-1100/final.jpg,https://word.chuanxi.fun/images/1001-1100/1093-final.webp,https://word.chuanxi.fun/images/1001-1100/1093-final.jpg,512,512,25.7,83.1,1254x1254,2375.7
1094,entertainment,1001-1100,images/1001-1100/entertainment.webp,images/1001-1100/entertainment.jpg,https://word.chuanxi.fun/images/1001-1100/1094-entertainment.webp,https://word.chuanxi.fun/images/1001-1100/1094-entertainment.jpg,512,512,24.4,83.7,1254x1254,2238.9
1095,silence,1001-1100,images/1001-1100/silence.webp,images/1001-1100/silence.jpg,https://word.chuanxi.fun/images/1001-1100/1095-silence.webp,https://word.chuanxi.fun/images/1001-1100/1095-silence.jpg,512,512,28.7,89.8,1254x1254,2360.6
1096,similar,1001-1100,images/1001-1100/similar.webp,images/1001-1100/similar.jpg,https://word.chuanxi.fun/images/1001-1100/1096-similar.webp,https://word.chuanxi.fun/images/1001-1100/1096-similar.jpg,512,512,23.8,82.9,1254x1254,2412.4
1097,sink,1001-1100,images/1001-1100/sink.webp,images/1001-1100/sink.jpg,https://word.chuanxi.fun/images/1001-1100/1097-sink.webp,https://word.chuanxi.fun/images/1001-1100/1097-sink.jpg,512,512,30.1,98.0,1254x1254,2521.2
1098,police,1001-1100,images/1001-1100/police.webp,images/1001-1100/police.jpg,https://word.chuanxi.fun/images/1001-1100/1098-police.webp,https://word.chuanxi.fun/images/1001-1100/1098-police.jpg,512,512,26.9,85.4,1254x1254,2253.7
1099,dust,1001-1100,images/1001-1100/dust.webp,images/1001-1100/dust.jpg,https://word.chuanxi.fun/images/1001-1100/1099-dust.webp,https://word.chuanxi.fun/images/1001-1100/1099-dust.jpg,512,512,20.7,72.7,1254x1254,2209.0
1100,appropriate,1001-1100,images/1001-1100/appropriate.webp,images/1001-1100/appropriate.jpg,https://word.chuanxi.fun/images/1001-1100/1100-appropriate.webp,https://word.chuanxi.fun/images/1001-1100/1100-appropriate.jpg,512,512,10.3,48.8,1254x1254,1710.6
1101,quick,1101-1200,images/1101-1200/quick.webp,images/1101-1200/quick.jpg,https://word.chuanxi.fun/images/1101-1200/1101-quick.webp,https://word.chuanxi.fun/images/1101-1200/1101-quick.jpg,512,512,10.0,44.2,1254x1254,1372.1
1102,wet,1101-1200,images/1101-1200/wet.webp,images/1101-1200/wet.jpg,https://word.chuanxi.fun/images/1101-1200/1102-wet.webp,https://word.chuanxi.fun/images/1101-1200/1102-wet.jpg,512,512,20.4,67.0,1254x1254,1723.4
1103,unnecessary,1101-1200,images/1101-1200/unnecessary.webp,images/1101-1200/unnecessary.jpg,https://word.chuanxi.fun/images/1101-1200/1103-unnecessary.webp,https://word.chuanxi.fun/images/1101-1200/1103-unnecessary.jpg,512,512,23.6,80.8,1254x1254,2333.7
1104,contact,1101-1200,images/1101-1200/contact.webp,images/1101-1200/contact.jpg,https://word.chuanxi.fun/images/1101-1200/1104-contact.webp,https://word.chuanxi.fun/images/1101-1200/1104-contact.jpg,512,512,12.3,56.0,1254x1254,1979.8
1105,bowl,1101-1200,images/1101-1200/bowl.webp,images/1101-1200/bowl.jpg,https://word.chuanxi.fun/images/1101-1200/1105-bowl.webp,https://word.chuanxi.fun/images/1101-1200/1105-bowl.jpg,512,512,14.2,62.8,1254x1254,2108.9
1106,shower,1101-1200,images/1101-1200/shower.webp,images/1101-1200/shower.jpg,https://word.chuanxi.fun/images/1101-1200/1106-shower.webp,https://word.chuanxi.fun/images/1101-1200/1106-shower.jpg,512,512,22.7,83.7,1254x1254,2394.4
1107,fish,1101-1200,images/1101-1200/fish.webp,images/1101-1200/fish.jpg,https://word.chuanxi.fun/images/1101-1200/1107-fish.webp,https://word.chuanxi.fun/images/1101-1200/1107-fish.jpg,512,512,20.0,72.1,1254x1254,2220.3
1108,disagree,1101-1200,images/1101-1200/disagree.webp,images/1101-1200/disagree.jpg,https://word.chuanxi.fun/images/1101-1200/1108-disagree.webp,https://word.chuanxi.fun/images/1101-1200/1108-disagree.jpg,512,512,23.1,76.6,1254x1254,2176.2
1109,dinosaur,1101-1200,images/1101-1200/dinosaur.webp,images/1101-1200/dinosaur.jpg,https://word.chuanxi.fun/images/1101-1200/1109-dinosaur.webp,https://word.chuanxi.fun/images/1101-1200/1109-dinosaur.jpg,512,512,33.0,93.3,1254x1254,2534.9
1110,ring,1101-1200,images/1101-1200/ring.webp,images/1101-1200/ring.jpg,https://word.chuanxi.fun/images/1101-1200/1110-ring.webp,https://word.chuanxi.fun/images/1101-1200/1110-ring.jpg,512,512,15.5,64.4,1254x1254,2153.2
1111,barber,1101-1200,images/1101-1200/barber.webp,images/1101-1200/barber.jpg,https://word.chuanxi.fun/images/1101-1200/1111-barber.webp,https://word.chuanxi.fun/images/1101-1200/1111-barber.jpg,512,512,30.0,94.2,1254x1254,2388.7
1112,unhappy,1101-1200,images/1101-1200/unhappy.webp,images/1101-1200/unhappy.jpg,https://word.chuanxi.fun/images/1101-1200/1112-unhappy.webp,https://word.chuanxi.fun/images/1101-1200/1112-unhappy.jpg,512,512,12.2,50.3,1254x1254,1846.3
1113,please,1101-1200,images/1101-1200/please.webp,images/1101-1200/please.jpg,https://word.chuanxi.fun/images/1101-1200/1113-please.webp,https://word.chuanxi.fun/images/1101-1200/1113-please.jpg,512,512,21.0,71.3,1254x1254,2079.6
1114,fashion,1101-1200,images/1101-1200/fashion.webp,images/1101-1200/fashion.jpg,https://word.chuanxi.fun/images/1101-1200/1114-fashion.webp,https://word.chuanxi.fun/images/1101-1200/1114-fashion.jpg,512,512,25.0,83.0,1254x1254,2280.4
1115,adjust,1101-1200,images/1101-1200/adjust.webp,images/1101-1200/adjust.jpg,https://word.chuanxi.fun/images/1101-1200/1115-adjust.webp,https://word.chuanxi.fun/images/1101-1200/1115-adjust.jpg,512,512,24.4,80.9,1254x1254,2188.0
1116,blame,1101-1200,images/1101-1200/blame.webp,images/1101-1200/blame.jpg,https://word.chuanxi.fun/images/1101-1200/1116-blame.webp,https://word.chuanxi.fun/images/1101-1200/1116-blame.jpg,512,512,22.2,73.8,1254x1254,2047.8
1117,breeze,1101-1200,images/1101-1200/breeze.webp,images/1101-1200/breeze.jpg,https://word.chuanxi.fun/images/1101-1200/1117-breeze.webp,https://word.chuanxi.fun/images/1101-1200/1117-breeze.jpg,512,512,29.3,97.4,1254x1254,2633.9
1118,educational,1101-1200,images/1101-1200/educational.webp,images/1101-1200/educational.jpg,https://word.chuanxi.fun/images/1101-1200/1118-educational.webp,https://word.chuanxi.fun/images/1101-1200/1118-educational.jpg,512,512,29.5,92.1,1254x1254,2315.3
1119,wave,1101-1200,images/1101-1200/wave.webp,images/1101-1200/wave.jpg,https://word.chuanxi.fun/images/1101-1200/1119-wave.webp,https://word.chuanxi.fun/images/1101-1200/1119-wave.jpg,512,512,8.6,48.4,1254x1254,1887.1
1120,military,1101-1200,images/1101-1200/military.webp,images/1101-1200/military.jpg,https://word.chuanxi.fun/images/1101-1200/1120-military.webp,https://word.chuanxi.fun/images/1101-1200/1120-military.jpg,512,512,19.7,75.8,1254x1254,2404.4
1121,shout,1101-1200,images/1101-1200/shout.webp,images/1101-1200/shout.jpg,https://word.chuanxi.fun/images/1101-1200/1121-shout.webp,https://word.chuanxi.fun/images/1101-1200/1121-shout.jpg,512,512,15.5,58.5,1254x1254,1895.0
1122,sane,1101-1200,images/1101-1200/sane.webp,images/1101-1200/sane.jpg,https://word.chuanxi.fun/images/1101-1200/1122-sane.webp,https://word.chuanxi.fun/images/1101-1200/1122-sane.jpg,512,512,39.7,115.5,1254x1254,2394.4
1123,planetary,1101-1200,images/1101-1200/planetary.webp,images/1101-1200/planetary.jpg,https://word.chuanxi.fun/images/1101-1200/1123-planetary.webp,https://word.chuanxi.fun/images/1101-1200/1123-planetary.jpg,512,512,16.6,63.7,1254x1254,2034.8
1124,dress,1101-1200,images/1101-1200/dress.webp,images/1101-1200/dress.jpg,https://word.chuanxi.fun/images/1101-1200/1124-dress.webp,https://word.chuanxi.fun/images/1101-1200/1124-dress.jpg,512,512,21.3,78.6,1254x1254,2372.9
1125,predict,1101-1200,images/1101-1200/predict.webp,images/1101-1200/predict.jpg,https://word.chuanxi.fun/images/1101-1200/1125-predict.webp,https://word.chuanxi.fun/images/1101-1200/1125-predict.jpg,512,512,39.6,112.3,1254x1254,2621.8
1126,reproduction,1101-1200,images/1101-1200/reproduction.webp,images/1101-1200/reproduction.jpg,https://word.chuanxi.fun/images/1101-1200/1126-reproduction.webp,https://word.chuanxi.fun/images/1101-1200/1126-reproduction.jpg,512,512,12.9,61.4,1254x1254,2076.7
1127,rap,1101-1200,images/1101-1200/rap.webp,images/1101-1200/rap.jpg,https://word.chuanxi.fun/images/1101-1200/1127-rap.webp,https://word.chuanxi.fun/images/1101-1200/1127-rap.jpg,512,512,18.4,66.2,1254x1254,2026.1
1128,branch,1101-1200,images/1101-1200/branch.webp,images/1101-1200/branch.jpg,https://word.chuanxi.fun/images/1101-1200/1128-branch.webp,https://word.chuanxi.fun/images/1101-1200/1128-branch.jpg,512,512,22.7,76.6,1254x1254,2200.4
1129,lifestyle,1101-1200,images/1101-1200/lifestyle.webp,images/1101-1200/lifestyle.jpg,https://word.chuanxi.fun/images/1101-1200/1129-lifestyle.webp,https://word.chuanxi.fun/images/1101-1200/1129-lifestyle.jpg,512,512,51.9,131.3,1254x1254,2781.4
1130,therefore,1101-1200,images/1101-1200/therefore.webp,images/1101-1200/therefore.jpg,https://word.chuanxi.fun/images/1101-1200/1130-therefore.webp,https://word.chuanxi.fun/images/1101-1200/1130-therefore.jpg,512,512,15.0,58.9,1254x1254,1901.8
1131,horror,1101-1200,images/1101-1200/horror.webp,images/1101-1200/horror.jpg,https://word.chuanxi.fun/images/1101-1200/1131-horror.webp,https://word.chuanxi.fun/images/1101-1200/1131-horror.jpg,512,512,27.9,98.3,1254x1254,2605.2
1132,beyond,1101-1200,images/1101-1200/beyond.webp,images/1101-1200/beyond.jpg,https://word.chuanxi.fun/images/1101-1200/1132-beyond.webp,https://word.chuanxi.fun/images/1101-1200/1132-beyond.jpg,512,512,27.0,86.0,1254x1254,2166.6
1133,nervous,1101-1200,images/1101-1200/nervous.webp,images/1101-1200/nervous.jpg,https://word.chuanxi.fun/images/1101-1200/1133-nervous.webp,https://word.chuanxi.fun/images/1101-1200/1133-nervous.jpg,512,512,20.0,73.9,1254x1254,2249.2
1134,chinese,1101-1200,images/1101-1200/chinese.webp,images/1101-1200/chinese.jpg,https://word.chuanxi.fun/images/1101-1200/1134-chinese.webp,https://word.chuanxi.fun/images/1101-1200/1134-chinese.jpg,512,512,25.3,85.4,1254x1254,2411.8
1135,emergency,1101-1200,images/1101-1200/emergency.webp,images/1101-1200/emergency.jpg,https://word.chuanxi.fun/images/1101-1200/1135-emergency.webp,https://word.chuanxi.fun/images/1101-1200/1135-emergency.jpg,512,512,27.6,91.0,1254x1254,2473.8
1136,discussion,1101-1200,images/1101-1200/discussion.webp,images/1101-1200/discussion.jpg,https://word.chuanxi.fun/images/1101-1200/1136-discussion.webp,https://word.chuanxi.fun/images/1101-1200/1136-discussion.jpg,512,512,36.2,103.7,1254x1254,2408.9
1137,response,1101-1200,images/1101-1200/response.webp,images/1101-1200/response.jpg,https://word.chuanxi.fun/images/1101-1200/1137-response.webp,https://word.chuanxi.fun/images/1101-1200/1137-response.jpg,512,512,15.2,61.7,1254x1254,1618.5
1138,discover,1101-1200,images/1101-1200/discover.webp,images/1101-1200/discover.jpg,https://word.chuanxi.fun/images/1101-1200/1138-discover.webp,https://word.chuanxi.fun/images/1101-1200/1138-discover.jpg,512,512,26.3,81.1,1254x1254,2181.7
1139,rush,1101-1200,images/1101-1200/rush.webp,images/1101-1200/rush.jpg,https://word.chuanxi.fun/images/1101-1200/1139-rush.webp,https://word.chuanxi.fun/images/1101-1200/1139-rush.jpg,512,512,18.4,66.0,1254x1254,1930.0
1140,reverberate,1101-1200,images/1101-1200/reverberate.webp,images/1101-1200/reverberate.jpg,https://word.chuanxi.fun/images/1101-1200/1140-reverberate.webp,https://word.chuanxi.fun/images/1101-1200/1140-reverberate.jpg,512,512,43.6,113.9,1254x1254,2705.3
1141,male,1101-1200,images/1101-1200/male.webp,images/1101-1200/male.jpg,https://word.chuanxi.fun/images/1101-1200/1141-male.webp,https://word.chuanxi.fun/images/1101-1200/1141-male.jpg,512,512,16.8,70.8,1254x1254,2077.4
1142,fortune,1101-1200,images/1101-1200/fortune.webp,images/1101-1200/fortune.jpg,https://word.chuanxi.fun/images/1101-1200/1142-fortune.webp,https://word.chuanxi.fun/images/1101-1200/1142-fortune.jpg,512,512,28.0,92.3,1254x1254,2432.7
1143,soldier,1101-1200,images/1101-1200/soldier.webp,images/1101-1200/soldier.jpg,https://word.chuanxi.fun/images/1101-1200/1143-soldier.webp,https://word.chuanxi.fun/images/1101-1200/1143-soldier.jpg,512,512,32.1,96.7,1254x1254,2577.8
1144,relax,1101-1200,images/1101-1200/relax.webp,images/1101-1200/relax.jpg,https://word.chuanxi.fun/images/1101-1200/1144-relax.webp,https://word.chuanxi.fun/images/1101-1200/1144-relax.jpg,512,512,21.8,74.8,1254x1254,2109.6
1145,snow,1101-1200,images/1101-1200/snow.webp,images/1101-1200/snow.jpg,https://word.chuanxi.fun/images/1101-1200/1145-snow.webp,https://word.chuanxi.fun/images/1101-1200/1145-snow.jpg,512,512,28.2,91.7,1254x1254,2435.9
1146,terrify,1101-1200,images/1101-1200/terrify.webp,images/1101-1200/terrify.jpg,https://word.chuanxi.fun/images/1101-1200/1146-terrify.webp,https://word.chuanxi.fun/images/1101-1200/1146-terrify.jpg,512,512,24.5,84.7,1254x1254,2268.4
1147,crowd,1101-1200,images/1101-1200/crowd.webp,images/1101-1200/crowd.jpg,https://word.chuanxi.fun/images/1101-1200/1147-crowd.webp,https://word.chuanxi.fun/images/1101-1200/1147-crowd.jpg,512,512,48.6,130.9,1254x1254,2790.3
1148,unknown,1101-1200,images/1101-1200/unknown.webp,images/1101-1200/unknown.jpg,https://word.chuanxi.fun/images/1101-1200/1148-unknown.webp,https://word.chuanxi.fun/images/1101-1200/1148-unknown.jpg,512,512,18.8,71.2,1254x1254,2189.0
1149,loose,1101-1200,images/1101-1200/loose.webp,images/1101-1200/loose.jpg,https://word.chuanxi.fun/images/1101-1200/1149-loose.webp,https://word.chuanxi.fun/images/1101-1200/1149-loose.jpg,512,512,22.4,75.3,1254x1254,2180.9
1150,british,1101-1200,images/1101-1200/british.webp,images/1101-1200/british.jpg,https://word.chuanxi.fun/images/1101-1200/1150-british.webp,https://word.chuanxi.fun/images/1101-1200/1150-british.jpg,512,512,32.1,97.0,1254x1254,2388.1
1151,metal,1101-1200,images/1101-1200/metal.webp,images/1101-1200/metal.jpg,https://word.chuanxi.fun/images/1101-1200/1151-metal.webp,https://word.chuanxi.fun/images/1101-1200/1151-metal.jpg,512,512,15.3,60.1,1254x1254,1936.4
1152,furniture,1101-1200,images/1101-1200/furniture.webp,images/1101-1200/furniture.jpg,https://word.chuanxi.fun/images/1101-1200/1152-furniture.webp,https://word.chuanxi.fun/images/1101-1200/1152-furniture.jpg,512,512,25.4,86.3,1254x1254,2439.9
1153,rob,1101-1200,images/1101-1200/rob.webp,images/1101-1200/rob.jpg,https://word.chuanxi.fun/images/1101-1200/1153-rob.webp,https://word.chuanxi.fun/images/1101-1200/1153-rob.jpg,512,512,35.9,106.5,1254x1254,2595.5
1154,confident,1101-1200,images/1101-1200/confident.webp,images/1101-1200/confident.jpg,https://word.chuanxi.fun/images/1101-1200/1154-confident.webp,https://word.chuanxi.fun/images/1101-1200/1154-confident.jpg,512,512,14.2,57.8,1254x1254,1962.9
1155,customer,1101-1200,images/1101-1200/customer.webp,images/1101-1200/customer.jpg,https://word.chuanxi.fun/images/1101-1200/1155-customer.webp,https://word.chuanxi.fun/images/1101-1200/1155-customer.jpg,512,512,30.4,94.6,1254x1254,2425.8
1156,illegal,1101-1200,images/1101-1200/illegal.webp,images/1101-1200/illegal.jpg,https://word.chuanxi.fun/images/1101-1200/1156-illegal.webp,https://word.chuanxi.fun/images/1101-1200/1156-illegal.jpg,512,512,21.4,77.8,1254x1254,2347.4
1157,someday,1101-1200,images/1101-1200/someday.webp,images/1101-1200/someday.jpg,https://word.chuanxi.fun/images/1101-1200/1157-someday.webp,https://word.chuanxi.fun/images/1101-1200/1157-someday.jpg,512,512,30.6,94.5,1254x1254,2399.4
1158,tone,1101-1200,images/1101-1200/tone.webp,images/1101-1200/tone.jpg,https://word.chuanxi.fun/images/1101-1200/1158-tone.webp,https://word.chuanxi.fun/images/1101-1200/1158-tone.jpg,512,512,12.9,59.1,1254x1254,1919.5
1159,wide,1101-1200,images/1101-1200/wide.webp,images/1101-1200/wide.jpg,https://word.chuanxi.fun/images/1101-1200/1159-wide.webp,https://word.chuanxi.fun/images/1101-1200/1159-wide.jpg,512,512,45.4,117.4,1254x1254,2678.4
1160,gracefully,1101-1200,images/1101-1200/gracefully.webp,images/1101-1200/gracefully.jpg,https://word.chuanxi.fun/images/1101-1200/1160-gracefully.webp,https://word.chuanxi.fun/images/1101-1200/1160-gracefully.jpg,512,512,21.4,80.1,1254x1254,2158.4
1161,encourage,1101-1200,images/1101-1200/encourage.webp,images/1101-1200/encourage.jpg,https://word.chuanxi.fun/images/1101-1200/1161-encourage.webp,https://word.chuanxi.fun/images/1101-1200/1161-encourage.jpg,512,512,20.1,71.0,1254x1254,2037.6
1162,quiet,1101-1200,images/1101-1200/quiet.webp,images/1101-1200/quiet.jpg,https://word.chuanxi.fun/images/1101-1200/1162-quiet.webp,https://word.chuanxi.fun/images/1101-1200/1162-quiet.jpg,512,512,37.7,109.2,1254x1254,2534.1
1163,mood,1101-1200,images/1101-1200/mood.webp,images/1101-1200/mood.jpg,https://word.chuanxi.fun/images/1101-1200/1163-mood.webp,https://word.chuanxi.fun/images/1101-1200/1163-mood.jpg,512,512,15.0,64.7,1254x1254,2084.8
1164,bulb,1101-1200,images/1101-1200/bulb.webp,images/1101-1200/bulb.jpg,https://word.chuanxi.fun/images/1101-1200/1164-bulb.webp,https://word.chuanxi.fun/images/1101-1200/1164-bulb.jpg,512,512,12.2,56.9,1254x1254,2033.4
1165,international,1101-1200,images/1101-1200/international.webp,images/1101-1200/international.jpg,https://word.chuanxi.fun/images/1101-1200/1165-international.webp,https://word.chuanxi.fun/images/1101-1200/1165-international.jpg,512,512,40.3,114.6,1254x1254,2475.1
1166,bill,1101-1200,images/1101-1200/bill.webp,images/1101-1200/bill.jpg,https://word.chuanxi.fun/images/1101-1200/1166-bill.webp,https://word.chuanxi.fun/images/1101-1200/1166-bill.jpg,512,512,16.7,73.3,1254x1254,2158.5
1167,agency,1101-1200,images/1101-1200/agency.webp,images/1101-1200/agency.jpg,https://word.chuanxi.fun/images/1101-1200/1167-agency.webp,https://word.chuanxi.fun/images/1101-1200/1167-agency.jpg,512,512,25.7,90.3,1254x1254,2471.3
1168,usual,1101-1200,images/1101-1200/usual.webp,images/1101-1200/usual.jpg,https://word.chuanxi.fun/images/1101-1200/1168-usual.webp,https://word.chuanxi.fun/images/1101-1200/1168-usual.jpg,512,512,22.0,76.6,1254x1254,2036.1
1169,excuse,1101-1200,images/1101-1200/excuse.webp,images/1101-1200/excuse.jpg,https://word.chuanxi.fun/images/1101-1200/1169-excuse.webp,https://word.chuanxi.fun/images/1101-1200/1169-excuse.jpg,512,512,16.6,66.0,1254x1254,2059.6
1170,maker,1101-1200,images/1101-1200/maker.webp,images/1101-1200/maker.jpg,https://word.chuanxi.fun/images/1101-1200/1170-maker.webp,https://word.chuanxi.fun/images/1101-1200/1170-maker.jpg,512,512,16.5,58.5,1254x1254,1834.7
1171,toe,1101-1200,images/1101-1200/toe.webp,images/1101-1200/toe.jpg,https://word.chuanxi.fun/images/1101-1200/1171-toe.webp,https://word.chuanxi.fun/images/1101-1200/1171-toe.jpg,512,512,12.4,65.7,1254x1254,2322.6
1172,tune,1101-1200,images/1101-1200/tune.webp,images/1101-1200/tune.jpg,https://word.chuanxi.fun/images/1101-1200/1172-tune.webp,https://word.chuanxi.fun/images/1101-1200/1172-tune.jpg,512,512,16.1,67.6,1254x1254,2090.6
1173,competition,1101-1200,images/1101-1200/competition.webp,images/1101-1200/competition.jpg,https://word.chuanxi.fun/images/1101-1200/1173-competition.webp,https://word.chuanxi.fun/images/1101-1200/1173-competition.jpg,512,512,30.2,93.8,1254x1254,2375.3
1174,episode,1101-1200,images/1101-1200/episode.webp,images/1101-1200/episode.jpg,https://word.chuanxi.fun/images/1101-1200/1174-episode.webp,https://word.chuanxi.fun/images/1101-1200/1174-episode.jpg,512,512,29.6,96.3,1254x1254,2368.8
1175,symbolism,1101-1200,images/1101-1200/symbolism.webp,images/1101-1200/symbolism.jpg,https://word.chuanxi.fun/images/1101-1200/1175-symbolism.webp,https://word.chuanxi.fun/images/1101-1200/1175-symbolism.jpg,512,512,12.1,56.7,1254x1254,1977.5
1176,architecture,1101-1200,images/1101-1200/architecture.webp,images/1101-1200/architecture.jpg,https://word.chuanxi.fun/images/1101-1200/1176-architecture.webp,https://word.chuanxi.fun/images/1101-1200/1176-architecture.jpg,512,512,25.8,84.6,1254x1254,2245.8
1177,zone,1101-1200,images/1101-1200/zone.webp,images/1101-1200/zone.jpg,https://word.chuanxi.fun/images/1101-1200/1177-zone.webp,https://word.chuanxi.fun/images/1101-1200/1177-zone.jpg,512,512,51.4,131.6,1254x1254,2716.5
1178,insanity,1101-1200,images/1101-1200/insanity.webp,images/1101-1200/insanity.jpg,https://word.chuanxi.fun/images/1101-1200/1178-insanity.webp,https://word.chuanxi.fun/images/1101-1200/1178-insanity.jpg,512,512,27.6,87.2,1254x1254,2232.9
1179,weep,1101-1200,images/1101-1200/weep.webp,images/1101-1200/weep.jpg,https://word.chuanxi.fun/images/1101-1200/1179-weep.webp,https://word.chuanxi.fun/images/1101-1200/1179-weep.jpg,512,512,15.4,55.4,1254x1254,1794.0
1180,production,1101-1200,images/1101-1200/production.webp,images/1101-1200/production.jpg,https://word.chuanxi.fun/images/1101-1200/1180-production.webp,https://word.chuanxi.fun/images/1101-1200/1180-production.jpg,512,512,26.2,84.0,1254x1254,2107.0
1181,uncertain,1101-1200,images/1101-1200/uncertain.webp,images/1101-1200/uncertain.jpg,https://word.chuanxi.fun/images/1101-1200/1181-uncertain.webp,https://word.chuanxi.fun/images/1101-1200/1181-uncertain.jpg,512,512,29.7,92.4,1254x1254,2453.0
1182,freeze,1101-1200,images/1101-1200/freeze.webp,images/1101-1200/freeze.jpg,https://word.chuanxi.fun/images/1101-1200/1182-freeze.webp,https://word.chuanxi.fun/images/1101-1200/1182-freeze.jpg,512,512,25.9,79.2,1254x1254,2251.3
1183,brilliant,1101-1200,images/1101-1200/brilliant.webp,images/1101-1200/brilliant.jpg,https://word.chuanxi.fun/images/1101-1200/1183-brilliant.webp,https://word.chuanxi.fun/images/1101-1200/1183-brilliant.jpg,512,512,16.7,69.1,1254x1254,2134.0
1184,reverberation,1101-1200,images/1101-1200/reverberation.webp,images/1101-1200/reverberation.jpg,https://word.chuanxi.fun/images/1101-1200/1184-reverberation.webp,https://word.chuanxi.fun/images/1101-1200/1184-reverberation.jpg,512,512,43.6,113.9,1254x1254,2705.3
1185,diagnosis,1101-1200,images/1101-1200/diagnosis.webp,images/1101-1200/diagnosis.jpg,https://word.chuanxi.fun/images/1101-1200/1185-diagnosis.webp,https://word.chuanxi.fun/images/1101-1200/1185-diagnosis.jpg,512,512,19.1,71.6,1254x1254,2274.0
1186,smoke,1101-1200,images/1101-1200/smoke.webp,images/1101-1200/smoke.jpg,https://word.chuanxi.fun/images/1101-1200/1186-smoke.webp,https://word.chuanxi.fun/images/1101-1200/1186-smoke.jpg,512,512,15.0,65.7,1254x1254,2200.5
1187,surprise,1101-1200,images/1101-1200/surprise.webp,images/1101-1200/surprise.jpg,https://word.chuanxi.fun/images/1101-1200/1187-surprise.webp,https://word.chuanxi.fun/images/1101-1200/1187-surprise.jpg,512,512,25.1,81.3,1254x1254,2161.2
1188,teenage,1101-1200,images/1101-1200/teenage.webp,images/1101-1200/teenage.jpg,https://word.chuanxi.fun/images/1101-1200/1188-teenage.webp,https://word.chuanxi.fun/images/1101-1200/1188-teenage.jpg,512,512,13.6,61.0,1254x1254,2116.9
1189,handful,1101-1200,images/1101-1200/handful.webp,images/1101-1200/handful.jpg,https://word.chuanxi.fun/images/1101-1200/1189-handful.webp,https://word.chuanxi.fun/images/1101-1200/1189-handful.jpg,512,512,13.4,63.1,1254x1254,2114.7
1190,telephone,1101-1200,images/1101-1200/telephone.webp,images/1101-1200/telephone.jpg,https://word.chuanxi.fun/images/1101-1200/1190-telephone.webp,https://word.chuanxi.fun/images/1101-1200/1190-telephone.jpg,512,512,20.1,69.0,1254x1254,1581.8
1191,raw,1101-1200,images/1101-1200/raw.webp,images/1101-1200/raw.jpg,https://word.chuanxi.fun/images/1101-1200/1191-raw.webp,https://word.chuanxi.fun/images/1101-1200/1191-raw.jpg,512,512,34.4,100.9,1254x1254,2459.5
1192,traditional,1101-1200,images/1101-1200/traditional.webp,images/1101-1200/traditional.jpg,https://word.chuanxi.fun/images/1101-1200/1192-traditional.webp,https://word.chuanxi.fun/images/1101-1200/1192-traditional.jpg,512,512,22.0,78.8,1254x1254,2221.9
1193,ship,1101-1200,images/1101-1200/ship.webp,images/1101-1200/ship.jpg,https://word.chuanxi.fun/images/1101-1200/1193-ship.webp,https://word.chuanxi.fun/images/1101-1200/1193-ship.jpg,512,512,32.4,95.1,1254x1254,2262.2
1194,roof,1101-1200,images/1101-1200/roof.webp,images/1101-1200/roof.jpg,https://word.chuanxi.fun/images/1101-1200/1194-roof.webp,https://word.chuanxi.fun/images/1101-1200/1194-roof.jpg,512,512,41.7,116.8,1254x1254,2743.8
1195,award,1101-1200,images/1101-1200/award.webp,images/1101-1200/award.jpg,https://word.chuanxi.fun/images/1101-1200/1195-award.webp,https://word.chuanxi.fun/images/1101-1200/1195-award.jpg,512,512,21.1,76.7,1254x1254,2229.3
1196,certainly,1101-1200,images/1101-1200/certainly.webp,images/1101-1200/certainly.jpg,https://word.chuanxi.fun/images/1101-1200/1196-certainly.webp,https://word.chuanxi.fun/images/1101-1200/1196-certainly.jpg,512,512,13.2,61.9,1254x1254,2105.0
1197,native,1101-1200,images/1101-1200/native.webp,images/1101-1200/native.jpg,https://word.chuanxi.fun/images/1101-1200/1197-native.webp,https://word.chuanxi.fun/images/1101-1200/1197-native.jpg,512,512,38.8,104.8,1254x1254,2528.8
1198,toothbrush,1101-1200,images/1101-1200/toothbrush.webp,images/1101-1200/toothbrush.jpg,https://word.chuanxi.fun/images/1101-1200/1198-toothbrush.webp,https://word.chuanxi.fun/images/1101-1200/1198-toothbrush.jpg,512,512,10.0,49.6,1254x1254,1529.9
1199,remote,1101-1200,images/1101-1200/remote.webp,images/1101-1200/remote.jpg,https://word.chuanxi.fun/images/1101-1200/1199-remote.webp,https://word.chuanxi.fun/images/1101-1200/1199-remote.jpg,512,512,35.1,101.7,1254x1254,2592.7
1200,mainly,1101-1200,images/1101-1200/mainly.webp,images/1101-1200/mainly.jpg,https://word.chuanxi.fun/images/1101-1200/1200-mainly.webp,https://word.chuanxi.fun/images/1101-1200/1200-mainly.jpg,512,512,15.9,58.0,1254x1254,1310.4
1201,shade,1201-1300,images/1201-1300/shade.webp,images/1201-1300/shade.jpg,https://word.chuanxi.fun/images/1201-1300/1201-shade.webp,https://word.chuanxi.fun/images/1201-1300/1201-shade.jpg,512,512,46.8,120.0,1254x1254,2730.8
1202,terrified,1201-1300,images/1201-1300/terrified.webp,images/1201-1300/terrified.jpg,https://word.chuanxi.fun/images/1201-1300/1202-terrified.webp,https://word.chuanxi.fun/images/1201-1300/1202-terrified.jpg,512,512,22.1,81.3,1254x1254,2246.7
1203,ruin,1201-1300,images/1201-1300/ruin.webp,images/1201-1300/ruin.jpg,https://word.chuanxi.fun/images/1201-1300/1203-ruin.webp,https://word.chuanxi.fun/images/1201-1300/1203-ruin.jpg,512,512,35.1,97.0,1254x1254,2389.4
1204,tight,1201-1300,images/1201-1300/tight.webp,images/1201-1300/tight.jpg,https://word.chuanxi.fun/images/1201-1300/1204-tight.webp,https://word.chuanxi.fun/images/1201-1300/1204-tight.jpg,512,512,22.4,75.3,1254x1254,2087.8
1205,symbol,1201-1300,images/1201-1300/symbol.webp,images/1201-1300/symbol.jpg,https://word.chuanxi.fun/images/1201-1300/1205-symbol.webp,https://word.chuanxi.fun/images/1201-1300/1205-symbol.jpg,512,512,12.1,56.7,1254x1254,1861.4
1206,untouched,1201-1300,images/1201-1300/untouched.webp,images/1201-1300/untouched.jpg,https://word.chuanxi.fun/images/1201-1300/1206-untouched.webp,https://word.chuanxi.fun/images/1201-1300/1206-untouched.jpg,512,512,16.1,68.0,1254x1254,2026.4
1207,along,1201-1300,images/1201-1300/along.webp,images/1201-1300/along.jpg,https://word.chuanxi.fun/images/1201-1300/1207-along.webp,https://word.chuanxi.fun/images/1201-1300/1207-along.jpg,512,512,6.9,47.9,1254x1254,1814.2
1208,superstar,1201-1300,images/1201-1300/superstar.webp,images/1201-1300/superstar.jpg,https://word.chuanxi.fun/images/1201-1300/1208-superstar.webp,https://word.chuanxi.fun/images/1201-1300/1208-superstar.jpg,512,512,27.0,88.8,1254x1254,2370.2
1209,sunlight,1201-1300,images/1201-1300/sunlight.webp,images/1201-1300/sunlight.jpg,https://word.chuanxi.fun/images/1201-1300/1209-sunlight.webp,https://word.chuanxi.fun/images/1201-1300/1209-sunlight.jpg,512,512,27.0,95.4,1254x1254,2219.7
1210,chat,1201-1300,images/1201-1300/chat.webp,images/1201-1300/chat.jpg,https://word.chuanxi.fun/images/1201-1300/1210-chat.webp,https://word.chuanxi.fun/images/1201-1300/1210-chat.jpg,512,512,21.4,71.5,1254x1254,1849.3
1211,manager,1201-1300,images/1201-1300/manager.webp,images/1201-1300/manager.jpg,https://word.chuanxi.fun/images/1201-1300/1211-manager.webp,https://word.chuanxi.fun/images/1201-1300/1211-manager.jpg,512,512,22.3,75.4,1254x1254,1904.5
1212,happiness,1201-1300,images/1201-1300/happiness.webp,images/1201-1300/happiness.jpg,https://word.chuanxi.fun/images/1201-1300/1212-happiness.webp,https://word.chuanxi.fun/images/1201-1300/1212-happiness.jpg,512,512,17.3,65.8,1254x1254,1864.7
1213,communication,1201-1300,images/1201-1300/communication.webp,images/1201-1300/communication.jpg,https://word.chuanxi.fun/images/1201-1300/1213-communication.webp,https://word.chuanxi.fun/images/1201-1300/1213-communication.jpg,512,512,26.8,84.5,1254x1254,2089.8
1214,confuse,1201-1300,images/1201-1300/confuse.webp,images/1201-1300/confuse.jpg,https://word.chuanxi.fun/images/1201-1300/1214-confuse.webp,https://word.chuanxi.fun/images/1201-1300/1214-confuse.jpg,512,512,15.8,58.0,1254x1254,1799.0
1215,soap,1201-1300,images/1201-1300/soap.webp,images/1201-1300/soap.jpg,https://word.chuanxi.fun/images/1201-1300/1215-soap.webp,https://word.chuanxi.fun/images/1201-1300/1215-soap.jpg,512,512,11.4,62.4,1254x1254,2039.4
1216,flight,1201-1300,images/1201-1300/flight.webp,images/1201-1300/flight.jpg,https://word.chuanxi.fun/images/1201-1300/1216-flight.webp,https://word.chuanxi.fun/images/1201-1300/1216-flight.jpg,512,512,12.5,56.4,1254x1254,1761.6
1217,tour,1201-1300,images/1201-1300/tour.webp,images/1201-1300/tour.jpg,https://word.chuanxi.fun/images/1201-1300/1217-tour.webp,https://word.chuanxi.fun/images/1201-1300/1217-tour.jpg,512,512,39.9,117.2,1254x1254,2618.6
1218,romance,1201-1300,images/1201-1300/romance.webp,images/1201-1300/romance.jpg,https://word.chuanxi.fun/images/1201-1300/1218-romance.webp,https://word.chuanxi.fun/images/1201-1300/1218-romance.jpg,512,512,12.1,59.3,1254x1254,1856.6
1219,return,1201-1300,images/1201-1300/return.webp,images/1201-1300/return.jpg,https://word.chuanxi.fun/images/1201-1300/1219-return.webp,https://word.chuanxi.fun/images/1201-1300/1219-return.jpg,512,512,13.0,62.1,1254x1254,1948.8
1220,chamber,1201-1300,images/1201-1300/chamber.webp,images/1201-1300/chamber.jpg,https://word.chuanxi.fun/images/1201-1300/1220-chamber.webp,https://word.chuanxi.fun/images/1201-1300/1220-chamber.jpg,512,512,26.7,92.3,1254x1254,2472.1
1221,kiss,1201-1300,images/1201-1300/kiss.webp,images/1201-1300/kiss.jpg,https://word.chuanxi.fun/images/1201-1300/1221-kiss.webp,https://word.chuanxi.fun/images/1201-1300/1221-kiss.jpg,512,512,21.2,77.5,1254x1254,2282.8
1222,familiar,1201-1300,images/1201-1300/familiar.webp,images/1201-1300/familiar.jpg,https://word.chuanxi.fun/images/1201-1300/1222-familiar.webp,https://word.chuanxi.fun/images/1201-1300/1222-familiar.jpg,512,512,18.3,76.7,1254x1254,2178.5
1223,illusion,1201-1300,images/1201-1300/illusion.webp,images/1201-1300/illusion.jpg,https://word.chuanxi.fun/images/1201-1300/1223-illusion.webp,https://word.chuanxi.fun/images/1201-1300/1223-illusion.jpg,512,512,34.8,101.1,1254x1254,2445.2
1224,director,1201-1300,images/1201-1300/director.webp,images/1201-1300/director.jpg,https://word.chuanxi.fun/images/1201-1300/1224-director.webp,https://word.chuanxi.fun/images/1201-1300/1224-director.jpg,512,512,22.1,72.8,1254x1254,1913.1
1225,appointment,1201-1300,images/1201-1300/appointment.webp,images/1201-1300/appointment.jpg,https://word.chuanxi.fun/images/1201-1300/1225-appointment.webp,https://word.chuanxi.fun/images/1201-1300/1225-appointment.jpg,512,512,19.3,70.2,1254x1254,2098.8
1226,coin,1201-1300,images/1201-1300/coin.webp,images/1201-1300/coin.jpg,https://word.chuanxi.fun/images/1201-1300/1226-coin.webp,https://word.chuanxi.fun/images/1201-1300/1226-coin.jpg,512,512,14.0,65.4,1254x1254,2000.9
1227,clerk,1201-1300,images/1201-1300/clerk.webp,images/1201-1300/clerk.jpg,https://word.chuanxi.fun/images/1201-1300/1227-clerk.webp,https://word.chuanxi.fun/images/1201-1300/1227-clerk.jpg,512,512,26.8,87.8,1254x1254,2286.2
1228,talent,1201-1300,images/1201-1300/talent.webp,images/1201-1300/talent.jpg,https://word.chuanxi.fun/images/1201-1300/1228-talent.webp,https://word.chuanxi.fun/images/1201-1300/1228-talent.jpg,512,512,15.3,71.9,1254x1254,2178.2
1229,prefer,1201-1300,images/1201-1300/prefer.webp,images/1201-1300/prefer.jpg,https://word.chuanxi.fun/images/1201-1300/1229-prefer.webp,https://word.chuanxi.fun/images/1201-1300/1229-prefer.jpg,512,512,17.4,63.9,1254x1254,1861.9
1230,diet,1201-1300,images/1201-1300/diet.webp,images/1201-1300/diet.jpg,https://word.chuanxi.fun/images/1201-1300/1230-diet.webp,https://word.chuanxi.fun/images/1201-1300/1230-diet.jpg,512,512,30.2,92.3,1254x1254,2326.1
1231,happily,1201-1300,images/1201-1300/happily.webp,images/1201-1300/happily.jpg,https://word.chuanxi.fun/images/1201-1300/1231-happily.webp,https://word.chuanxi.fun/images/1201-1300/1231-happily.jpg,512,512,17.3,65.8,1254x1254,1864.7
1232,ambition,1201-1300,images/1201-1300/ambition.webp,images/1201-1300/ambition.jpg,https://word.chuanxi.fun/images/1201-1300/1232-ambition.webp,https://word.chuanxi.fun/images/1201-1300/1232-ambition.jpg,512,512,49.6,126.1,1254x1254,2928.5
1233,hardly,1201-1300,images/1201-1300/hardly.webp,images/1201-1300/hardly.jpg,https://word.chuanxi.fun/images/1201-1300/1233-hardly.webp,https://word.chuanxi.fun/images/1201-1300/1233-hardly.jpg,512,512,22.4,80.0,1254x1254,2206.6
1234,greatly,1201-1300,images/1201-1300/greatly.webp,images/1201-1300/greatly.jpg,https://word.chuanxi.fun/images/1201-1300/1234-greatly.webp,https://word.chuanxi.fun/images/1201-1300/1234-greatly.jpg,512,512,14.6,62.5,1254x1254,1992.2
1235,request,1201-1300,images/1201-1300/request.webp,images/1201-1300/request.jpg,https://word.chuanxi.fun/images/1201-1300/1235-request.webp,https://word.chuanxi.fun/images/1201-1300/1235-request.jpg,512,512,21.7,71.4,1254x1254,1871.5
1236,nurse,1201-1300,images/1201-1300/nurse.webp,images/1201-1300/nurse.jpg,https://word.chuanxi.fun/images/1201-1300/1236-nurse.webp,https://word.chuanxi.fun/images/1201-1300/1236-nurse.jpg,512,512,15.0,65.9,1254x1254,2062.8
1237,oppose,1201-1300,images/1201-1300/oppose.webp,images/1201-1300/oppose.jpg,https://word.chuanxi.fun/images/1201-1300/1237-oppose.webp,https://word.chuanxi.fun/images/1201-1300/1237-oppose.jpg,512,512,23.1,76.6,1254x1254,2097.7
1238,seemingly,1201-1300,images/1201-1300/seemingly.webp,images/1201-1300/seemingly.jpg,https://word.chuanxi.fun/images/1201-1300/1238-seemingly.webp,https://word.chuanxi.fun/images/1201-1300/1238-seemingly.jpg,512,512,17.8,68.7,1254x1254,1920.1
1239,reveal,1201-1300,images/1201-1300/reveal.webp,images/1201-1300/reveal.jpg,https://word.chuanxi.fun/images/1201-1300/1239-reveal.webp,https://word.chuanxi.fun/images/1201-1300/1239-reveal.jpg,512,512,18.5,72.5,1254x1254,2126.2
1240,degree,1201-1300,images/1201-1300/degree.webp,images/1201-1300/degree.jpg,https://word.chuanxi.fun/images/1201-1300/1240-degree.webp,https://word.chuanxi.fun/images/1201-1300/1240-degree.jpg,512,512,9.5,54.8,1254x1254,2015.8
1241,boil,1201-1300,images/1201-1300/boil.webp,images/1201-1300/boil.jpg,https://word.chuanxi.fun/images/1201-1300/1241-boil.webp,https://word.chuanxi.fun/images/1201-1300/1241-boil.jpg,512,512,22.2,77.8,1254x1254,2137.2
1242,pill,1201-1300,images/1201-1300/pill.webp,images/1201-1300/pill.jpg,https://word.chuanxi.fun/images/1201-1300/1242-pill.webp,https://word.chuanxi.fun/images/1201-1300/1242-pill.jpg,512,512,12.6,60.6,1254x1254,2004.5
1243,post,1201-1300,images/1201-1300/post.webp,images/1201-1300/post.jpg,https://word.chuanxi.fun/images/1201-1300/1243-post.webp,https://word.chuanxi.fun/images/1201-1300/1243-post.jpg,512,512,26.5,93.1,1254x1254,2449.0
1244,several,1201-1300,images/1201-1300/several.webp,images/1201-1300/several.jpg,https://word.chuanxi.fun/images/1201-1300/1244-several.webp,https://word.chuanxi.fun/images/1201-1300/1244-several.jpg,512,512,9.8,51.8,1254x1254,1813.5
1245,weak,1201-1300,images/1201-1300/weak.webp,images/1201-1300/weak.jpg,https://word.chuanxi.fun/images/1201-1300/1245-weak.webp,https://word.chuanxi.fun/images/1201-1300/1245-weak.jpg,512,512,36.8,109.5,1254x1254,2315.6
1246,scene,1201-1300,images/1201-1300/scene.webp,images/1201-1300/scene.jpg,https://word.chuanxi.fun/images/1201-1300/1246-scene.webp,https://word.chuanxi.fun/images/1201-1300/1246-scene.jpg,512,512,41.9,115.8,1254x1254,2590.1
1247,print,1201-1300,images/1201-1300/print.webp,images/1201-1300/print.jpg,https://word.chuanxi.fun/images/1201-1300/1247-print.webp,https://word.chuanxi.fun/images/1201-1300/1247-print.jpg,512,512,16.4,69.8,1254x1254,2209.9
1248,beg,1201-1300,images/1201-1300/beg.webp,images/1201-1300/beg.jpg,https://word.chuanxi.fun/images/1201-1300/1248-beg.webp,https://word.chuanxi.fun/images/1201-1300/1248-beg.jpg,512,512,13.1,53.1,1254x1254,1709.0
1249,activate,1201-1300,images/1201-1300/activate.webp,images/1201-1300/activate.jpg,https://word.chuanxi.fun/images/1201-1300/1249-activate.webp,https://word.chuanxi.fun/images/1201-1300/1249-activate.jpg,512,512,16.2,60.2,1254x1254,1746.6
1250,protein,1201-1300,images/1201-1300/protein.webp,images/1201-1300/protein.jpg,https://word.chuanxi.fun/images/1201-1300/1250-protein.webp,https://word.chuanxi.fun/images/1201-1300/1250-protein.jpg,512,512,30.2,94.7,1254x1254,2463.7
1251,target,1201-1300,images/1201-1300/target.webp,images/1201-1300/target.jpg,https://word.chuanxi.fun/images/1201-1300/1251-target.webp,https://word.chuanxi.fun/images/1201-1300/1251-target.jpg,512,512,22.2,81.7,1254x1254,2163.3
1252,likely,1201-1300,images/1201-1300/likely.webp,images/1201-1300/likely.jpg,https://word.chuanxi.fun/images/1201-1300/1252-likely.webp,https://word.chuanxi.fun/images/1201-1300/1252-likely.jpg,512,512,7.5,49.6,1254x1254,1870.3
1253,rhythm,1201-1300,images/1201-1300/rhythm.webp,images/1201-1300/rhythm.jpg,https://word.chuanxi.fun/images/1201-1300/1253-rhythm.webp,https://word.chuanxi.fun/images/1201-1300/1253-rhythm.jpg,512,512,8.9,55.7,1254x1254,1888.1
1254,title,1201-1300,images/1201-1300/title.webp,images/1201-1300/title.jpg,https://word.chuanxi.fun/images/1201-1300/1254-title.webp,https://word.chuanxi.fun/images/1201-1300/1254-title.jpg,512,512,10.4,62.2,1254x1254,2132.9
1255,wakefulness,1201-1300,images/1201-1300/wakefulness.webp,images/1201-1300/wakefulness.jpg,https://word.chuanxi.fun/images/1201-1300/1255-wakefulness.webp,https://word.chuanxi.fun/images/1201-1300/1255-wakefulness.jpg,512,512,15.4,62.0,1254x1254,1951.3
1256,complaint,1201-1300,images/1201-1300/complaint.webp,images/1201-1300/complaint.jpg,https://word.chuanxi.fun/images/1201-1300/1256-complaint.webp,https://word.chuanxi.fun/images/1201-1300/1256-complaint.jpg,512,512,25.6,82.9,1254x1254,2185.6
1257,online,1201-1300,images/1201-1300/online.webp,images/1201-1300/online.jpg,https://word.chuanxi.fun/images/1201-1300/1257-online.webp,https://word.chuanxi.fun/images/1201-1300/1257-online.jpg,512,512,12.9,66.1,1254x1254,2260.5
1258,unwind,1201-1300,images/1201-1300/unwind.webp,images/1201-1300/unwind.jpg,https://word.chuanxi.fun/images/1201-1300/1258-unwind.webp,https://word.chuanxi.fun/images/1201-1300/1258-unwind.jpg,512,512,21.8,74.8,1254x1254,2028.5
1259,favor,1201-1300,images/1201-1300/favor.webp,images/1201-1300/favor.jpg,https://word.chuanxi.fun/images/1201-1300/1259-favor.webp,https://word.chuanxi.fun/images/1201-1300/1259-favor.jpg,512,512,17.4,63.9,1254x1254,1861.9
1260,gate,1201-1300,images/1201-1300/gate.webp,images/1201-1300/gate.jpg,https://word.chuanxi.fun/images/1201-1300/1260-gate.webp,https://word.chuanxi.fun/images/1201-1300/1260-gate.jpg,512,512,58.0,135.3,1254x1254,2895.1
1261,chapter,1201-1300,images/1201-1300/chapter.webp,images/1201-1300/chapter.jpg,https://word.chuanxi.fun/images/1201-1300/1261-chapter.webp,https://word.chuanxi.fun/images/1201-1300/1261-chapter.jpg,512,512,13.8,68.7,1254x1254,2230.8
1262,thirsty,1201-1300,images/1201-1300/thirsty.webp,images/1201-1300/thirsty.jpg,https://word.chuanxi.fun/images/1201-1300/1262-thirsty.webp,https://word.chuanxi.fun/images/1201-1300/1262-thirsty.jpg,512,512,22.5,78.6,1254x1254,2131.4
1263,diamond,1201-1300,images/1201-1300/diamond.webp,images/1201-1300/diamond.jpg,https://word.chuanxi.fun/images/1201-1300/1263-diamond.webp,https://word.chuanxi.fun/images/1201-1300/1263-diamond.jpg,512,512,20.4,81.8,1254x1254,2383.3
1264,hero,1201-1300,images/1201-1300/hero.webp,images/1201-1300/hero.jpg,https://word.chuanxi.fun/images/1201-1300/1264-hero.webp,https://word.chuanxi.fun/images/1201-1300/1264-hero.jpg,512,512,38.6,112.1,1254x1254,2672.7
1265,fighter,1201-1300,images/1201-1300/fighter.webp,images/1201-1300/fighter.jpg,https://word.chuanxi.fun/images/1201-1300/1265-fighter.webp,https://word.chuanxi.fun/images/1201-1300/1265-fighter.jpg,512,512,24.3,80.3,1254x1254,2161.0
1266,petrol,1201-1300,images/1201-1300/petrol.webp,images/1201-1300/petrol.jpg,https://word.chuanxi.fun/images/1201-1300/1266-petrol.webp,https://word.chuanxi.fun/images/1201-1300/1266-petrol.jpg,512,512,20.5,81.4,1254x1254,2476.4
1267,symbolize,1201-1300,images/1201-1300/symbolize.webp,images/1201-1300/symbolize.jpg,https://word.chuanxi.fun/images/1201-1300/1267-symbolize.webp,https://word.chuanxi.fun/images/1201-1300/1267-symbolize.jpg,512,512,12.1,56.7,1254x1254,1861.4
1268,lawyer,1201-1300,images/1201-1300/lawyer.webp,images/1201-1300/lawyer.jpg,https://word.chuanxi.fun/images/1201-1300/1268-lawyer.webp,https://word.chuanxi.fun/images/1201-1300/1268-lawyer.jpg,512,512,28.5,98.6,1254x1254,2498.4
1269,friendship,1201-1300,images/1201-1300/friendship.webp,images/1201-1300/friendship.jpg,https://word.chuanxi.fun/images/1201-1300/1269-friendship.webp,https://word.chuanxi.fun/images/1201-1300/1269-friendship.jpg,512,512,25.2,85.0,1254x1254,2171.6
1270,midnight,1201-1300,images/1201-1300/midnight.webp,images/1201-1300/midnight.jpg,https://word.chuanxi.fun/images/1201-1300/1270-midnight.webp,https://word.chuanxi.fun/images/1201-1300/1270-midnight.jpg,512,512,34.6,110.3,1254x1254,2734.6
1271,thief,1201-1300,images/1201-1300/thief.webp,images/1201-1300/thief.jpg,https://word.chuanxi.fun/images/1201-1300/1271-thief.webp,https://word.chuanxi.fun/images/1201-1300/1271-thief.jpg,512,512,34.0,102.0,1254x1254,2490.3
1272,private,1201-1300,images/1201-1300/private.webp,images/1201-1300/private.jpg,https://word.chuanxi.fun/images/1201-1300/1272-private.webp,https://word.chuanxi.fun/images/1201-1300/1272-private.jpg,512,512,14.4,56.5,1254x1254,1859.7
1273,interview,1201-1300,images/1201-1300/interview.webp,images/1201-1300/interview.jpg,https://word.chuanxi.fun/images/1201-1300/1273-interview.webp,https://word.chuanxi.fun/images/1201-1300/1273-interview.jpg,512,512,36.7,111.2,1254x1254,2697.2
1274,graduate,1201-1300,images/1201-1300/graduate.webp,images/1201-1300/graduate.jpg,https://word.chuanxi.fun/images/1201-1300/1274-graduate.webp,https://word.chuanxi.fun/images/1201-1300/1274-graduate.jpg,512,512,35.5,104.1,1254x1254,2401.5
1275,list,1201-1300,images/1201-1300/list.webp,images/1201-1300/list.jpg,https://word.chuanxi.fun/images/1201-1300/1275-list.webp,https://word.chuanxi.fun/images/1201-1300/1275-list.jpg,512,512,10.8,65.6,1254x1254,2179.0
1276,capital,1201-1300,images/1201-1300/capital.webp,images/1201-1300/capital.jpg,https://word.chuanxi.fun/images/1201-1300/1276-capital.webp,https://word.chuanxi.fun/images/1201-1300/1276-capital.jpg,512,512,9.6,63.0,1254x1254,2093.6
1277,across,1201-1300,images/1201-1300/across.webp,images/1201-1300/across.jpg,https://word.chuanxi.fun/images/1201-1300/1277-across.webp,https://word.chuanxi.fun/images/1201-1300/1277-across.jpg,512,512,43.0,118.9,1254x1254,2734.3
1278,string,1201-1300,images/1201-1300/string.webp,images/1201-1300/string.jpg,https://word.chuanxi.fun/images/1201-1300/1278-string.webp,https://word.chuanxi.fun/images/1201-1300/1278-string.jpg,512,512,9.1,59.2,1254x1254,2078.7
1279,insecurity,1201-1300,images/1201-1300/insecurity.webp,images/1201-1300/insecurity.jpg,https://word.chuanxi.fun/images/1201-1300/1279-insecurity.webp,https://word.chuanxi.fun/images/1201-1300/1279-insecurity.jpg,512,512,17.4,65.0,1254x1254,1880.6
1280,judge,1201-1300,images/1201-1300/judge.webp,images/1201-1300/judge.jpg,https://word.chuanxi.fun/images/1201-1300/1280-judge.webp,https://word.chuanxi.fun/images/1201-1300/1280-judge.jpg,512,512,23.2,84.0,1254x1254,2416.6
1281,tonight,1201-1300,images/1201-1300/tonight.webp,images/1201-1300/tonight.jpg,https://word.chuanxi.fun/images/1201-1300/1281-tonight.webp,https://word.chuanxi.fun/images/1201-1300/1281-tonight.jpg,512,512,14.3,71.2,1254x1254,2191.7
1282,satisfy,1201-1300,images/1201-1300/satisfy.webp,images/1201-1300/satisfy.jpg,https://word.chuanxi.fun/images/1201-1300/1282-satisfy.webp,https://word.chuanxi.fun/images/1201-1300/1282-satisfy.jpg,512,512,20.2,70.0,1254x1254,1952.3
1283,loudly,1201-1300,images/1201-1300/loudly.webp,images/1201-1300/loudly.jpg,https://word.chuanxi.fun/images/1201-1300/1283-loudly.webp,https://word.chuanxi.fun/images/1201-1300/1283-loudly.jpg,512,512,15.5,58.5,1254x1254,1787.5
1284,credit,1201-1300,images/1201-1300/credit.webp,images/1201-1300/credit.jpg,https://word.chuanxi.fun/images/1201-1300/1284-credit.webp,https://word.chuanxi.fun/images/1201-1300/1284-credit.jpg,512,512,24.1,85.6,1254x1254,2472.1
1285,flood,1201-1300,images/1201-1300/flood.webp,images/1201-1300/flood.jpg,https://word.chuanxi.fun/images/1201-1300/1285-flood.webp,https://word.chuanxi.fun/images/1201-1300/1285-flood.jpg,512,512,55.0,134.2,1254x1254,2829.5
1286,copy,1201-1300,images/1201-1300/copy.webp,images/1201-1300/copy.jpg,https://word.chuanxi.fun/images/1201-1300/1286-copy.webp,https://word.chuanxi.fun/images/1201-1300/1286-copy.jpg,512,512,16.6,75.7,1254x1254,2342.0
1287,twice,1201-1300,images/1201-1300/twice.webp,images/1201-1300/twice.jpg,https://word.chuanxi.fun/images/1201-1300/1287-twice.webp,https://word.chuanxi.fun/images/1201-1300/1287-twice.jpg,512,512,12.0,68.7,1254x1254,2210.5
1288,independence,1201-1300,images/1201-1300/independence.webp,images/1201-1300/independence.jpg,https://word.chuanxi.fun/images/1201-1300/1288-independence.webp,https://word.chuanxi.fun/images/1201-1300/1288-independence.jpg,512,512,13.8,61.4,1254x1254,1910.0
1289,conditioning,1201-1300,images/1201-1300/conditioning.webp,images/1201-1300/conditioning.jpg,https://word.chuanxi.fun/images/1201-1300/1289-conditioning.webp,https://word.chuanxi.fun/images/1201-1300/1289-conditioning.jpg,512,512,18.3,74.2,1254x1254,2266.8
1290,regular,1201-1300,images/1201-1300/regular.webp,images/1201-1300/regular.jpg,https://word.chuanxi.fun/images/1201-1300/1290-regular.webp,https://word.chuanxi.fun/images/1201-1300/1290-regular.jpg,512,512,8.3,60.6,1254x1254,1987.6
1291,spill,1201-1300,images/1201-1300/spill.webp,images/1201-1300/spill.jpg,https://word.chuanxi.fun/images/1201-1300/1291-spill.webp,https://word.chuanxi.fun/images/1201-1300/1291-spill.jpg,512,512,32.8,101.5,1254x1254,2541.3
1292,queen,1201-1300,images/1201-1300/queen.webp,images/1201-1300/queen.jpg,https://word.chuanxi.fun/images/1201-1300/1292-queen.webp,https://word.chuanxi.fun/images/1201-1300/1292-queen.jpg,512,512,29.3,100.0,1254x1254,2629.7
1293,sample,1201-1300,images/1201-1300/sample.webp,images/1201-1300/sample.jpg,https://word.chuanxi.fun/images/1201-1300/1293-sample.webp,https://word.chuanxi.fun/images/1201-1300/1293-sample.jpg,512,512,15.7,71.2,1254x1254,2283.8
1294,belt,1201-1300,images/1201-1300/belt.webp,images/1201-1300/belt.jpg,https://word.chuanxi.fun/images/1201-1300/1294-belt.webp,https://word.chuanxi.fun/images/1201-1300/1294-belt.jpg,512,512,26.3,89.3,1254x1254,2529.0
1295,description,1201-1300,images/1201-1300/description.webp,images/1201-1300/description.jpg,https://word.chuanxi.fun/images/1201-1300/1295-description.webp,https://word.chuanxi.fun/images/1201-1300/1295-description.jpg,512,512,24.1,79.4,1254x1254,2048.1
1296,tourist,1201-1300,images/1201-1300/tourist.webp,images/1201-1300/tourist.jpg,https://word.chuanxi.fun/images/1201-1300/1296-tourist.webp,https://word.chuanxi.fun/images/1201-1300/1296-tourist.jpg,512,512,39.6,111.9,1254x1254,2497.2
1297,heavily,1201-1300,images/1201-1300/heavily.webp,images/1201-1300/heavily.jpg,https://word.chuanxi.fun/images/1201-1300/1297-heavily.webp,https://word.chuanxi.fun/images/1201-1300/1297-heavily.jpg,512,512,75.1,157.9,1254x1254,3168.2
1298,hurry,1201-1300,images/1201-1300/hurry.webp,images/1201-1300/hurry.jpg,https://word.chuanxi.fun/images/1201-1300/1298-hurry.webp,https://word.chuanxi.fun/images/1201-1300/1298-hurry.jpg,512,512,18.4,66.0,1254x1254,1813.6
1299,honey,1201-1300,images/1201-1300/honey.webp,images/1201-1300/honey.jpg,https://word.chuanxi.fun/images/1201-1300/1299-honey.webp,https://word.chuanxi.fun/images/1201-1300/1299-honey.jpg,512,512,23.4,82.5,1254x1254,2336.3
1300,dam,1201-1300,images/1201-1300/dam.webp,images/1201-1300/dam.jpg,https://word.chuanxi.fun/images/1201-1300/1300-dam.webp,https://word.chuanxi.fun/images/1201-1300/1300-dam.jpg,512,512,73.7,156.4,1254x1254,3194.9
1301,unhealthy,1301-1400,images/1301-1400/unhealthy.webp,images/1301-1400/unhealthy.jpg,https://word.chuanxi.fun/images/1301-1400/1301-unhealthy.webp,https://word.chuanxi.fun/images/1301-1400/1301-unhealthy.jpg,512,512,12.9,54.9,1254x1254,1676.0
1302,forage,1301-1400,images/1301-1400/forage.webp,images/1301-1400/forage.jpg,https://word.chuanxi.fun/images/1301-1400/1302-forage.webp,https://word.chuanxi.fun/images/1301-1400/1302-forage.jpg,512,512,41.3,115.2,1254x1254,2796.4
1303,lane,1301-1400,images/1301-1400/lane.webp,images/1301-1400/lane.jpg,https://word.chuanxi.fun/images/1301-1400/1303-lane.webp,https://word.chuanxi.fun/images/1301-1400/1303-lane.jpg,512,512,57.7,131.4,1254x1254,2977.5
1304,superhuman,1301-1400,images/1301-1400/superhuman.webp,images/1301-1400/superhuman.jpg,https://word.chuanxi.fun/images/1301-1400/1304-superhuman.webp,https://word.chuanxi.fun/images/1301-1400/1304-superhuman.jpg,512,512,23.2,84.2,1254x1254,2579.6
1305,fee,1301-1400,images/1301-1400/fee.webp,images/1301-1400/fee.jpg,https://word.chuanxi.fun/images/1301-1400/1305-fee.webp,https://word.chuanxi.fun/images/1301-1400/1305-fee.jpg,512,512,20.3,79.1,1254x1254,2305.1
1306,existent,1301-1400,images/1301-1400/existent.webp,images/1301-1400/existent.jpg,https://word.chuanxi.fun/images/1301-1400/1306-existent.webp,https://word.chuanxi.fun/images/1301-1400/1306-existent.jpg,512,512,7.4,64.5,1254x1254,2445.8
1307,carrot,1301-1400,images/1301-1400/carrot.webp,images/1301-1400/carrot.jpg,https://word.chuanxi.fun/images/1301-1400/1307-carrot.webp,https://word.chuanxi.fun/images/1301-1400/1307-carrot.jpg,512,512,20.4,79.3,1254x1254,2432.0
1308,ray,1301-1400,images/1301-1400/ray.webp,images/1301-1400/ray.jpg,https://word.chuanxi.fun/images/1301-1400/1308-ray.webp,https://word.chuanxi.fun/images/1301-1400/1308-ray.jpg,512,512,43.8,115.8,1254x1254,2812.4
1309,gas,1301-1400,images/1301-1400/gas.webp,images/1301-1400/gas.jpg,https://word.chuanxi.fun/images/1301-1400/1309-gas.webp,https://word.chuanxi.fun/images/1301-1400/1309-gas.jpg,512,512,10.4,66.3,1254x1254,2229.1
1310,license,1301-1400,images/1301-1400/license.webp,images/1301-1400/license.jpg,https://word.chuanxi.fun/images/1301-1400/1310-license.webp,https://word.chuanxi.fun/images/1301-1400/1310-license.jpg,512,512,16.4,73.3,1254x1254,2343.6
1311,emptiness,1301-1400,images/1301-1400/emptiness.webp,images/1301-1400/emptiness.jpg,https://word.chuanxi.fun/images/1301-1400/1311-emptiness.webp,https://word.chuanxi.fun/images/1301-1400/1311-emptiness.jpg,512,512,14.5,73.9,1254x1254,2433.6
1312,policeman,1301-1400,images/1301-1400/policeman.webp,images/1301-1400/policeman.jpg,https://word.chuanxi.fun/images/1301-1400/1312-policeman.webp,https://word.chuanxi.fun/images/1301-1400/1312-policeman.jpg,512,512,26.2,84.8,1254x1254,2205.2
1313,salt,1301-1400,images/1301-1400/salt.webp,images/1301-1400/salt.jpg,https://word.chuanxi.fun/images/1301-1400/1313-salt.webp,https://word.chuanxi.fun/images/1301-1400/1313-salt.jpg,512,512,17.8,76.7,1254x1254,2366.0
1314,symphony,1301-1400,images/1301-1400/symphony.webp,images/1301-1400/symphony.jpg,https://word.chuanxi.fun/images/1301-1400/1314-symphony.webp,https://word.chuanxi.fun/images/1301-1400/1314-symphony.jpg,512,512,31.4,96.9,1254x1254,2533.7
1315,ministry,1301-1400,images/1301-1400/ministry.webp,images/1301-1400/ministry.jpg,https://word.chuanxi.fun/images/1301-1400/1315-ministry.webp,https://word.chuanxi.fun/images/1301-1400/1315-ministry.jpg,512,512,37.3,108.5,1254x1254,2721.5
1316,shine,1301-1400,images/1301-1400/shine.webp,images/1301-1400/shine.jpg,https://word.chuanxi.fun/images/1301-1400/1316-shine.webp,https://word.chuanxi.fun/images/1301-1400/1316-shine.jpg,512,512,11.8,66.9,1254x1254,2309.2
1317,heat,1301-1400,images/1301-1400/heat.webp,images/1301-1400/heat.jpg,https://word.chuanxi.fun/images/1301-1400/1317-heat.webp,https://word.chuanxi.fun/images/1301-1400/1317-heat.jpg,512,512,16.3,74.8,1254x1254,2388.5
1318,apartment,1301-1400,images/1301-1400/apartment.webp,images/1301-1400/apartment.jpg,https://word.chuanxi.fun/images/1301-1400/1318-apartment.webp,https://word.chuanxi.fun/images/1301-1400/1318-apartment.jpg,512,512,41.0,116.9,1254x1254,2694.5
1319,further,1301-1400,images/1301-1400/further.webp,images/1301-1400/further.jpg,https://word.chuanxi.fun/images/1301-1400/1319-further.webp,https://word.chuanxi.fun/images/1301-1400/1319-further.jpg,512,512,18.8,77.0,1254x1254,2399.7
1320,insecure,1301-1400,images/1301-1400/insecure.webp,images/1301-1400/insecure.jpg,https://word.chuanxi.fun/images/1301-1400/1320-insecure.webp,https://word.chuanxi.fun/images/1301-1400/1320-insecure.jpg,512,512,17.4,65.0,1254x1254,1880.6
1321,successfully,1301-1400,images/1301-1400/successfully.webp,images/1301-1400/successfully.jpg,https://word.chuanxi.fun/images/1301-1400/1321-successfully.webp,https://word.chuanxi.fun/images/1301-1400/1321-successfully.jpg,512,512,20.2,67.1,1254x1254,1985.1
1322,satisfied,1301-1400,images/1301-1400/satisfied.webp,images/1301-1400/satisfied.jpg,https://word.chuanxi.fun/images/1301-1400/1322-satisfied.webp,https://word.chuanxi.fun/images/1301-1400/1322-satisfied.jpg,512,512,20.2,70.0,1254x1254,1952.3
1323,violent,1301-1400,images/1301-1400/violent.webp,images/1301-1400/violent.jpg,https://word.chuanxi.fun/images/1301-1400/1323-violent.webp,https://word.chuanxi.fun/images/1301-1400/1323-violent.jpg,512,512,54.9,134.7,1254x1254,3059.5
1324,gradually,1301-1400,images/1301-1400/gradually.webp,images/1301-1400/gradually.jpg,https://word.chuanxi.fun/images/1301-1400/1324-gradually.webp,https://word.chuanxi.fun/images/1301-1400/1324-gradually.jpg,512,512,12.0,68.2,1254x1254,2250.7
1325,clue,1301-1400,images/1301-1400/clue.webp,images/1301-1400/clue.jpg,https://word.chuanxi.fun/images/1301-1400/1325-clue.webp,https://word.chuanxi.fun/images/1301-1400/1325-clue.jpg,512,512,18.1,75.9,1254x1254,2451.6
1326,brown,1301-1400,images/1301-1400/brown.webp,images/1301-1400/brown.jpg,https://word.chuanxi.fun/images/1301-1400/1326-brown.webp,https://word.chuanxi.fun/images/1301-1400/1326-brown.jpg,512,512,32.4,100.9,1254x1254,2735.4
1327,park,1301-1400,images/1301-1400/park.webp,images/1301-1400/park.jpg,https://word.chuanxi.fun/images/1301-1400/1327-park.webp,https://word.chuanxi.fun/images/1301-1400/1327-park.jpg,512,512,57.8,135.4,1254x1254,3058.5
1328,wander,1301-1400,images/1301-1400/wander.webp,images/1301-1400/wander.jpg,https://word.chuanxi.fun/images/1301-1400/1328-wander.webp,https://word.chuanxi.fun/images/1301-1400/1328-wander.jpg,512,512,27.5,89.4,1254x1254,2311.2
1329,ankle,1301-1400,images/1301-1400/ankle.webp,images/1301-1400/ankle.jpg,https://word.chuanxi.fun/images/1301-1400/1329-ankle.webp,https://word.chuanxi.fun/images/1301-1400/1329-ankle.jpg,512,512,11.5,63.9,1254x1254,2265.8
1330,advertisement,1301-1400,images/1301-1400/advertisement.webp,images/1301-1400/advertisement.jpg,https://word.chuanxi.fun/images/1301-1400/1330-advertisement.webp,https://word.chuanxi.fun/images/1301-1400/1330-advertisement.jpg,512,512,32.0,100.1,1254x1254,2605.2
1331,sanity,1301-1400,images/1301-1400/sanity.webp,images/1301-1400/sanity.jpg,https://word.chuanxi.fun/images/1301-1400/1331-sanity.webp,https://word.chuanxi.fun/images/1301-1400/1331-sanity.jpg,512,512,39.7,115.5,1254x1254,2394.4
1332,scenery,1301-1400,images/1301-1400/scenery.webp,images/1301-1400/scenery.jpg,https://word.chuanxi.fun/images/1301-1400/1332-scenery.webp,https://word.chuanxi.fun/images/1301-1400/1332-scenery.jpg,512,512,52.4,129.6,1254x1254,2836.7
1333,perfection,1301-1400,images/1301-1400/perfection.webp,images/1301-1400/perfection.jpg,https://word.chuanxi.fun/images/1301-1400/1333-perfection.webp,https://word.chuanxi.fun/images/1301-1400/1333-perfection.jpg,512,512,32.2,98.7,1254x1254,2432.8
1334,rent,1301-1400,images/1301-1400/rent.webp,images/1301-1400/rent.jpg,https://word.chuanxi.fun/images/1301-1400/1334-rent.webp,https://word.chuanxi.fun/images/1301-1400/1334-rent.jpg,512,512,21.2,81.3,1254x1254,2502.4
1335,attractive,1301-1400,images/1301-1400/attractive.webp,images/1301-1400/attractive.jpg,https://word.chuanxi.fun/images/1301-1400/1335-attractive.webp,https://word.chuanxi.fun/images/1301-1400/1335-attractive.jpg,512,512,18.7,73.7,1254x1254,2312.2
1336,quietly,1301-1400,images/1301-1400/quietly.webp,images/1301-1400/quietly.jpg,https://word.chuanxi.fun/images/1301-1400/1336-quietly.webp,https://word.chuanxi.fun/images/1301-1400/1336-quietly.jpg,512,512,37.7,109.2,1254x1254,2534.1
1337,bloom,1301-1400,images/1301-1400/bloom.webp,images/1301-1400/bloom.jpg,https://word.chuanxi.fun/images/1301-1400/1337-bloom.webp,https://word.chuanxi.fun/images/1301-1400/1337-bloom.jpg,512,512,20.3,80.3,1254x1254,2502.1
1338,uncomfortable,1301-1400,images/1301-1400/uncomfortable.webp,images/1301-1400/uncomfortable.jpg,https://word.chuanxi.fun/images/1301-1400/1338-uncomfortable.webp,https://word.chuanxi.fun/images/1301-1400/1338-uncomfortable.jpg,512,512,15.5,56.9,1254x1254,1812.5
1339,nowadays,1301-1400,images/1301-1400/nowadays.webp,images/1301-1400/nowadays.jpg,https://word.chuanxi.fun/images/1301-1400/1339-nowadays.webp,https://word.chuanxi.fun/images/1301-1400/1339-nowadays.jpg,512,512,13.1,67.5,1254x1254,2192.7
1340,addition,1301-1400,images/1301-1400/addition.webp,images/1301-1400/addition.jpg,https://word.chuanxi.fun/images/1301-1400/1340-addition.webp,https://word.chuanxi.fun/images/1301-1400/1340-addition.jpg,512,512,20.4,70.4,1254x1254,2040.7
1341,plenty,1301-1400,images/1301-1400/plenty.webp,images/1301-1400/plenty.jpg,https://word.chuanxi.fun/images/1301-1400/1341-plenty.webp,https://word.chuanxi.fun/images/1301-1400/1341-plenty.jpg,512,512,50.2,127.2,1254x1254,2830.9
1342,saying,1301-1400,images/1301-1400/saying.webp,images/1301-1400/saying.jpg,https://word.chuanxi.fun/images/1301-1400/1342-saying.webp,https://word.chuanxi.fun/images/1301-1400/1342-saying.jpg,512,512,17.0,64.7,1254x1254,2065.1
1343,electric,1301-1400,images/1301-1400/electric.webp,images/1301-1400/electric.jpg,https://word.chuanxi.fun/images/1301-1400/1343-electric.webp,https://word.chuanxi.fun/images/1301-1400/1343-electric.jpg,512,512,12.4,65.4,1254x1254,2220.2
1344,highway,1301-1400,images/1301-1400/highway.webp,images/1301-1400/highway.jpg,https://word.chuanxi.fun/images/1301-1400/1344-highway.webp,https://word.chuanxi.fun/images/1301-1400/1344-highway.jpg,512,512,35.0,105.3,1254x1254,2718.8
1345,fry,1301-1400,images/1301-1400/fry.webp,images/1301-1400/fry.jpg,https://word.chuanxi.fun/images/1301-1400/1345-fry.webp,https://word.chuanxi.fun/images/1301-1400/1345-fry.jpg,512,512,36.5,104.8,1254x1254,2651.9
1346,valley,1301-1400,images/1301-1400/valley.webp,images/1301-1400/valley.jpg,https://word.chuanxi.fun/images/1301-1400/1346-valley.webp,https://word.chuanxi.fun/images/1301-1400/1346-valley.jpg,512,512,63.5,146.3,1254x1254,2999.7
1347,concentrate,1301-1400,images/1301-1400/concentrate.webp,images/1301-1400/concentrate.jpg,https://word.chuanxi.fun/images/1301-1400/1347-concentrate.webp,https://word.chuanxi.fun/images/1301-1400/1347-concentrate.jpg,512,512,17.9,65.1,1254x1254,1924.0
1348,impactful,1301-1400,images/1301-1400/impactful.webp,images/1301-1400/impactful.jpg,https://word.chuanxi.fun/images/1301-1400/1348-impactful.webp,https://word.chuanxi.fun/images/1301-1400/1348-impactful.jpg,512,512,27.0,89.0,1254x1254,2206.9
1349,sudden,1301-1400,images/1301-1400/sudden.webp,images/1301-1400/sudden.jpg,https://word.chuanxi.fun/images/1301-1400/1349-sudden.webp,https://word.chuanxi.fun/images/1301-1400/1349-sudden.jpg,512,512,8.5,58.5,1254x1254,2187.0
1350,cigarette,1301-1400,images/1301-1400/cigarette.webp,images/1301-1400/cigarette.jpg,https://word.chuanxi.fun/images/1301-1400/1350-cigarette.webp,https://word.chuanxi.fun/images/1301-1400/1350-cigarette.jpg,512,512,23.9,90.9,1254x1254,2463.3
1351,disadvantage,1301-1400,images/1301-1400/disadvantage.webp,images/1301-1400/disadvantage.jpg,https://word.chuanxi.fun/images/1301-1400/1351-disadvantage.webp,https://word.chuanxi.fun/images/1301-1400/1351-disadvantage.jpg,512,512,21.1,77.6,1254x1254,2359.7
1352,meter,1301-1400,images/1301-1400/meter.webp,images/1301-1400/meter.jpg,https://word.chuanxi.fun/images/1301-1400/1352-meter.webp,https://word.chuanxi.fun/images/1301-1400/1352-meter.jpg,512,512,8.3,58.9,1254x1254,2095.5
1353,mysterious,1301-1400,images/1301-1400/mysterious.webp,images/1301-1400/mysterious.jpg,https://word.chuanxi.fun/images/1301-1400/1353-mysterious.webp,https://word.chuanxi.fun/images/1301-1400/1353-mysterious.jpg,512,512,22.5,87.4,1254x1254,2587.1
1354,anniversary,1301-1400,images/1301-1400/anniversary.webp,images/1301-1400/anniversary.jpg,https://word.chuanxi.fun/images/1301-1400/1354-anniversary.webp,https://word.chuanxi.fun/images/1301-1400/1354-anniversary.jpg,512,512,19.5,80.7,1254x1254,2454.5
1355,french,1301-1400,images/1301-1400/french.webp,images/1301-1400/french.jpg,https://word.chuanxi.fun/images/1301-1400/1355-french.webp,https://word.chuanxi.fun/images/1301-1400/1355-french.jpg,512,512,25.9,87.3,1254x1254,2597.8
1356,dancer,1301-1400,images/1301-1400/dancer.webp,images/1301-1400/dancer.jpg,https://word.chuanxi.fun/images/1301-1400/1356-dancer.webp,https://word.chuanxi.fun/images/1301-1400/1356-dancer.jpg,512,512,16.1,58.6,1254x1254,1882.4
1357,publish,1301-1400,images/1301-1400/publish.webp,images/1301-1400/publish.jpg,https://word.chuanxi.fun/images/1301-1400/1357-publish.webp,https://word.chuanxi.fun/images/1301-1400/1357-publish.jpg,512,512,23.3,85.2,1254x1254,2588.8
1358,column,1301-1400,images/1301-1400/column.webp,images/1301-1400/column.jpg,https://word.chuanxi.fun/images/1301-1400/1358-column.webp,https://word.chuanxi.fun/images/1301-1400/1358-column.jpg,512,512,14.0,69.9,1254x1254,2383.8
1359,footballer,1301-1400,images/1301-1400/footballer.webp,images/1301-1400/footballer.jpg,https://word.chuanxi.fun/images/1301-1400/1359-footballer.webp,https://word.chuanxi.fun/images/1301-1400/1359-footballer.jpg,512,512,20.2,77.8,1254x1254,2340.9
1360,unfair,1301-1400,images/1301-1400/unfair.webp,images/1301-1400/unfair.jpg,https://word.chuanxi.fun/images/1301-1400/1360-unfair.webp,https://word.chuanxi.fun/images/1301-1400/1360-unfair.jpg,512,512,21.0,67.4,1254x1254,1907.3
1361,coach,1301-1400,images/1301-1400/coach.webp,images/1301-1400/coach.jpg,https://word.chuanxi.fun/images/1301-1400/1361-coach.webp,https://word.chuanxi.fun/images/1301-1400/1361-coach.jpg,512,512,29.8,90.0,1254x1254,2218.7
1362,instrumental,1301-1400,images/1301-1400/instrumental.webp,images/1301-1400/instrumental.jpg,https://word.chuanxi.fun/images/1301-1400/1362-instrumental.webp,https://word.chuanxi.fun/images/1301-1400/1362-instrumental.jpg,512,512,18.1,74.8,1254x1254,2513.3
1363,reset,1301-1400,images/1301-1400/reset.webp,images/1301-1400/reset.jpg,https://word.chuanxi.fun/images/1301-1400/1363-reset.webp,https://word.chuanxi.fun/images/1301-1400/1363-reset.jpg,512,512,12.7,66.8,1254x1254,2516.4
1364,clay,1301-1400,images/1301-1400/clay.webp,images/1301-1400/clay.jpg,https://word.chuanxi.fun/images/1301-1400/1364-clay.webp,https://word.chuanxi.fun/images/1301-1400/1364-clay.jpg,512,512,22.4,86.9,1254x1254,2824.9
1365,colorful,1301-1400,images/1301-1400/colorful.webp,images/1301-1400/colorful.jpg,https://word.chuanxi.fun/images/1301-1400/1365-colorful.webp,https://word.chuanxi.fun/images/1301-1400/1365-colorful.jpg,512,512,17.1,69.1,1254x1254,1699.5
1366,spell,1301-1400,images/1301-1400/spell.webp,images/1301-1400/spell.jpg,https://word.chuanxi.fun/images/1301-1400/1366-spell.webp,https://word.chuanxi.fun/images/1301-1400/1366-spell.jpg,512,512,11.1,47.0,1254x1254,1741.0
1367,freshness,1301-1400,images/1301-1400/freshness.webp,images/1301-1400/freshness.jpg,https://word.chuanxi.fun/images/1301-1400/1367-freshness.webp,https://word.chuanxi.fun/images/1301-1400/1367-freshness.jpg,512,512,48.4,122.0,1254x1254,2574.3
1368,snack,1301-1400,images/1301-1400/snack.webp,images/1301-1400/snack.jpg,https://word.chuanxi.fun/images/1301-1400/1368-snack.webp,https://word.chuanxi.fun/images/1301-1400/1368-snack.jpg,512,512,29.7,95.4,1254x1254,2665.1
1369,leather,1301-1400,images/1301-1400/leather.webp,images/1301-1400/leather.jpg,https://word.chuanxi.fun/images/1301-1400/1369-leather.webp,https://word.chuanxi.fun/images/1301-1400/1369-leather.jpg,512,512,38.0,107.6,1254x1254,3040.6
1370,transact,1301-1400,images/1301-1400/transact.webp,images/1301-1400/transact.jpg,https://word.chuanxi.fun/images/1301-1400/1370-transact.webp,https://word.chuanxi.fun/images/1301-1400/1370-transact.jpg,512,512,37.5,107.2,1254x1254,2655.4
1371,teenager,1301-1400,images/1301-1400/teenager.webp,images/1301-1400/teenager.jpg,https://word.chuanxi.fun/images/1301-1400/1371-teenager.webp,https://word.chuanxi.fun/images/1301-1400/1371-teenager.jpg,512,512,13.6,61.0,1254x1254,2116.9
1372,battery,1301-1400,images/1301-1400/battery.webp,images/1301-1400/battery.jpg,https://word.chuanxi.fun/images/1301-1400/1372-battery.webp,https://word.chuanxi.fun/images/1301-1400/1372-battery.jpg,512,512,17.8,77.3,1254x1254,2642.5
1373,correctly,1301-1400,images/1301-1400/correctly.webp,images/1301-1400/correctly.jpg,https://word.chuanxi.fun/images/1301-1400/1373-correctly.webp,https://word.chuanxi.fun/images/1301-1400/1373-correctly.jpg,512,512,24.3,80.6,1254x1254,1952.5
1374,exam,1301-1400,images/1301-1400/exam.webp,images/1301-1400/exam.jpg,https://word.chuanxi.fun/images/1301-1400/1374-exam.webp,https://word.chuanxi.fun/images/1301-1400/1374-exam.jpg,512,512,10.4,64.4,1254x1254,2456.2
1375,swallow,1301-1400,images/1301-1400/swallow.webp,images/1301-1400/swallow.jpg,https://word.chuanxi.fun/images/1301-1400/1375-swallow.webp,https://word.chuanxi.fun/images/1301-1400/1375-swallow.jpg,512,512,30.8,100.0,1254x1254,2904.6
1376,belly,1301-1400,images/1301-1400/belly.webp,images/1301-1400/belly.jpg,https://word.chuanxi.fun/images/1301-1400/1376-belly.webp,https://word.chuanxi.fun/images/1301-1400/1376-belly.jpg,512,512,29.5,94.6,1254x1254,2889.9
1377,impress,1301-1400,images/1301-1400/impress.webp,images/1301-1400/impress.jpg,https://word.chuanxi.fun/images/1301-1400/1377-impress.webp,https://word.chuanxi.fun/images/1301-1400/1377-impress.jpg,512,512,21.8,75.0,1254x1254,2245.3
1378,pro,1301-1400,images/1301-1400/pro.webp,images/1301-1400/pro.jpg,https://word.chuanxi.fun/images/1301-1400/1378-pro.webp,https://word.chuanxi.fun/images/1301-1400/1378-pro.jpg,512,512,22.7,83.8,1254x1254,2551.9
1379,exchange,1301-1400,images/1301-1400/exchange.webp,images/1301-1400/exchange.jpg,https://word.chuanxi.fun/images/1301-1400/1379-exchange.webp,https://word.chuanxi.fun/images/1301-1400/1379-exchange.jpg,512,512,16.6,73.0,1254x1254,2530.7
1380,appearance,1301-1400,images/1301-1400/appearance.webp,images/1301-1400/appearance.jpg,https://word.chuanxi.fun/images/1301-1400/1380-appearance.webp,https://word.chuanxi.fun/images/1301-1400/1380-appearance.jpg,512,512,17.3,75.8,1254x1254,2601.1
1381,retire,1301-1400,images/1301-1400/retire.webp,images/1301-1400/retire.jpg,https://word.chuanxi.fun/images/1301-1400/1381-retire.webp,https://word.chuanxi.fun/images/1301-1400/1381-retire.jpg,512,512,58.5,137.8,1254x1254,3126.4
1382,difficulty,1301-1400,images/1301-1400/difficulty.webp,images/1301-1400/difficulty.jpg,https://word.chuanxi.fun/images/1301-1400/1382-difficulty.webp,https://word.chuanxi.fun/images/1301-1400/1382-difficulty.jpg,512,512,24.3,83.3,1254x1254,1880.7
1383,convenient,1301-1400,images/1301-1400/convenient.webp,images/1301-1400/convenient.jpg,https://word.chuanxi.fun/images/1301-1400/1383-convenient.webp,https://word.chuanxi.fun/images/1301-1400/1383-convenient.jpg,512,512,19.4,66.0,1254x1254,2000.2
1384,wanting,1301-1400,images/1301-1400/wanting.webp,images/1301-1400/wanting.jpg,https://word.chuanxi.fun/images/1301-1400/1384-wanting.webp,https://word.chuanxi.fun/images/1301-1400/1384-wanting.jpg,512,512,30.8,96.1,1254x1254,2521.5
1385,creative,1301-1400,images/1301-1400/creative.webp,images/1301-1400/creative.jpg,https://word.chuanxi.fun/images/1301-1400/1385-creative.webp,https://word.chuanxi.fun/images/1301-1400/1385-creative.jpg,512,512,18.6,68.7,1254x1254,2177.9
1386,harvest,1301-1400,images/1301-1400/harvest.webp,images/1301-1400/harvest.jpg,https://word.chuanxi.fun/images/1301-1400/1386-harvest.webp,https://word.chuanxi.fun/images/1301-1400/1386-harvest.jpg,512,512,43.3,110.3,1254x1254,2642.1
1387,murder,1301-1400,images/1301-1400/murder.webp,images/1301-1400/murder.jpg,https://word.chuanxi.fun/images/1301-1400/1387-murder.webp,https://word.chuanxi.fun/images/1301-1400/1387-murder.jpg,512,512,47.6,125.5,1254x1254,3203.1
1388,display,1301-1400,images/1301-1400/display.webp,images/1301-1400/display.jpg,https://word.chuanxi.fun/images/1301-1400/1388-display.webp,https://word.chuanxi.fun/images/1301-1400/1388-display.jpg,512,512,24.4,87.9,1254x1254,2720.0
1389,fairly,1301-1400,images/1301-1400/fairly.webp,images/1301-1400/fairly.jpg,https://word.chuanxi.fun/images/1301-1400/1389-fairly.webp,https://word.chuanxi.fun/images/1301-1400/1389-fairly.jpg,512,512,17.5,70.4,1254x1254,2404.2
1390,psychologist,1301-1400,images/1301-1400/psychologist.webp,images/1301-1400/psychologist.jpg,https://word.chuanxi.fun/images/1301-1400/1390-psychologist.webp,https://word.chuanxi.fun/images/1301-1400/1390-psychologist.jpg,512,512,41.7,112.4,1254x1254,3018.2
1391,framework,1301-1400,images/1301-1400/framework.webp,images/1301-1400/framework.jpg,https://word.chuanxi.fun/images/1301-1400/1391-framework.webp,https://word.chuanxi.fun/images/1301-1400/1391-framework.jpg,512,512,21.1,80.0,1254x1254,2648.3
1392,championship,1301-1400,images/1301-1400/championship.webp,images/1301-1400/championship.jpg,https://word.chuanxi.fun/images/1301-1400/1392-championship.webp,https://word.chuanxi.fun/images/1301-1400/1392-championship.jpg,512,512,23.7,84.4,1254x1254,2590.4
1393,strategy,1301-1400,images/1301-1400/strategy.webp,images/1301-1400/strategy.jpg,https://word.chuanxi.fun/images/1301-1400/1393-strategy.webp,https://word.chuanxi.fun/images/1301-1400/1393-strategy.jpg,512,512,29.6,96.3,1254x1254,2936.1
1394,inhuman,1301-1400,images/1301-1400/inhuman.webp,images/1301-1400/inhuman.jpg,https://word.chuanxi.fun/images/1301-1400/1394-inhuman.webp,https://word.chuanxi.fun/images/1301-1400/1394-inhuman.jpg,512,512,27.1,95.8,1254x1254,3089.7
1395,storm,1301-1400,images/1301-1400/storm.webp,images/1301-1400/storm.jpg,https://word.chuanxi.fun/images/1301-1400/1395-storm.webp,https://word.chuanxi.fun/images/1301-1400/1395-storm.jpg,512,512,48.1,127.9,1254x1254,2659.2
1396,pile,1301-1400,images/1301-1400/pile.webp,images/1301-1400/pile.jpg,https://word.chuanxi.fun/images/1301-1400/1396-pile.webp,https://word.chuanxi.fun/images/1301-1400/1396-pile.jpg,512,512,18.7,70.7,1254x1254,2157.0
1397,partly,1301-1400,images/1301-1400/partly.webp,images/1301-1400/partly.jpg,https://word.chuanxi.fun/images/1301-1400/1397-partly.webp,https://word.chuanxi.fun/images/1301-1400/1397-partly.jpg,512,512,11.6,56.8,1254x1254,2154.4
1398,captain,1301-1400,images/1301-1400/captain.webp,images/1301-1400/captain.jpg,https://word.chuanxi.fun/images/1301-1400/1398-captain.webp,https://word.chuanxi.fun/images/1301-1400/1398-captain.jpg,512,512,28.0,88.3,1254x1254,2458.5
1399,mystery,1301-1400,images/1301-1400/mystery.webp,images/1301-1400/mystery.jpg,https://word.chuanxi.fun/images/1301-1400/1399-mystery.webp,https://word.chuanxi.fun/images/1301-1400/1399-mystery.jpg,512,512,31.3,98.2,1254x1254,2437.8
1400,impressed,1301-1400,images/1301-1400/impressed.webp,images/1301-1400/impressed.jpg,https://word.chuanxi.fun/images/1301-1400/1400-impressed.webp,https://word.chuanxi.fun/images/1301-1400/1400-impressed.jpg,512,512,21.8,75.0,1254x1254,2245.3
1401,terrifying,1401-1500,images/1401-1500/terrifying.webp,images/1401-1500/terrifying.jpg,https://word.chuanxi.fun/images/1401-1500/1401-terrifying.webp,https://word.chuanxi.fun/images/1401-1500/1401-terrifying.jpg,512,512,19.7,73.2,1254x1254,2267.3
1402,textbook,1401-1500,images/1401-1500/textbook.webp,images/1401-1500/textbook.jpg,https://word.chuanxi.fun/images/1401-1500/1402-textbook.webp,https://word.chuanxi.fun/images/1401-1500/1402-textbook.jpg,512,512,18.5,67.3,1254x1254,2169.2
1403,shadow,1401-1500,images/1401-1500/shadow.webp,images/1401-1500/shadow.jpg,https://word.chuanxi.fun/images/1401-1500/1403-shadow.webp,https://word.chuanxi.fun/images/1401-1500/1403-shadow.jpg,512,512,16.6,65.8,1254x1254,2209.7
1404,boss,1401-1500,images/1401-1500/boss.webp,images/1401-1500/boss.jpg,https://word.chuanxi.fun/images/1401-1500/1404-boss.webp,https://word.chuanxi.fun/images/1401-1500/1404-boss.jpg,512,512,17.0,65.5,1254x1254,2156.0
1405,bride,1401-1500,images/1401-1500/bride.webp,images/1401-1500/bride.jpg,https://word.chuanxi.fun/images/1401-1500/1405-bride.webp,https://word.chuanxi.fun/images/1401-1500/1405-bride.jpg,512,512,19.9,68.3,1254x1254,2104.3
1406,distinct,1401-1500,images/1401-1500/distinct.webp,images/1401-1500/distinct.jpg,https://word.chuanxi.fun/images/1401-1500/1406-distinct.webp,https://word.chuanxi.fun/images/1401-1500/1406-distinct.jpg,512,512,16.2,65.5,1254x1254,2131.3
1407,resentment,1401-1500,images/1401-1500/resentment.webp,images/1401-1500/resentment.jpg,https://word.chuanxi.fun/images/1401-1500/1407-resentment.webp,https://word.chuanxi.fun/images/1401-1500/1407-resentment.jpg,512,512,20.5,74.7,1254x1254,2302.0
1408,illusory,1401-1500,images/1401-1500/illusory.webp,images/1401-1500/illusory.jpg,https://word.chuanxi.fun/images/1401-1500/1408-illusory.webp,https://word.chuanxi.fun/images/1401-1500/1408-illusory.jpg,512,512,34.8,101.1,1254x1254,2445.2
1409,invade,1401-1500,images/1401-1500/invade.webp,images/1401-1500/invade.jpg,https://word.chuanxi.fun/images/1401-1500/1409-invade.webp,https://word.chuanxi.fun/images/1401-1500/1409-invade.jpg,512,512,28.4,91.8,1254x1254,2668.5
1410,liking,1401-1500,images/1401-1500/liking.webp,images/1401-1500/liking.jpg,https://word.chuanxi.fun/images/1401-1500/1410-liking.webp,https://word.chuanxi.fun/images/1401-1500/1410-liking.jpg,512,512,45.1,120.6,1254x1254,2671.7
