seq,word,ipa,pos,zh
1,american,/əˈmerɪkən/,"n, adj",n. 美国人；adj. 美国的
2,life,/laɪf/,n,n. 生活；生命
3,happen,/ˈhæpən/,v,v. 发生
4,become,/bɪˈkʌm/,v,v. 变成；成为
5,world,/wɜːld/,n,n. 世界；世人
6,body,/ˈbɒdi/,n,n. 身体
7,sit,/sɪt/,v,v. 坐；坐落
8,work,/wɜːk/,v,v. 工作
9,different,/ˈdɪfrənt/,adj,adj. 不同的
10,today,/təˈdeɪ/,adv,adv. 今天；现今
11,ask,/ɑːsk/,v,v. 问；要求
12,love,/lʌv/,"v, n",v. 爱；n. 爱情
13,man,/mæn/,n,n. 男人
14,important,/ɪmˈpɔːtnt/,adj,adj. 重要的
15,never,/ˈnevə/,adv,adv. 从不；绝不
16,start,/stɑːt/,v,v. 开始；出发
17,problem,/ˈprɒbləm/,n,n. 问题；难题
18,great,/ɡreɪt/,adj,adj. 伟大的
19,big,/bɪɡ/,adj,adj. 大的
20,child,/tʃaɪld/,n,n. 孩子
21,keep,/kiːp/,v,v. 保持
22,moment,/ˈməʊmənt/,n,n. 时刻
23,eat,/iːt/,v,v. 吃
24,memory,/ˈmeməri/,n,n. 记忆
25,walk,/wɔːk/,"v, n",v. 走；n. 步行
26,change,/tʃeɪndʒ/,"v, n",v. 改变；n. 变化
27,food,/fuːd/,n,n. 食物
28,away,/əˈweɪ/,adv,adv. 离开
29,bring,/brɪŋ/,v,v. 带来
30,find,/faɪnd/,"v, n",v. 找到；n. 发现
31,word,/wɜːd/,n,n. 词
32,believe,/bɪˈliːv/,v,v. 相信
33,speak,/spiːk/,v,v. 说
34,build,/bɪld/,v,v. 建造
35,open,/ˈəʊpən/,v,v. 打开
36,bad,/bæd/,adj,adj. 坏的
37,learn,/lɜːn/,v,v. 学习
38,grow,/ɡrəʊ/,v,v. 成长
39,tree,/triː/,n,n. 树
40,business,/ˈbɪznəs/,n,n. 商业
41,small,/smɔːl/,adj,adj. 小的
42,guy,/ɡaɪ/,n,n. 家伙
43,stop,/stɒp/,v,v. 停止
44,idea,/aɪˈdɪə/,n,n. 想法
45,woman,/ˈwʊmən/,n,n. 女人
46,ago,/əˈɡəʊ/,adv,adv. 以前
47,hour,/ˈaʊə/,n,n. 小时
48,turn,/tɜːn/,v,v. 转变
49,full,/fʊl/,adj,adj. 满的
50,science,/ˈsaɪəns/,n,n. 科学
51,month,/mʌnθ/,n,n. 月
52,health,/helθ/,n,n. 健康
53,close,/kləʊz/,adj,adj. 亲密的
54,run,/rʌn/,v,v. 跑
55,new,/njuː/,adj,adj. 新的
56,thank,/θæŋk/,v,v. 感谢
57,temple,/ˈtempl/,n,n. 寺庙
58,morning,/ˈmɔːnɪŋ/,n,n. 早晨
59,wonderful,/ˈwʌndəfl/,adj,adj. 美妙的
60,number,/ˈnʌmbə/,n,n. 数字
61,age,/eɪdʒ/,n,n. 年龄
62,hear,/hɪə/,v,v. 听见
63,minute,/ˈmɪnɪt/,n,n. 分钟
64,play,/pleɪ/,"v, n",v. 玩；n. 游戏
65,kill,/kɪl/,v,v. 杀
66,old,/əʊld/,adj,adj. 老的
67,eye,/aɪ/,n,n. 眼睛
68,beautiful,/ˈbjuːtɪfl/,adj,adj. 美丽的
69,brain,/breɪn/,n,n. 大脑
70,culture,/ˈkʌltʃə/,n,n. 文化
71,family,/ˈfæməli/,n,n. 家庭
72,large,/lɑːdʒ/,adj,adj. 大的
73,activity,/ækˈtɪvəti/,n,n. 活动
74,true,/truː/,adj,adj. 真实的
75,piece,/piːs/,n,n. 片
76,side,/saɪd/,n,n. 边
77,doctor,/ˈdɒktə/,n,n. 医生
78,read,/riːd/,v,v. 读
79,school,/skuːl/,n,n. 学校
80,mother,/ˈmʌðə/,n,n. 母亲
81,course,/kɔːs/,n,n. 课程
82,story,/ˈstɔːri/,n,n. 故事
83,house,/haʊs/,n,n. 房子
84,reason,/ˈriːzn/,n,n. 原因
85,pay,/peɪ/,"v, n",v. 支付；n. 报酬
86,remember,/rɪˈmembə/,v,v. 记住
87,already,/ɔːlˈredi/,adv,adv. 已经
88,teach,/tiːtʃ/,v,v. 教
89,drink,/drɪŋk/,"v, n",v. 喝；n. 饮料
90,machine,/məˈʃiːn/,n,n. 机器
91,technology,/tekˈnɒlədʒi/,n,n. 技术
92,tomorrow,/təˈmɒrəʊ/,n,n. 明天
93,practice,/ˈpræktɪs/,n,n. 练习
94,carry,/ˈkæri/,v,v. 携带
95,together,/təˈɡeðə(r)/,adv,adv. 一起
96,money,/ˈmʌni/,n,n. 钱
97,hard,/hɑːd/,"adj, adv",adj. 困难的；adv. 努力地
98,wife,/waɪf/,n,n. 妻子
99,almost,/ˈɔːlməʊst/,adv,adv. 几乎
100,spend,/spend/,v,v. 花费
101,job,/dʒɒb/,n,n. 工作
102,real,/rɪəl/,adj,adj. 真实的
103,difference,/ˈdɪfrəns/,n,n. 差异
104,begin,/bɪˈɡɪn/,v,v. 开始
105,action,/ˈækʃn/,n,n. 行动
106,nice,/naɪs/,adj,adj. 美好的
107,phone,/fəʊn/,n,n. 电话
108,dog,/dɒɡ/,n,n. 狗
109,everywhere,/ˈevriweə(r)/,adv,adv. 到处
110,meet,/miːt/,v,v. 遇见
111,young,/jʌŋ/,adj,adj. 年轻的
112,strong,/strɒŋ/,adj,adj. 强的
113,happy,/ˈhæpi/,adj,adj. 快乐的
114,write,/raɪt/,v,v. 写
115,moon,/muːn/,n,n. 月亮
116,friend,/frend/,n,n. 朋友
117,listen,/ˈlɪsn/,v,v. 听
118,knife,/naɪf/,n,n. 刀
119,enjoy,/ɪnˈdʒɔɪ/,v,v. 享受
120,miss,/mɪs/,v,v. 错过
121,heart,/hɑːt/,n,n. 心脏
122,mountain,/ˈmaʊntən/,n,n. 山
123,social,/ˈsəʊʃl/,adj,adj. 社会的
124,car,/kɑː(r)/,n,n. 汽车
125,ride,/raɪd/,v,v. 骑；乘坐
126,game,/ɡeɪm/,n,n. 游戏
127,boy,/bɔɪ/,n,n. 男孩
128,buy,/baɪ/,v,v. 买
129,flower,/ˈflaʊə(r)/,n,n. 花
130,choose,/tʃuːz/,v,v. 选择
131,fly,/flaɪ/,v,v. 飞
132,parent,/ˈpeərənt/,n,n. 父母
133,easy,/ˈiːzi/,adj,adj. 容易的
134,tool,/tuːl/,n,n. 工具
135,girl,/ɡɜːl/,n,n. 女孩
136,answer,/ˈɑːnsə(r)/,n,n. 答案
137,king,/kɪŋ/,n,n. 国王
138,father,/ˈfɑːðə(r)/,n,n. 父亲
139,watch,/wɒtʃ/,v,v. 看
140,night,/naɪt/,n,n. 夜晚
141,animal,/ˈænɪml/,n,n. 动物
142,teacher,/ˈtiːtʃə(r)/,n,n. 老师
143,period,/ˈpɪəriəd/,n,n. 时期
144,forget,/fəˈɡet/,v,v. 忘记
145,self,/self/,pron,pron. 自己
146,example,/ɪɡˈzɑːmpl/,n,n. 例子
147,sir,/sɜː(r)/,n,n. 先生
148,leader,/ˈliːdə(r)/,n,n. 领导者
149,fast,/fɑːst/,adv,adv. 快地
150,wear,/weə(r)/,v,v. 穿
151,street,/striːt/,n,n. 街道
152,city,/ˈsɪti/,n,n. 城市
153,pleasure,/ˈpleʒə(r)/,n,n. 快乐
154,agree,/əˈɡriː/,v,v. 同意
155,history,/ˈhɪstri/,n,n. 历史
156,ball,/bɔːl/,n,n. 球
157,language,/ˈlæŋɡwɪdʒ/,n,n. 语言
158,class,/klɑːs/,n,n. 班级
159,river,/ˈrɪvə(r)/,n,n. 河流
160,tiger,/ˈtaɪɡə(r)/,n,n. 老虎
161,imagine,/ɪˈmædʒɪn/,v,v. 想象
162,sun,/sʌn/,n,n. 太阳
163,husband,/ˈhʌzbənd/,n,n. 丈夫
164,snake,/sneɪk/,n,n. 蛇
165,breathe,/briːð/,v,v. 呼吸
166,lady,/ˈleɪdi/,n,n. 女士
167,week,/wiːk/,n,n. 周
168,smart,/smɑːt/,adj,adj. 聪明的
169,conversation,/ˌkɒnvəˈseɪʃn/,n,n. 对话
170,party,/ˈpɑːti/,n,n. 聚会
171,sorry,/ˈsɒri/,adj,adj. 抱歉的；难过的
172,war,/wɔː(r)/,n,n. 战争
173,sell,/sel/,v,v. 卖
174,super,/ˈsuːpə(r)/,adj,adj. 超级的
175,evening,/ˈiːvnɪŋ/,n,n. 傍晚
176,difficult,/ˈdɪfɪkəlt/,adj,adj. 困难的
177,door,/dɔː(r)/,n,n. 门
178,information,/ˌɪnfəˈmeɪʃn/,n,n. 信息
179,finish,/ˈfɪnɪʃ/,v,v. 完成
180,healthy,/ˈhelθi/,adj,adj. 健康的
181,medicine,/ˈmedsn/,n,n. 药物
182,catch,/kætʃ/,v,v. 捕获
183,stone,/stəʊn/,n,n. 石头
184,movie,/ˈmuːvi/,n,n. 电影
185,ready,/ˈredi/,adj,adj. 准备好的
186,event,/ɪˈvent/,n,n. 事件
187,son,/sʌn/,n,n. 儿子
188,visit,/ˈvɪzɪt/,v,v. 访问
189,save,/seɪv/,v,v. 节省
190,video,/ˈvɪdiəʊ/,n,n. 视频
191,dance,/dɑːns/,v,v. 跳舞
192,town,/taʊn/,n,n. 城镇
193,sing,/sɪŋ/,v,v. 唱
194,fruit,/fruːt/,n,n. 水果
195,farm,/fɑːm/,n,n. 农场
196,drama,/ˈdrɑːmə/,n,n. 戏剧
197,rich,/rɪtʃ/,adj,adj. 富有的
198,role,/rəʊl/,n,n. 角色
199,ugly,/ˈʌɡli/,adj,adj. 丑的
200,building,/ˈbɪldɪŋ/,n,n. 建筑
201,case,/keɪs/,n,n. 案例
202,personal,/ˈpɜːsənl/,adj,adj. 个人的
203,tooth,/tuːθ/,n,n. 牙齿
204,usually,/ˈjuːʒuəli/,adv,adv. 通常
205,yesterday,/ˈjestədeɪ/,n,n. 昨天
206,scientist,/ˈsaɪəntɪst/,n,n. 科学家
207,leaf,/liːf/,n,n. 叶子
208,farmer,/ˈfɑːmə(r)/,n,n. 农民
209,goal,/ɡəʊl/,n,n. 目标
210,thinking,/ˈθɪŋkɪŋ/,v,v. 思考
211,cook,/kʊk/,v,v. 烹饪
212,clothe,/kləʊð/,v,v. 给…穿衣
213,music,/ˈmjuːzɪk/,n,n. 音乐
214,bird,/bɜːd/,n,n. 鸟
215,dollar,/ˈdɒlə(r)/,n,n. 美元
216,terrible,/ˈterəbl/,adj,adj. 可怕的
217,hospital,/ˈhɒspɪtl/,n,n. 医院
218,successful,/səkˈsesfl/,adj,adj. 成功的
219,baby,/ˈbeɪbi/,n,n. 婴儿
220,soon,/suːn/,adv,adv. 很快
221,add,/æd/,v,v. 添加
222,color,/ˈkʌlə(r)/,n,n. 颜色
223,angry,/ˈæŋɡri/,adj,adj. 生气的
224,ground,/ɡraʊnd/,n,n. 地面
225,student,/ˈstjuːdnt/,n,n. 学生
226,leg,/leɡ/,n,n. 腿
227,engineer,/ˌendʒɪˈnɪə(r)/,n,n. 工程师
228,chair,/tʃeə(r)/,n,n. 椅子
229,size,/saɪz/,n,n. 大小
230,describe,/dɪˈskraɪb/,v,v. 描述
231,sick,/sɪk/,adj,adj. 病的
232,cold,/kəʊld/,adj,adj. 冷的
233,brother,/ˈbrʌðə(r)/,n,n. 兄弟
234,short,/ʃɔːt/,adj,adj. 短的
235,special,/ˈspeʃl/,adj,adj. 特殊的
236,often,/ˈɒfn/,adv,adv. 经常
237,daughter,/ˈdɔːtə(r)/,n,n. 女儿
238,stage,/steɪdʒ/,n,n. 阶段
239,wall,/wɔːl/,n,n. 墙
240,neighbor,/ˈneɪbə(r)/,n,n. 邻居
241,bed,/bed/,n,n. 床
242,monkey,/ˈmʌŋki/,n,n. 猴子
243,computer,/kəmˈpjuːtə(r)/,n,n. 电脑
244,brush,/brʌʃ/,v,v. 刷
245,field,/fiːld/,n,n. 领域
246,engineering,/ˌendʒɪˈnɪərɪŋ/,n,n. 工程学
247,quickly,/ˈkwɪkli/,adv,adv. 快地
248,window,/ˈwɪndəʊ/,n,n. 窗户
249,glad,/ɡlæd/,adj,adj. 高兴的
250,breakfast,/ˈbrekfəst/,n,n. 早餐
251,vegetable,/ˈvedʒtəbl/,n,n. 蔬菜
252,message,/ˈmesɪdʒ/,n,n. 消息
253,garden,/ˈɡɑːdn/,n,n. 花园
254,table,/ˈteɪbl/,n,n. 桌子
255,apple,/ˈæpl/,n,n. 苹果
256,sky,/skaɪ/,n,n. 天空
257,rain,/reɪn/,n,n. 雨
258,busy,/ˈbɪzi/,adj,adj. 忙碌的
259,peace,/piːs/,n,n. 和平
260,clean,/kliːn/,adj,adj. 干净的
261,cat,/kæt/,n,n. 猫
262,nose,/nəʊz/,n,n. 鼻子
263,dark,/dɑːk/,adj,adj. 黑暗的
264,team,/tiːm/,n,n. 团队
265,carefully,/ˈkeəfəli/,adv,adv. 小心地
266,sad,/sæd/,adj,adj. 悲伤的
267,news,/njuːz/,n,n. 新闻
268,art,/ɑːt/,n,n. 艺术
269,black,/blæk/,adj,adj. 黑色的
270,birth,/bɜːθ/,n,n. 出生
271,office,/ˈɒfɪs/,n,n. 办公室
272,coffee,/ˈkɒfi/,n,n. 咖啡
273,hair,/heə(r)/,n,n. 头发
274,ghost,/ɡəʊst/,n,n. 鬼
275,key,/kiː/,n,n. 钥匙
276,celebrate,/ˈselɪbreɪt/,v,v. 庆祝
277,hungry,/ˈhʌŋɡri/,adj,adj. 饥饿的
278,meal,/miːl/,n,n. 一餐
279,hall,/hɔːl/,n,n. 大厅
280,lunch,/lʌntʃ/,n,n. 午餐
281,hotel,/həʊˈtel/,n,n. 酒店
282,lonely,/ˈləʊnli/,adj,adj. 孤独的
283,bathroom,/ˈbɑːθruːm/,n,n. 浴室
284,collect,/kəˈlekt/,v,v. 收集
285,fun,/fʌn/,n,n. 乐趣
286,college,/ˈkɒlɪdʒ/,n,n. 学院
287,hill,/hɪl/,n,n. 山丘
288,favorite,/ˈfeɪvərɪt/,adj,adj. 最喜欢的
289,fill,/fɪl/,v,v. 装满
290,poor,/pɔː(r)/,adj,adj. 贫穷的
291,late,/leɪt/,adj,adj. 晚的
292,bone,/bəʊn/,n,n. 骨头
293,bridge,/brɪdʒ/,n,n. 桥
294,hole,/həʊl/,n,n. 洞
295,solve,/sɒlv/,v,v. 解决
296,bread,/bred/,n,n. 面包
297,afraid,/əˈfreɪd/,adj,adj. 害怕的
298,skill,/skɪl/,"n, v",n. 技能；v. 培训
299,arrive,/əˈraɪv/,v,v. 到达
300,bag,/bæɡ/,n,n. 袋子
301,television,/ˈtelɪvɪʒn/,n,n. 电视
302,card,/kɑːd/,n,n. 卡
303,box,/bɒks/,n,n. 盒子
304,wash,/wɒʃ/,v,v. 洗
305,ideal,/aɪˈdɪəl/,adj,adj. 理想的
306,clock,/klɒk/,n,n. 时钟
307,bike,/baɪk/,n,n. 自行车
308,floor,/flɔː(r)/,n,n. 地板
309,mouth,/maʊθ/,n,n. 嘴
310,paint,/peɪnt/,n,n. 油漆
311,pray,/preɪ/,v,v. 祈祷
312,lazy,/ˈleɪzi/,adj,adj. 懒惰的
313,subject,/ˈsʌbdʒɪkt/,n,n. 主题
314,weather,/ˈweðə(r)/,n,n. 天气
315,careful,/ˈkeəfl/,adj,adj. 小心的
316,glass,/ɡlɑːs/,n,n. 玻璃
317,palace,/ˈpæləs/,n,n. 宫殿
318,seat,/siːt/,n,n. 座位
319,grandfather,/ˈɡrænfɑːðə(r)/,n,n. 祖父
320,factory,/ˈfæktri/,n,n. 工厂
321,gift,/ɡɪft/,n,n. 礼物
322,hide,/haɪd/,v,v. 隐藏
323,meeting,/ˈmiːtɪŋ/,n,n. 会议
324,cow,/kaʊ/,n,n. 牛
325,pocket,/ˈpɒkɪt/,n,n. 口袋
326,beach,/biːtʃ/,n,n. 海滩
327,white,/waɪt/,adj,adj. 白色的
328,paper,/ˈpeɪpə(r)/,n,n. 纸
329,hot,/hɒt/,adj,adj. 热的
330,cloud,/klaʊd/,n,n. 云
331,kitchen,/ˈkɪtʃɪn/,n,n. 厨房
332,toilet,/ˈtɔɪlət/,n,n. 厕所
333,station,/ˈsteɪʃn/,n,n. 站
334,grandmother,/ˈɡrænmʌðə(r)/,n,n. 祖母
335,afternoon,/ˌɑːftəˈnuːn/,n,n. 下午
336,strange,/streɪndʒ/,adj,adj. 奇怪的
337,join,/dʒɔɪn/,v,v. 加入
338,summer,/ˈsʌmə(r)/,n,n. 夏天
339,corner,/ˈkɔːnə(r)/,n,n. 角落
340,song,/sɒŋ/,n,n. 歌
341,cinema,/ˈsɪnəmə/,n,n. 电影院
342,hat,/hæt/,n,n. 帽子
343,bus,/bʌs/,n,n. 公交车
344,dinner,/ˈdɪnə(r)/,n,n. 晚餐
345,heavy,/ˈhevi/,adj,adj. 重的
346,famous,/ˈfeɪməs/,adj,adj. 著名的
347,internet,/ˈɪntənet/,n,n. 互联网
348,sister,/ˈsɪstə(r)/,n,n. 姐妹
349,luck,/lʌk/,n,n. 运气
350,rat,/ræt/,n,n. 老鼠
351,repeat,/rɪˈpiːt/,v,v. 重复
352,celebration,/ˌselɪˈbreɪʃn/,n,n. 庆祝
353,drunk,/drʌŋk/,adj,adj. 醉的
354,expensive,/ɪkˈspensɪv/,adj,adj. 昂贵的
355,driver,/ˈdraɪvə(r)/,n,n. 司机
356,map,/mæp/,n,n. 地图
357,funny,/ˈfʌni/,adj,adj. 有趣的
358,knowing,/ˈnəʊɪŋ/,"v, n",v. 知道；n. 知晓
359,birthday,/ˈbɜːθdeɪ/,n,n. 生日
360,wheel,/wiːl/,n,n. 轮子
361,lovely,/ˈlʌvli/,adj,adj. 可爱的
362,blue,/bluː/,adj,adj. 蓝色的
363,awake,/əˈweɪk/,v,v. 醒来
364,sport,/spɔːt/,n,n. 运动
365,nationality,/ˌnæʃəˈnæləti/,n,n. 国籍
366,camera,/ˈkæmərə/,n,n. 照相机
367,introduce,/ˌɪntrəˈdjuːs/,v,v. 介绍
368,weekend,/ˌwiːkˈend/,n,n. 周末
369,shoe,/ʃuː/,n,n. 鞋
370,nothingness,/ˈnʌθɪŋnəs/,n,n. 虚无，空无
371,airplane,/ˈeəpleɪn/,n,n. 飞机
372,quarter,/ˈkwɔːtə(r)/,n,n. 四分之一
373,pig,/pɪɡ/,n,n. 猪
374,partner,/ˈpɑːtnə(r)/,n,n. 伙伴
375,uncle,/ˈʌŋkəl/,n,n. 叔叔
376,frog,/frɒɡ/,n,n. 青蛙
377,everyday,/ˈevrɪdeɪ/,adj,adj. 日常的
378,unknowingly,/ʌnˈnəʊɪŋlɪ/,adv,adv. 不知情地
379,meat,/miːt/,n,n. 肉
380,ticket,/ˈtɪkɪt/,n,n. 票
381,player,/ˈpleɪə/,n,n. 玩家
382,thin,/θɪn/,adj,adj. 瘦的
383,topic,/ˈtɒpɪk/,n,n. 话题
384,tall,/tɔːl/,adj,adj. 高的
385,spring,/sprɪŋ/,n,n. 春天
386,note,/nəʊt/,n,n. 便条
387,sea,/siː/,n,n. 海
388,dad,/dæd/,n,n. 爸爸
389,garbage,/ˈɡɑːbɪdʒ/,n,n. 垃圾
390,sugar,/ˈʃʊɡə/,n,n. 糖
391,horse,/hɔːs/,n,n. 马
392,actor,/ˈæktə/,n,n. 演员
393,orange,/ˈɒrɪndʒ/,adj,adj. 橙色的
394,kick,/kɪk/,v,v. 踢
395,cloth,/klɒθ/,n,n. 布
396,bath,/bɑːθ/,n,n. 洗澡
397,due,/djuː/,adj,adj. 由于
398,bucket,/ˈbʌkɪt/,n,n. 桶
399,item,/ˈaɪtəm/,n,n. 项目
400,subjectivity,/ˌsʌbdʒekˈtɪvəti/,n,n. 主观性
401,holiday,/ˈhɒlədeɪ/,n,n. 假期
402,bell,/bel/,n,n. 铃
403,soup,/suːp/,n,n. 汤
404,bedroom,/ˈbedruːm/,n,n. 卧室
405,truck,/trʌk/,n,n. 卡车
406,winter,/ˈwɪntə/,n,n. 冬天
407,discuss,/dɪˈskʌs/,v,v. 讨论
408,bottom,/ˈbɒtəm/,n,n. 底部
409,neck,/nek/,n,n. 脖子
410,yellow,/ˈjeləʊ/,adj,adj. 黄色的
411,swim,/swɪm/,v,v. 游泳
412,festival,/ˈfestɪvl/,n,n. 节日
413,page,/peɪdʒ/,n,n. 页
414,tomato,/təˈmɑːtəʊ/,n,n. 番茄
415,subjective,/səbˈdʒektɪv/,adj,adj. 主观的
416,jewelry,/ˈdʒuːəlri/,n,n. 珠宝
417,worker,/ˈwɜːkə/,n,n. 工人
418,noise,/nɔɪz/,n,n. 噪音
419,library,/ˈlaɪbrəri/,n,n. 图书馆
420,club,/klʌb/,n,n. 俱乐部
421,airport,/ˈeəpɔːt/,n,n. 机场
422,shoulder,/ˈʃəʊldə(r)/,n,n. 肩膀
423,pet,/pet/,n,n. 宠物
424,manure,/məˈnjʊə(r)/,n,n. 肥料
425,rice,/raɪs/,n,n. 米饭
426,vacation,/vəˈkeɪʃn/,n,n. 假期
427,cake,/keɪk/,n,n. 蛋糕
428,fan,/fæn/,n,n. 粉丝
429,bright,/braɪt/,adj,adj. 明亮的
430,band,/bænd/,n,n. 乐队
431,wellness,/ˈwelnəs/,n,n. 健康
432,church,/tʃɜːtʃ/,n,n. 教堂
433,prince,/prɪns/,n,n. 王子
434,knee,/niː/,n,n. 膝盖
435,speech,/spiːtʃ/,n,n. 演讲
436,boat,/bəʊt/,n,n. 小船，艇
437,lucky,/ˈlʌki/,adj,adj. 幸运的
438,football,/ˈfʊtbɔːl/,n,n. 足球
439,musician,/mjuˈzɪʃən/,n,n. 音乐家，乐手
440,character,/ˈkærəktə(r)/,n,n. 性格
441,elder,/ˈeldə(r)/,n,n. 兄长
442,island,/ˈaɪlənd/,n,n. 岛屿
443,milk,/mɪlk/,n,n. 牛奶
444,tv,/ˌtiː ˈviː/,n,n. 电视
445,lion,/ˈlaɪən/,n,n. 狮子
446,flag,/flæɡ/,n,n. 旗帜
447,selfishness,/ˈselfɪʃnəs/,n,n. 利己心
448,chicken,/ˈtʃɪkɪn/,n,n. 鸡
449,lesson,/ˈlesn/,n,n. 教训
450,ice,/aɪs/,n,n. 冰
451,site,/saɪt/,n,n. 墓地
452,poem,/ˈpəʊɪm/,n,n. 诗，诗篇
453,grandparent,/ˈɡrænpeərənt/,n,n. 祖父；祖母
454,sale,/seɪl/,n,n. 销售，出售
455,restaurant,/ˈrestrɒnt/,n,n. 餐馆
456,momentum,/məˈmentəm/,n,n. 势头
457,excellent,/ˈeksələnt/,adj,adj. 优秀的
458,letter,/ˈletə/,n,n. 信
459,dirty,/ˈdɜːti/,adj,adj. 脏的
460,bicycle,/ˈbaɪsɪkəl/,n,n. 自行车
461,guest,/ɡest/,n,n. 客人
462,legacy,/ˈleɡəsi/,n,n. 遗产
463,openness,/ˈəʊpənnəs/,n,n. 开放
464,newspaper,/ˈnjuːzpeɪpə/,n,n. 报纸
465,survey,/ˈsɜːveɪ/,n,n. 调查
466,shirt,/ʃɜːt/,n,n. 衬衫
467,incapable,/ɪnˈkeɪpəbəl/,adj,adj. 无能的
468,potato,/pəˈteɪtəʊ/,n,n. 土豆，马铃薯
469,sight,/saɪt/,n,n. 视力
470,plane,/pleɪn/,n,n. 飞机
471,handsome,/ˈhænsəm/,adj,adj. 英俊的
472,supermarket,/ˈsuːpəmɑːkɪt/,n,n. 超市
473,theater,/ˈθɪətə/,n,n. 剧院
474,sunny,/ˈsʌni/,adj,adj. 晴朗的
475,dosa,/ˈdəʊsə/,n,n. 多萨饼
476,cop,/kɒp/,n,n. 警察
477,couch,/kaʊtʃ/,n,n. 长沙发
478,ear,/ɪə/,n,n. 耳朵
479,habit,/ˈhæbɪt/,n,n. 习惯
480,pool,/puːl/,n,n. 水池；池塘
481,bee,/biː/,n,n. 蜜蜂
482,shy,/ʃaɪ/,adj,adj. 害羞的
483,photo,/ˈfəʊtəʊ/,n,n. 照片
484,corn,/kɔːn/,n,n. 玉米
485,sofa,/ˈsəʊfə/,n,n. 沙发
486,pair,/peə/,n,n. 一对
487,princess,/ˌprɪnˈses/,n,n. 公主
488,notebook,/ˈnəʊtbʊk/,n,n. 笔记本
489,dish,/dɪʃ/,n,n. 菜肴
490,cap,/kæp/,n,n. 帽子
491,jacket,/ˈdʒækɪt/,n,n. 夹克
492,magazine,/ˌmæɡəˈziːn/,n,n. 杂志
493,suggestion,/səˈdʒestʃən/,n,n. 建议
494,breadth,/bredθ/,n,n. 宽度
495,medically,/ˈmedɪkli/,adv,adv. 医学上
496,behind,/bɪˈhaɪnd/,prep,prep. 在...后面
497,strict,/strɪkt/,adj,adj. 严格的
498,cute,/kjuːt/,adj,adj. 可爱的
499,bodily,/ˈbɒdɪli/,adj,adj. 身体的
500,carrier,/ˈkæriə(r)/,n,n. 载体
501,thick,/θɪk/,adj,adj. 厚的
502,oneness,/ˈwʌnnəs/,n,n. 一体性
503,ten,/ten/,num,num. 十
504,discard,/dɪsˈkɑːd/,v,v. 丢弃，舍弃
505,tennis,/ˈtenɪs/,n,n. 网球（运动）
506,aunt,/ɑːnt/,n,n. 姑妈，姨妈，阿姨
507,periodically,/ˌpɪəriˈɒdɪkli/,adv,adv. 定期地
508,aging,/ˈeɪdʒɪŋ/,n,n. 衰老，老化
509,code,/kəʊd/,n,n. 代码
510,superman,/ˈsuːpəmæn/,n,n. 超人
511,math,/mæθ/,n,n. （美）数学
512,autumn,/ˈɔːtəm/,n,n. 秋天
513,tea,/tiː/,n,n. 茶
514,egg,/eɡ/,n,n. 蛋
515,nonstop,/ˌnɒnˈstɒp/,adj,adj. 不间断的
516,unreal,/ʌnˈrɪəl/,adj,adj. 不真实的
517,greet,/ɡriːt/,v,v. 迎接
518,painting,/ˈpeɪntɪŋ/,n,n. 绘画
519,tube,/tjuːb/,n,n. 管
520,cater,/ˈkeɪtə/,v,v. 迎合
521,blank,/blæŋk/,adj,adj. 空白的
522,healthful,/ˈhɛlθfʊl/,adj,adj. 有益健康的
523,button,/ˈbʌtən/,n,n. 按钮
524,drum,/drʌm/,n,n. 鼓
525,pen,/pɛn/,n,n. 笔
526,parenting,/ˈpeərəntɪŋ/,n,n. 育儿
527,poster,/ˈpəʊstə(r)/,n,n. 海报
528,fullness,/ˈfʊlnəs/,n,n. 充实
529,collection,/kəˈlekʃn/,n,n. 收藏
530,borrow,/ˈbɒrəʊ/,v,v. 借
531,fanatic,/fəˈnætɪk/,adj,adj. 狂热的
532,picnic,/ˈpɪknɪk/,n,n. 野餐
533,rebirth,/ˌriːˈbɜːθ/,n,n. 转世
534,dictionary,/ˈdɪkʃənri/,n,n. 词典
535,cup,/kʌp/,n,n. 杯子
536,english,/ˈɪŋɡlɪʃ/,adj,adj. 英语的
537,mean,/miːn/,v,v. 意味着
538,human,/ˈhjuːmən/,adj,adj. 人的
539,good,/ɡʊd/,adj,adj. 好的
540,mind,/maɪnd/,n,n. 心灵
541,call,/kɔːl/,v,v. 叫
542,live,/lɪv/,v,v. 生活
543,talk,/tɔːk/,v,v. 谈话
544,certain,/ˈsɜːtn/,adj,adj. 某些
545,experience,/ɪkˈspɪəriəns/,n,n. 经验
546,try,/traɪ/,v,v. 尝试
547,whole,/həʊl/,adj,adj. 整个的
548,understand,/ˌʌndəˈstænd/,v,v. 理解
549,question,/ˈkwestʃən/,n,n. 问题
550,feel,/fiːl/,v,v. 感觉
551,place,/pleɪs/,n,n. 地方
552,create,/kriˈeɪt/,v,v. 创造
553,planet,/ˈplænɪt/,n,n. 行星
554,back,/bæk/,adv,adv. 在...后面
555,nature,/ˈneɪtʃə/,n,n. 自然
556,physical,/ˈfɪzɪkl/,adj,adj. 物理的
557,leave,/liːv/,v,v. 离开
558,die,/daɪ/,v,v. 死亡
559,matter,/ˈmætə/,n,n. 事情
560,simply,/ˈsɪmpli/,adv,adv. 简单地
561,system,/ˈsɪstəm/,n,n. 瑜伽体系
562,simple,/ˈsɪmpl/,adj,adj. 简单的
563,point,/pɔɪnt/,n,n. 点
564,hand,/hænd/,n,n. 手
565,space,/speɪs/,n,n. 空间
566,long,/lɒŋ/,adj,adj. 长的
567,lose,/luːz/,v,v. 失去
568,situation,/ˌsɪtʃuˈeɪʃn/,n,n. 情况
569,head,/hed/,n,n. 头
570,bit,/bɪt/,n,n. 一点
571,intelligence,/ɪnˈtelɪdʒəns/,n,n. 智力
572,form,/fɔːm/,n,n. 形式
573,water,/ˈwɔːtə/,n,n. 水
574,country,/ˈkʌntri/,n,n. 国家
575,wrong,/rɒŋ/,adj,adj. 错误的
576,move,/muːv/,v,v. 移动
577,hold,/həʊld/,v,v. 握住
578,generation,/ˌdʒenəˈreɪʃn/,n,n. 一代（人）
579,break,/breɪk/,v,v. 打破
580,sleep,/sliːp/,v,v. 睡觉
581,somewhere,/ˈsʌmweə/,adv,adv. 某处
582,possible,/ˈpɒsəbl/,adj,adj. 可能的
583,nation,/ˈneɪʃn/,n,n. 国家
584,care,/keə/,v,v. 关心
585,show,/ʃəʊ/,v,v. 展示
586,handle,/ˈhændl/,v,v. 处理
587,home,/həʊm/,n,n. 家
588,end,/end/,n,n. 结束
589,society,/səˈsaɪəti/,n,n. 社会
590,drive,/draɪv/,v,v. 驱赶
591,attention,/əˈtenʃn/,n,n. 注意力
592,fall,/fɔːl/,v,v. 落下
593,land,/lænd/,n,n. 土地
594,light,/laɪt/,adj,adj. 轻的
595,step,/step/,n,n. 步
596,high,/haɪ/,adj,adj. 高的
597,sure,/ʃʊə/,adj,adj. 确定的
598,face,/feɪs/,n,n. 脸
599,dead,/ded/,adj,adj. 死的
600,set,/set/,v,v. 设立
601,ever,/ˈevə/,adv,adv. 曾经
602,fantastic,/fænˈtæstɪk/,adj,adj. 极好的
603,seek,/siːk/,v,v. 寻找
604,bear,/beə/,n,n. 熊
605,choice,/tʃɔɪs/,n,n. 选择
606,name,/neɪm/,n,n. 名字
607,death,/deθ/,n,n. 死亡
608,power,/ˈpaʊə/,n,n. 力量
609,realize,/ˈrɪəlaɪz/,v,v. 意识到
610,exist,/ɪɡˈzɪst/,v,v. 存在（动词）
611,stand,/stænd/,v,v. 站立
612,manage,/ˈmænɪdʒ/,v,v. 管理
613,around,/əˈraʊnd/,adv,adv. 在周围
614,touch,/tʌtʃ/,v,v. 触摸
615,help,/help/,v,v. 帮助
616,probably,/ˈprɒbəbli/,adv,adv. 可能
617,book,/bʊk/,n,n. 书
618,unfortunately,/ʌnˈfɔːtʃənətli/,adv,adv. 不幸地
619,clear,/klɪə(r)/,adj,adj. 清楚的
620,stay,/steɪ/,v,v. 停留
621,reach,/riːtʃ/,v,v. 达到
622,allow,/əˈlaʊ/,v,v. 允许
623,fix,/fɪks/,v,v. 修理
624,cut,/kʌt/,v,v. 切
625,purpose,/ˈpɜːpəs/,n,n. 目的
626,alive,/əˈlaɪv/,adj,adj. 活着的
627,control,/kənˈtrəʊl/,v,v. 控制
628,fight,/faɪt/,v,v. 战斗
629,free,/friː/,adj,adj. 自由的
630,program,/ˈprəʊɡræm/,n,n. 程序
631,wait,/weɪt/,v,v. 等待
632,room,/ruːm/,n,n. 房间
633,truth,/truːθ/,n,n. 真理
634,throw,/θrəʊ/,v,v. 扔
635,population,/ˌpɒpjuˈleɪʃn/,n,n. 人口
636,indian,/ˈɪndiən/,adj,adj. 印度的
637,company,/ˈkʌmpəni/,n,n. 公司
638,pleasant,/ˈpleznt/,adj,adj. 令人愉快的
639,travel,/ˈtrævl/,v,v. 旅行
640,function,/ˈfʌŋkʃn/,"n, v",n. 功能；v. 运转
641,act,/ækt/,v,v. 作为行为
642,dream,/driːm/,n,n. 梦
643,gather,/ˈɡæðə(r)/,v,v. 聚集
644,anywhere,/ˈeniweə(r)/,adv,adv. 任何地方
645,necessary,/ˈnesəsəri/,adj,adj. 必要的
646,decide,/dɪˈsaɪd/,v,v. 决定
647,education,/ˌedʒuˈkeɪʃn/,n,n. 教育
648,seem,/siːm/,v,v. 似乎
649,explore,/ɪkˈsplɔː(r)/,v,v. 探索
650,early,/ˈɜːli/,adv,adv. 早
651,quality,/ˈkwɒləti/,n,n. 质量
652,pass,/pɑːs/,v,v. 通过
653,earth,/ɜːθ/,n,n. 地球
654,source,/sɔːs/,n,n. 来源
655,especially,/ɪˈspeʃəli/,adv,adv. 特别是
656,fact,/fækt/,n,n. 事实
657,hit,/hɪt/,v,v. 击中
658,cry,/kraɪ/,v,v. 哭
659,center,/ˈsentə(r)/,n,n. 中心
660,slowly,/ˈsləʊli/,adv,adv. 缓慢地
661,depend,/dɪˈpend/,v,v. 依赖
662,future,/ˈfjuːtʃə(r)/,n,n. 未来
663,impact,/ˈɪmpækt/,n,n. 影响
664,plant,/plɑːnt/,n,n. 植物
665,share,/ʃeə(r)/,v,v. 分享
666,direction,/dəˈrekʃn/,n,n. 方向
667,drop,/drɒp/,v,v. 掉落
668,creature,/ˈkriːtʃə(r)/,n,n. 生物
669,cross,/krɒs/,v,v. 穿过
670,structure,/ˈstrʌktʃə(r)/,n,n. 结构
671,study,/ˈstʌdi/,v,v. 学习
672,journey,/ˈdʒɜːni/,n,n. 旅程
673,focus,/ˈfəʊkəs/,v,v. 聚焦
674,single,/ˈsɪŋɡl/,adj,adj. 单一的
675,refer,/rɪˈfɜː(r)/,v,v. 引用
676,pull,/pʊl/,v,v. 拉
677,law,/lɔː/,n,n. 法律
678,joy,/dʒɔɪ/,n,n. 喜悦
679,pick,/pɪk/,v,v. 捡起
680,push,/pʊʃ/,v,v. 推
681,knowledge,/ˈnɒlɪdʒ/,n,n. 知识
682,support,/səˈpɔːt/,n,n. 支持
683,tear,/tɪə(r)/,v,v. 撕裂
684,top,/tɒp/,n,n. 顶部
685,opportunity,/ˌɒpəˈtjuːnəti/,n,n. 机会
686,burn,/bɜːn/,v,v. 燃烧
687,remain,/rɪˈmeɪn/,v,v. 留下
688,type,/taɪp/,n,n. 类型
689,truly,/ˈtruːli/,adv,adv. 真正地
690,rule,/ruːl/,n,n. 规则
691,powerful,/ˈpaʊəfl/,adj,adj. 强大的
692,line,/laɪn/,n,n. 线
693,government,/ˈɡʌvənmənt/,n,n. 政府
694,half,/hɑːf/,n,n. 一半
695,front,/frʌnt/,n,n. 前面
696,natural,/ˈnætʃrəl/,adj,adj. 自然的
697,normal,/ˈnɔːml/,adj,adj. 正常的
698,freedom,/ˈfriːdəm/,n,n. 自由
699,path,/pɑːθ/,n,n. 路径
700,destroy,/dɪˈstrɔɪ/,v,v. 破坏
701,village,/ˈvɪlɪdʒ/,n,n. 村庄
702,effort,/ˈefət/,n,n. 努力
703,plan,/plæn/,n,n. 计划
704,ability,/əˈbɪləti/,n,n. 能力
705,significant,/sɪɡˈnɪfɪkənt/,adj,adj. 重要的
706,instead,/ɪnˈsted/,adv,adv. 相反
707,inner,/ˈɪnə(r)/,adj,adj. 内心的
708,raise,/reɪz/,v,v. 唤醒
709,wake,/weɪk/,v,v. 醒来
710,joyful,/ˈdʒɔɪfl/,adj,adj. 喜悦的
711,fool,/fuːl/,n,n. 傻子
712,past,/pɑːst/,n,n. 过去
713,crazy,/ˈkreɪzi/,adj,adj. 疯狂的
714,send,/send/,v,v. 发送
715,modern,/ˈmɒdn/,adj,adj. 现代的
716,produce,/prəˈdjuːs/,v,v. 生产
717,deal,/diːl/,v,v. 处理
718,solution,/səˈluːʃn/,n,n. 解决方案
719,material,/məˈtɪəriəl/,n,n. 材料
720,chemical,/ˈkemɪkl/,n,n. 化学物质
721,road,/rəʊd/,n,n. 道路
722,personality,/ˌpɜːsəˈnæləti/,n,n. 个性
723,longing,/ˈlɒŋɪŋ/,n,n. 渴望
724,fire,/ˈfaɪə(r)/,n,n. 火
725,air,/eə(r)/,n,n. 空气
726,mention,/ˈmenʃn/,v,v. 提及
727,wish,/wɪʃ/,n,n. 愿望
728,enter,/ˈentə(r)/,v,v. 进入
729,physically,/ˈfɪzɪkli/,adv,adv. 身体上
730,million,/ˈmɪljən/,n,n. 百万
731,appreciate,/əˈpriːʃieɪt/,v,v. 欣赏
732,intensity,/ɪnˈtensəti/,n,n. 强度
733,notice,/ˈnəʊtɪs/,v,v. 注意到
734,alone,/əˈləʊn/,adv,adv. 独自
735,joke,/dʒəʊk/,n,n. 笑话
736,hope,/həʊp/,n,n. 希望
737,group,/ɡruːp/,n,n. 组
738,opinion,/əˈpɪnjən/,n,n. 意见
739,success,/səkˈses/,n,n. 成功
740,count,/kaʊnt/,v,v. 计算
741,devotee,/ˌdevəˈtiː/,n,n. 信徒
742,wonder,/ˈwʌndə(r)/,v,v. 惊讶
743,shape,/ʃeɪp/,v,v. 塑形
744,basic,/ˈbeɪsɪk/,adj,adj. 基本的
745,figure,/ˈfɪɡə(r)/,v,v. 计算
746,correct,/kəˈrekt/,adj,adj. 正确的
747,base,/beɪs/,n,n. 基础
748,anymore,/ˌeniˈmɔː(r)/,adv,adv. 再（用于否定句）
749,expression,/ɪkˈspreʃn/,n,n. 表达
750,view,/vjuː/,v,v. 看待
751,forward,/ˈfɔːwəd/,adv,adv. 向前
752,exactly,/ɪɡˈzæktli/,adv,adv. 确切地
753,condition,/kənˈdɪʃn/,n,n. 条件
754,clearly,/ˈklɪəli/,adv,adv. 清楚地
755,dangerous,/ˈdeɪndʒərəs/,adj,adj. 危险的
756,shoot,/ʃuːt/,v,v. 射击
757,consider,/kənˈsɪdə(r)/,v,v. 考虑
758,tradition,/trəˈdɪʃn/,n,n. 传统
759,draw,/drɔː/,v,v. 画
760,grace,/ɡreɪs/,n,n. 优雅
761,follow,/ˈfɒləʊ/,v,v. 跟随
762,root,/ruːt/,n,n. 根
763,intelligent,/ɪnˈtelɪdʒənt/,adj,adj. 聪明的
764,instrument,/ˈɪnstrəmənt/,n,n. 乐器
765,mirror,/ˈmɪrə(r)/,n,n. 镜子
766,offer,/ˈɒfə(r)/,v,v. 提供
767,star,/stɑː(r)/,n,n. 星
768,laugh,/lɑːf/,v,v. 笑
769,dislike,/dɪsˈlaɪk/,v,v. 不喜欢
770,belong,/bɪˈlɒŋ/,v,v. 属于
771,pretty,/ˈprɪti/,adj,adj. 漂亮的
772,organize,/ˈɔːɡənaɪz/,v,v. 组织
773,market,/ˈmɑːkɪt/,n,n. 市场
774,trouble,/ˈtrʌbl/,n,n. 麻烦
775,develop,/dɪˈveləp/,v,v. 发展
776,medical,/ˈmedɪkl/,adj,adj. 医学的
777,safe,/seɪf/,adj,adj. 安全的
778,lie,/laɪ/,v,v. 躺下
779,easily,/ˈiːzəli/,adv,adv. 容易地
780,worry,/ˈwʌri/,v,v. 担心
781,dig,/dɪɡ/,v,v. 挖掘
782,pleasantness,/ˈplezntnəs/,n,n. 愉悦
783,forest,/ˈfɒrɪst/,n,n. 森林
784,marry,/ˈmæri/,v,v. 结婚
785,continue,/kənˈtɪnjuː/,v,v. 继续
786,include,/ɪnˈkluːd/,v,v. 包括
787,fully,/ˈfʊli/,adv,adv. 完全地
788,serve,/sɜːv/,v,v. 服务
789,claim,/kleɪm/,v,v. 声称
790,establish,/ɪˈstæblɪʃ/,v,v. 建立
791,jump,/dʒʌmp/,v,v. 跳跃
792,deeply,/ˈdiːpli/,adv,adv. 深入地
793,earn,/ɜːn/,v,v. 赚取
794,university,/ˌjuːnɪˈvɜːsəti/,n,n. 大学
795,thousand,/ˈθaʊznd/,n,n. 千
796,address,/əˈdres/,v,v. 发言
797,mistake,/mɪˈsteɪk/,n,n. 错误
798,transaction,/trænˈzækʃn/,n,n. 交易
799,context,/ˈkɒntekst/,n,n. 背景
800,check,/tʃek/,v,v. 检查
801,area,/ˈeəriə/,n,n. 地区
802,scale,/skeɪl/,n,n. 规模
803,century,/ˈsentʃəri/,n,n. 世纪
804,appear,/əˈpɪə(r)/,v,v. 出现
805,increase,/ɪnˈkriːs/,v,v. 增加
806,useful,/ˈjuːsfl/,adj,adj. 有用的
807,temperature,/ˈtemprətʃə(r)/,n,n. 温度
808,either,/ˈaɪðə(r)/,adv,adv. 或者
809,consequence,/ˈkɒnsɪkwəns/,n,n. 后果
810,feed,/fiːd/,v,v. 喂养
811,hurt,/hɜːt/,v,v. 伤害
812,imagination,/ɪˌmædʒɪˈneɪʃn/,n,n. 想象力
813,complete,/kəmˈpliːt/,adj,adj. 完整的
814,express,/ɪkˈspres/,v,v. 表达
815,nearly,/ˈnɪəli/,adv,adv. 几乎
816,interesting,/ˈɪntrəstɪŋ/,adj,adj. 有趣的
817,win,/wɪn/,v,v. 赢
818,political,/pəˈlɪtɪkl/,adj,adj. 政治的
819,search,/sɜːtʃ/,v,v. 寻找
820,crime,/kraɪm/,n,n. 犯罪
821,low,/ləʊ/,adj,adj. 低的
822,expect,/ɪkˈspekt/,v,v. 期待
823,local,/ˈləʊkl/,adj,adj. 当地的
824,calendar,/ˈkælɪndə(r)/,n,n. 日历
825,bother,/ˈbɒðə(r)/,v,v. 打扰
826,forever,/fərˈevə(r)/,adv,adv. 永远
827,explain,/ɪkˈspleɪn/,v,v. 解释
828,design,/dɪˈzaɪn/,n,n. 设计
829,climb,/klaɪm/,v,v. 爬
830,straight,/streɪt/,adj,adj. 直的
831,train,/treɪn/,v,v. 训练
832,seeker,/ˈsiːkə(r)/,n,n. 寻求者
833,picture,/ˈpɪktʃə(r)/,n,n. 图片
834,smell,/smel/,v,v. 闻
835,wise,/waɪz/,adj,adj. 明智的
836,compare,/kəmˈpeə(r)/,v,v. 比较
837,prepare,/prɪˈpeə(r)/,v,v. 准备
838,beauty,/ˈbjuːti/,n,n. 美
839,scientific,/ˌsaɪənˈtɪfɪk/,adj,adj. 科学的
840,daily,/ˈdeɪli/,adj,adj. 日常的
841,common,/ˈkɒmən/,adj,adj. 常见的
842,kid,/kɪd/,n,n. 小孩
843,kilometer,/ˈkɪləmiːtə(r)/,n,n. 公里
844,popular,/ˈpɒpjələ(r)/,adj,adj. 流行的
845,south,/saʊθ/,n,n. 南方
846,avoid,/əˈvɔɪd/,v,v. 避免
847,trip,/trɪp/,n,n. 旅行
848,peaceful,/ˈpiːsfl/,adj,adj. 和平的
849,mode,/məʊd/,n,n. 方式
850,chance,/tʃɑːns/,n,n. 机会
851,differently,/ˈdɪfrəntli/,adv,adv. 不同地
852,mechanism,/ˈmekənɪzəm/,n,n. 机制
853,unpleasant,/ʌnˈpleznt/,adj,adj. 不愉快的
854,wisdom,/ˈwɪzdəm/,n,n. 智慧
855,method,/ˈmeθəd/,n,n. 方法
856,cost,/kɒst/,n,n. 代价
857,fresh,/freʃ/,adj,adj. 新鲜的
858,kingdom,/ˈkɪŋdəm/,n,n. 王国
859,product,/ˈprɒdʌkt/,n,n. 产品
860,recently,/ˈriːsntli/,adv,adv. 最近
861,couple,/ˈkʌpl/,n,n. 夫妇
862,impossible,/ɪmˈpɒsəbl/,adj,adj. 不可能的
863,dear,/dɪə(r)/,adj,adj. 亲爱的
864,price,/praɪs/,n,n. 价格
865,trap,/træp/,n,n. 陷阱
866,smile,/smaɪl/,v,v. 微笑
867,gun,/ɡʌn/,n,n. 枪
868,achieve,/əˈtʃiːv/,v,v. 实现
869,middle,/ˈmɪdl/,adj,adj. 中间的
870,survive,/səˈvaɪv/,v,v. 生存
871,perform,/pəˈfɔːm/,v,v. 表演
872,speed,/spiːd/,n,n. 速度
873,wild,/waɪld/,adj,adj. 狂野的
874,detail,/ˈdiːteɪl/,n,n. 细节
875,insect,/ˈɪnsekt/,n,n. 昆虫
876,atom,/ˈætəm/,n,n. 原子
877,gold,/ɡəʊld/,n,n. 黄金
878,replace,/rɪˈpleɪs/,v,v. 替换
879,welcome,/ˈwelkəm/,v,v. 欢迎
880,remind,/rɪˈmaɪnd/,v,v. 提醒
881,interest,/ˈɪntrəst/,n,n. 兴趣
882,strength,/streŋθ/,n,n. 力量
883,receive,/rɪˈsiːv/,v,v. 接收
884,fortunately,/ˈfɔːtʃənətli/,adv,adv. 幸运地
885,accept,/əkˈsept/,v,v. 接受
886,voice,/vɔɪs/,n,n. 声音
887,convenience,/kənˈviːniəns/,n,n. 便利
888,operate,/ˈɒpəreɪt/,v,v. 操作
889,represent,/ˌreprɪˈzent/,v,v. 代表
890,enormous,/ɪˈnɔːməs/,adj,adj. 巨大的
891,comfortable,/ˈkʌmftəbl/,adj,adj. 舒适的
892,commitment,/kəˈmɪtmənt/,n,n. 承诺
893,ancient,/ˈeɪnʃənt/,adj,adj. 古代的
894,specific,/spəˈsɪfɪk/,adj,adj. 具体的
895,effect,/ɪˈfekt/,n,n. 效果
896,blood,/blʌd/,n,n. 血
897,extremely,/ɪkˈstriːmli/,adv,adv. 极其
898,elephant,/ˈelɪfənt/,n,n. 大象
899,empty,/ˈempti/,adj,adj. 空的
900,bite,/baɪt/,v,v. 咬
901,manner,/ˈmænə(r)/,n,n. 方式
902,extra,/ˈekstrə/,adj,adj. 额外的
903,cool,/kuːl/,adj,adj. 凉爽的
904,making,/ˈmeɪkɪŋ/,v,v. 制作
905,bury,/ˈberi/,v,v. 埋葬
906,wind,/waɪnd/,n,n. 风
907,behavior,/bɪˈheɪvjə(r)/,n,n. 行为
908,childhood,/ˈtʃaɪldhʊd/,n,n. 童年
909,attitude,/ˈætɪtjuːd/,n,n. 态度
910,ill,/ɪl/,adj,adj. 生病的
911,accident,/ˈæksɪdənt/,n,n. 事故
912,seed,/siːd/,n,n. 种子
913,advantage,/ədˈvɑːntɪdʒ/,n,n. 优势
914,image,/ˈɪmɪdʒ/,n,n. 形象
915,blow,/bləʊ/,v,v. 吹
916,wealth,/welθ/,n,n. 财富
917,ft,/ef ˈtiː/,n,n. 平方英尺
918,release,/rɪˈliːs/,v,v. 释放
919,bank,/bæŋk/,n,n. 银行
920,youth,/juːθ/,n,n. 青年
921,magic,/ˈmædʒɪk/,n,n. 魔力
922,danger,/ˈdeɪndʒə(r)/,n,n. 危险
923,invent,/ɪnˈvent/,v,v. 发明
924,sweet,/swiːt/,adj,adj. 甜的
925,record,/rɪˈkɔːd/,v,v. 录音
926,green,/ɡriːn/,adj,adj. 绿色的
927,bar,/bɑː(r)/,n,n. 酒吧
928,film,/fɪlm/,n,n. 电影
929,test,/test/,n,n. 测试
930,perfect,/ˈpɜːfɪkt/,adj,adj. 完美的
931,float,/fləʊt/,v,v. 漂浮
932,block,/blɒk/,n,n. 石块
933,shop,/ʃɒp/,n,n. 商店
934,disturb,/dɪˈstɜːb/,v,v. 打扰
935,date,/deɪt/,n,n. 日期
936,brand,/brænd/,n,n. 品牌
937,mad,/mæd/,adj,adj. 疯狂的
938,reflect,/rɪˈflekt/,v,v. 反思
939,golf,/ɡɒlf/,n,n. 高尔夫
940,sign,/saɪn/,n,n. 迹象
941,provide,/prəˈvaɪd/,v,v. 提供
942,negative,/ˈneɡətɪv/,adj,adj. 消极的
943,position,/pəˈzɪʃn/,n,n. 位置
944,ahead,/əˈhed/,adv,adv. 继续
945,silly,/ˈsɪli/,adj,adj. 愚蠢的
946,fail,/feɪl/,v,v. 失败
947,result,/rɪˈzʌlt/,n,n. 结果
948,slow,/sləʊ/,adj,adj. 慢的
949,west,/west/,n,n. 西方（的）
950,disappear,/ˌdɪsəˈpɪə(r)/,v,v. 消失
951,knock,/nɒk/,v,v. 敲
952,affair,/əˈfeə(r)/,n,n. 事情
953,argument,/ˈɑːɡjumənt/,n,n. 争论
954,court,/kɔːt/,n,n. 法院
955,desert,/ˈdezət/,n,n. 沙漠
956,bottle,/ˈbɒtl/,n,n. 瓶子
957,patient,/ˈpeɪʃnt/,adj,adj. 耐心的
958,cricket,/ˈkrɪkɪt/,n,n. 板球
959,perfectly,/ˈpɜːfɪktli/,adv,adv. 完美地
960,escape,/ɪˈskeɪp/,v,v. 逃跑
961,drug,/drʌɡ/,n,n. 药物
962,store,/stɔː(r)/,v,v. 储存
963,apply,/əˈplaɪ/,v,v. 应用
964,attack,/əˈtæk/,v,v. 攻击
965,stillness,/ˈstɪlnəs/,n,n. 寂静
966,proper,/ˈprɒpə(r)/,adj,adj. 适当的
967,promise,/ˈprɒmɪs/,v,v. 承诺
968,cover,/ˈkʌvə(r)/,v,v. 覆盖
969,logical,/ˈlɒdʒɪkl/,adj,adj. 逻辑的
970,scream,/skriːm/,v,v. 尖叫
971,opposite,/ˈɒpəzɪt/,adj,adj. 相反的
972,software,/ˈsɒftweə(r)/,n,n. 软件
973,adventure,/ədˈventʃə(r)/,n,n. 冒险
974,improve,/ɪmˈpruːv/,v,v. 改善
975,invite,/ɪnˈvaɪt/,v,v. 邀请
976,recent,/ˈriːsnt/,adj,adj. 最近的
977,arm,/ɑːm/,n,n. 手臂
978,public,/ˈpʌblɪk/,adj,adj. 公共的
979,shake,/ʃeɪk/,v,v. 摇晃
980,average,/ˈævərɪdʒ/,adj,adj. 平均的
981,weight,/weɪt/,n,n. 重量
982,camp,/kæmp/,n,n. 营地
983,argue,/ˈɑːɡjuː/,v,v. 争论
984,succeed,/səkˈsiːd/,v,v. 成功
985,inspiration,/ˌɪnspəˈreɪʃn/,n,n. 灵感
986,badly,/ˈbædli/,adv,adv. 糟糕地
987,strike,/straɪk/,v,v. 罢工
988,board,/bɔːd/,n,n. 板
989,pressure,/ˈpreʃə(r)/,n,n. 压力
990,statement,/ˈsteɪtmənt/,n,n. 声明
991,pursue,/pəˈsjuː/,v,v. 追求
992,account,/əˈkaʊnt/,n,n. 账目
993,wedding,/ˈwedɪŋ/,n,n. 婚礼
994,hate,/heɪt/,v,v. 讨厌
995,warm,/wɔːm/,adj,adj. 温暖的
996,joyfully,/ˈdʒɔɪfəli/,adv,adv. 愉快地
997,mark,/mɑːk/,v,v. 标记
998,lock,/lɒk/,v,v. 锁
999,prediction,/prɪˈdɪkʃn/,n,n. 预测
1000,training,/ˈtreɪnɪŋ/,n,n. 训练
1001,secret,/ˈsiːkrət/,n,n. 秘密
1002,square,/skweə(r)/,n,n. 广场
1003,traffic,/ˈtræfɪk/,n,n. 交通
1004,transactional,/trænˈzækʃənl/,adj,adj. 交易性的
1005,castle,/ˈkɑːsl/,n,n. 城堡
1006,mostly,/ˈməʊstli/,adv,adv. 主要地
1007,however,/haʊˈevə(r)/,conj,conj. 然而
1008,attempt,/əˈtempt/,v,v. 尝试
1009,red,/red/,adj,adj. 红色的
1010,admit,/ədˈmɪt/,v,v. 承认
1011,suggest,/səˈdʒest/,v,v. 建议
1012,order,/ˈɔːdə(r)/,n,n. 顺序
1013,complain,/kəmˈpleɪn/,v,v. 抱怨
1014,pop,/pɒp/,v,v. 弹出
1015,steal,/stiːl/,v,v. 偷
1016,lover,/ˈlʌvə(r)/,n,n. 爱者
1017,pride,/praɪd/,n,n. 骄傲
1018,chain,/tʃeɪn/,n,n. 链条
1019,questioner,/ˈkwestʃənə(r)/,n,n. 提问者
1020,perhaps,/pəˈhæps/,adv,adv. 也许
1021,debate,/dɪˈbeɪt/,n,n. 辩论
1022,task,/tɑːsk/,n,n. 任务
1023,fat,/fæt/,adj,adj. 胖的
1024,oil,/ɔɪl/,n,n. 油
1025,mobile,/ˈməʊbaɪl/,adj,adj. 移动的
1026,match,/mætʃ/,v,v. 匹配
1027,national,/ˈnæʃnəl/,adj,adj. 国家的
1028,report,/rɪˈpɔːt/,n,n. 报告
1029,tie,/taɪ/,v,v. 系
1030,background,/ˈbækɡraʊnd/,n,n. 背景
1031,east,/iːst/,n,n. 东
1032,hundred,/ˈhʌndrəd/,num,num. 一百
1033,curse,/kɜːs/,n,n. 诅咒
1034,fair,/feə(r)/,adj,adj. 公平的
1035,agent,/ˈeɪdʒənt/,n,n. 代理人
1036,audience,/ˈɔːdiəns/,n,n. 观众
1037,permission,/pəˈmɪʃn/,n,n. 许可
1038,labor,/ˈleɪbə(r)/,n,n. 劳工
1039,energetic,/ˌenəˈdʒetɪk/,adj,adj. 充满活力的
1040,evidence,/ˈevɪdəns/,n,n. 证据
1041,advice,/ədˈvaɪs/,n,n. 建议
1042,sentence,/ˈsentəns/,n,n. 句子
1043,lake,/leɪk/,n,n. 湖
1044,sweetness,/ˈswiːtnəs/,n,n. 甜
1045,artificial,/ˌɑːtɪˈfɪʃl/,adj,adj. 人造的
1046,gender,/ˈdʒendə(r)/,n,n. 性别
1047,senior,/ˈsiːniə(r)/,adj,adj. 资深的
1048,vote,/vəʊt/,v,v. 投票
1049,seriously,/ˈsɪəriəsli/,adv,adv. 严重地
1050,bat,/bæt/,n,n. 球棒
1051,adult,/ˈædʌlt/,adj,adj. 成人的
1052,european,/ˌjʊərəˈpiːən/,adj,adj. 欧洲的
1053,shut,/ʃʌt/,v,v. 关闭
1054,guess,/ɡes/,v,v. 猜测
1055,posture,/ˈpɒstʃə(r)/,n,n. 姿势
1056,spot,/spɒt/,n,n. 地点
1057,member,/ˈmembə(r)/,n,n. 成员
1058,direct,/dəˈrekt/,adj,adj. 直接的
1059,elsewhere,/ˈelsweə(r)/,adv,adv. 在别处
1060,asleep,/əˈsliːp/,adj,adj. 睡着的
1061,explanation,/ˌekspləˈneɪʃn/,n,n. 解释
1062,pour,/pɔː(r)/,v,v. 倒
1063,plate,/pleɪt/,n,n. 盘子
1064,slave,/sleɪv/,n,n. 奴隶
1065,sake,/seɪk/,n,n. 目的
1066,wood,/wʊd/,n,n. 木材
1067,confused,/kənˈfjuːzd/,adj,adj. 困惑的
1068,wholeness,/ˈhəʊlnəs/,n,n. 整体性
1069,wonderfully,/ˈwʌndəfəli/,adv,adv. 美妙地
1070,strongly,/ˈstrɒŋli/,adv,adv. 强烈地
1071,dry,/draɪ/,adj,adj. 干的
1072,divide,/dɪˈvaɪd/,v,v. 划分
1073,north,/nɔːθ/,n,n. 北印度
1074,citizen,/ˈsɪtɪzn/,n,n. 公民
1075,gentle,/ˈdʒentl/,adj,adj. 温和的
1076,stomach,/ˈstʌmək/,n,n. 胃
1077,communicate,/kəˈmjuːnɪkeɪt/,v,v. 交流
1078,importance,/ɪmˈpɔːtns/,n,n. 重要性
1079,anxious,/ˈæŋkʃəs/,adj,adj. 焦虑的
1080,imprint,/ˈɪmprɪnt/,n,n. 印记
1081,rope,/rəʊp/,n,n. 绳子
1082,finally,/ˈfaɪnəli/,adv,adv. 最后
1083,vocabulary,/vəˈkæbjələri/,n,n. 词汇（量）
1084,circle,/ˈsɜːkl/,n,n. 圆，圆圈
1085,plastic,/ˈplæstɪk/,adj,adj. 塑料的
1086,row,/rəʊ/,n,n. 排，行
1087,pilot,/ˈpaɪlət/,n,n. 飞行员
1088,unit,/ˈjuːnɪt/,n,n. 单位
1089,exercise,/ˈeksəsaɪz/,n,n. 锻炼
1090,grateful,/ˈɡreɪtfl/,adj,adj. 感激的，感恩的
1091,pack,/pæk/,n,n. 牌组
1092,near,/nɪə(r)/,prep,prep. 靠近
1093,final,/ˈfaɪnl/,adj,adj. 最后的，最终的
1094,entertainment,/ˌentəˈteɪnmənt/,n,n. 娱乐，消遣
1095,silence,/ˈsaɪləns/,n,n. 沉默
1096,similar,/ˈsɪmələ(r)/,adj,adj. 相似的，类似的
1097,sink,/sɪŋk/,v,v. 下沉
1098,police,/pəˈliːs/,n,n. 警察
1099,dust,/dʌst/,n,n. 灰尘，尘土
1100,appropriate,/əˈprəʊpriət/,adj,adj. 适当的
1101,quick,/kwɪk/,adj,adj. 快速的
1102,wet,/wet/,adj,adj. 湿的，潮湿的
1103,unnecessary,/ʌnˈnesəsəri/,adj,adj. 不必要的，多余的
1104,contact,/ˈkɒntækt/,n,n. 联系
1105,bowl,/bəʊl/,n,n. 碗
1106,shower,/ˈʃaʊə(r)/,n,n. 淋浴
1107,fish,/fɪʃ/,n,n. 鱼
1108,disagree,/ˌdɪsəˈɡriː/,v,v. 不同意，持异议
1109,dinosaur,/ˈdaɪnəsɔː/,n,n. 恐龙
1110,ring,/rɪŋ/,n,n. 环
1111,barber,/ˈbɑːbə/,n,n. 理发师
1112,unhappy,/ʌnˈhæpɪ/,adj,adj. 不开心的
1113,please,/pliːz/,v,v. 请
1114,fashion,/ˈfæʃən/,n,n. 时尚
1115,adjust,/əˈdʒʌst/,v,v. 调整
1116,blame,/bleɪm/,v,v. 责备
1117,breeze,/briːz/,n,n. 微风
1118,educational,/ˌɛdʒʊˈkeɪʃənəl/,adj,adj. 教育的
1119,wave,/weɪv/,n,n. 波
1120,military,/ˈmɪlɪtərɪ/,adj,adj. 军事的
1121,shout,/ʃaʊt/,v,v. 大喊
1122,sane,/seɪn/,adj,adj. 理智的
1123,planetary,/ˈplænɪtərɪ/,adj,adj. 行星的
1124,dress,/drɛs/,n,n. 裙子
1125,predict,/prɪˈdɪkt/,v,v. 预测
1126,reproduction,/ˌriːprəˈdʌkʃən/,n,n. 复制
1127,rap,/ræp/,v,v. 说说
1128,branch,/brɑːntʃ/,n,n. 分支
1129,lifestyle,/ˈlaɪfstaɪl/,n,n. 生活方式
1130,therefore,/ˈðɛəfɔː/,adv,adv. 因此
1131,horror,/ˈhɒrə/,n,n. 恐怖片
1132,beyond,/bɪˈjɒnd/,adv,adv. 超出
1133,nervous,/ˈnɜːvəs/,adj,adj. 紧张的
1134,chinese,/ˌtʃaɪˈniːz/,adj,adj. 中国的
1135,emergency,/ɪˈmɜːdʒənsi/,n,n. 紧急情况
1136,discussion,/dɪˈskʌʃən/,n,n. 讨论
1137,response,/rɪˈspɒns/,n,n. 回答
1138,discover,/dɪˈskʌvə/,v,v. 发现
1139,rush,/rʌʃ/,v,v. 匆忙
1140,reverberate,/rɪˈvɜːbəreɪt/,v,v. 回荡
1141,male,/meɪl/,adj,adj. 男性的
1142,fortune,/ˈfɔːtʃuːn/,n,n. 命运
1143,soldier,/ˈsəʊldʒə/,n,n. 士兵
1144,relax,/rɪˈlæks/,v,v. 放松
1145,snow,/snəʊ/,n,n. 雪
1146,terrify,/ˈterɪfaɪ/,v,v. 吓唬
1147,crowd,/kraʊd/,n,n. 人群
1148,unknown,/ʌnˈnəʊn/,adj,adj. 未知的
1149,loose,/luːs/,adv,adv. 松散地
1150,british,/ˈbrɪtɪʃ/,adj,adj. 英国的
1151,metal,/ˈmetl/,n,n. 金属
1152,furniture,/ˈfɜːnɪtʃə/,n,n. 家具
1153,rob,/rɒb/,v,v. 抢劫
1154,confident,/ˈkɒnfɪdənt/,adj,adj. 自信的
1155,customer,/ˈkʌstəmə/,n,n. 顾客
1156,illegal,/ɪˈliːɡl/,adj,adj. 非法的
1157,someday,/ˈsʌmdeɪ/,adv,adv. 某一天
1158,tone,/təʊn/,n,n. 语调
1159,wide,/waɪd/,adj,adj. 宽广的
1160,gracefully,/ˈɡreɪsfəli/,adv,adv. 优雅地
1161,encourage,/ɪnˈkʌrɪdʒ/,v,v. 鼓励
1162,quiet,/ˈkwaɪət/,adj,adj. 安静的
1163,mood,/muːd/,n,n. 心情
1164,bulb,/bʌlb/,n,n. 灯泡
1165,international,/ˌɪntəˈnæʃənəl/,adj,adj. 国际的
1166,bill,/bɪl/,n,n. 账单
1167,agency,/ˈeɪdʒənsi/,n,n. 代理
1168,usual,/ˈjuːʒuəl/,adj,adj. 通常的
1169,excuse,/ɪkˈskjuːs/,n,n. 借口
1170,maker,/ˈmeɪkə/,n,n. 制造者
1171,toe,/təʊ/,n,n. 脚趾
1172,tune,/tjuːn/,n,n. 调子
1173,competition,/ˌkɒmpəˈtɪʃən/,n,n. 竞争
1174,episode,/ˈepɪsəʊd/,n,n. 事件
1175,symbolism,/ˈsɪmbəlɪzəm/,n,n. 象征
1176,architecture,/ˈɑːkɪtektʃə/,n,n. 建筑
1177,zone,/zəʊn/,n,n. 区域
1178,insanity,/ɪnˈsænəti/,n,n. 疯狂
1179,weep,/wiːp/,v,v. 哭泣
1180,production,/prəˈdʌkʃən/,n,n. 生产
1181,uncertain,/ʌnˈsɜːtn/,adj,adj. 不确定的
1182,freeze,/friːz/,v,v. 冻结
1183,brilliant,/ˈbrɪliənt/,adj,adj. 才华出众的；明亮的
1184,reverberation,/rɪˌvɜːbəˈreɪʃn/,n,n. 回声
1185,diagnosis,/ˌdaɪəɡˈnəʊsɪs/,n,n. 诊断
1186,smoke,/sməʊk/,v,v. 吸烟
1187,surprise,/səˈpraɪz/,n,n. 惊讶
1188,teenage,/ˈtiːneɪdʒ/,adj,adj. 青少年的
1189,handful,/ˈhændfʊl/,n,n. 一小撮
1190,telephone,/ˈtelɪfəʊn/,n,n. 电话
1191,raw,/rɔː/,adj,adj. 生的
1192,traditional,/trəˈdɪʃənl/,adj,adj. 传统的
1193,ship,/ʃɪp/,n,n. 船
1194,roof,/ruːf/,n,n. 屋顶
1195,award,/əˈwɔːd/,n,n. 奖项
1196,certainly,/ˈsɜːtnli/,adv,adv. 当然
1197,native,/ˈneɪtɪv/,adj,adj. 本地的
1198,toothbrush,/ˈtuːθbrʌʃ/,n,n. 牙刷
1199,remote,/rɪˈməʊt/,adj,adj. 偏远的，遥远的
1200,mainly,/ˈmeɪnli/,adv,adv. 主要地
1201,shade,/ʃeɪd/,n,n. 阴凉
1202,terrified,/ˈterɪfaɪd/,adj,adj. 害怕的
1203,ruin,/ˈruːɪn/,v,v. 毁坏
1204,tight,/taɪt/,adj,adj. 紧的
1205,symbol,/ˈsɪmbəl/,n,n. 符号，象征
1206,untouched,/ʌnˈtʌtʃt/,adj,adj. 未被触动的
1207,along,/əˈlɒŋ/,adv,adv. 沿着
1208,superstar,/ˈsuːpəstɑː(r)/,n,n. 超级明星
1209,sunlight,/ˈsʌnlaɪt/,n,n. 阳光
1210,chat,/tʃæt/,v,v. 聊天
1211,manager,/ˈmænɪdʒə(r)/,n,n. 经理，管理者
1212,happiness,/ˈhæpinəs/,n,n. 幸福，快乐
1213,communication,/kəˌmjuːnɪˈkeɪʃən/,n,n. 沟通，交流
1214,confuse,/kənˈfjuːz/,v,v. 使困惑
1215,soap,/səʊp/,n,n. 肥皂
1216,flight,/flaɪt/,n,n. 飞行
1217,tour,/tʊə(r)/,n,n. 旅行，游览
1218,romance,/rəʊˈmæns/,n,n. 浪漫
1219,return,/rɪˈtɜːn/,v,v. 返回
1220,chamber,/ˈtʃeɪmbə(r)/,n,n. 房间
1221,kiss,/kɪs/,v,v. 吻
1222,familiar,/fəˈmɪliə(r)/,adj,adj. 熟悉的
1223,illusion,/ɪˈluːʒn/,n,n. 幻觉，错觉
1224,director,/dəˈrektə(r)/,n,n. 导演
1225,appointment,/əˈpɔɪntmənt/,n,n. 预约
1226,coin,/kɔɪn/,n,n. 硬币
1227,clerk,/klɑːk/,n,n. 职员
1228,talent,/ˈtælənt/,n,n. 才能
1229,prefer,/prɪˈfɜː(r)/,v,v. 更喜欢
1230,diet,/ˈdaɪət/,n,n. 饮食
1231,happily,/ˈhæpɪli/,adv,adv. 愉快地
1232,ambition,/æmˈbɪʃn/,n,n. 野心
1233,hardly,/ˈhɑːdli/,adv,adv. 几乎不
1234,greatly,/ˈɡreɪtli/,adv,adv. 大大地，非常
1235,request,/rɪˈkwest/,v,v. 请求
1236,nurse,/nɜːs/,n,n. 护士
1237,oppose,/əˈpəʊz/,v,v. 反对，反抗
1238,seemingly,/ˈsiːmɪŋli/,adv,adv. 似乎
1239,reveal,/rɪˈviːl/,v,v. 揭示，透露
1240,degree,/dɪˈɡriː/,n,n. 程度
1241,boil,/bɔɪl/,v,v. 煮沸
1242,pill,/pɪl/,n,n. 药丸
1243,post,/pəʊst/,adj,adj. 术后
1244,several,/ˈsevrəl/,adj,adj. 几次
1245,weak,/wiːk/,adj,adj. 弱点
1246,scene,/siːn/,n,n. 场景，场面
1247,print,/prɪnt/,v,v. 打印
1248,beg,/beɡ/,v,v. 恳求，乞求
1249,activate,/ˈæktɪveɪt/,v,v. 激活，开启
1250,protein,/ˈprəʊtiːn/,n,n. 蛋白质
1251,target,/ˈtɑːɡɪt/,n,n. 目标
1252,likely,/ˈlaɪkli/,adj,adj. 可能的（地）
1253,rhythm,/ˈrɪðəm/,n,n. 节奏，韵律
1254,title,/ˈtaɪtl/,n,n. 标题
1255,wakefulness,/ˈweɪkfəlnəs/,n,n. 觉醒，清醒
1256,complaint,/kəmˈpleɪnt/,n,n. 抱怨，投诉
1257,online,/ˌɒnˈlaɪn/,adj,adj. 在线的（地）
1258,unwind,/ʌnˈwaɪnd/,v,v. 放松
1259,favor,/ˈfeɪvə/,v,v. 偏爱
1260,gate,/ɡeɪt/,n,n. 大门
1261,chapter,/ˈtʃæptə/,n,n. 章
1262,thirsty,/ˈθɜːsti/,adj,adj. 口渴的
1263,diamond,/ˈdaɪəmənd/,n,n. 钻石
1264,hero,/ˈhɪərəʊ/,n,n. 英雄
1265,fighter,/ˈfaɪtə/,n,n. 战士
1266,petrol,/ˈpetrəl/,n,n. 汽油（英式）
1267,symbolize,/ˈsɪmbəlaɪz/,v,v. 象征（例句中为 symbolized）
1268,lawyer,/ˈlɔːjə/,n,n. 律师
1269,friendship,/ˈfren(d)ʃɪp/,n,n. 友谊
1270,midnight,/ˈmɪdnaɪt/,n,n. 午夜
1271,thief,/θiːf/,n,n. 小偷
1272,private,/ˈpraɪvət/,adj,adj. 私人的
1273,interview,/ˈɪntəvjuː/,n,n. 面试
1274,graduate,/ˈɡrædʒuət/,v,v. 毕业
1275,list,/lɪst/,n,n. 列表
1276,capital,/ˈkæpɪtəl/,n,n. 大写
1277,across,/əˈkrɒs/,prep,prep. 横穿
1278,string,/strɪŋ/,n,n. 线
1279,insecurity,/ˌɪnsɪˈkjʊərəti/,n,n. 不安全感
1280,judge,/dʒʌdʒ/,v,v. 判断
1281,tonight,/təˈnaɪt/,adv,adv. 今晚
1282,satisfy,/ˈsætɪsfaɪ/,v,v. 满足
1283,loudly,/ˈlaʊdli/,adv,adv. 大声地
1284,credit,/ˈkredɪt/,n,n. 信用
1285,flood,/flʌd/,n,n. 洪水
1286,copy,/ˈkɒpi/,adj,adj. 教科书式的
1287,twice,/twaɪs/,adv,adv. 两次
1288,independence,/ˌɪndɪˈpendəns/,n,n. 独立
1289,conditioning,/kənˈdɪʃənɪŋ/,n,n. 条件反射
1290,regular,/ˈreɡjʊlə/,adj,adj. 常规的
1291,spill,/spɪl/,v,v. 洒
1292,queen,/kwiːn/,n,n. 女王
1293,sample,/ˈsɑːmpəl/,n,n. 样品
1294,belt,/belt/,n,n. 皮带
1295,description,/dɪˈskrɪpʃn/,n,n. 描述
1296,tourist,/ˈtʊərɪst/,n,n. 游客
1297,heavily,/ˈhevɪli/,adv,adv. 猛烈地
1298,hurry,/ˈhʌri/,"n, v",n. 匆忙；v. 赶快
1299,honey,/ˈhʌni/,n,n. 蜂蜜
1300,dam,/dæm/,n,n. 大坝
1301,unhealthy,/ʌnˈhelθi/,adj,adj. 不健康的
1302,forage,/ˈfɒrɪdʒ/,v,v. 觅食
1303,lane,/leɪn/,n,n. 车道
1304,superhuman,/ˌsuːpəˈhjuːmən/,adj,adj. 超人的
1305,fee,/fiː/,n,n. 费用
1306,existent,/ɪɡˈzɪstənt/,adj,adj. 存在的
1307,carrot,/ˈkærət/,n,n. 胡萝卜
1308,ray,/reɪ/,n,n. 光线
1309,gas,/ɡæs/,n,n. 气体
1310,license,/ˈlaɪsns/,n,n. 许可证
1311,emptiness,/ˈemptinəs/,n,n. 空虚
1312,policeman,/pəˈliːsmən/,n,n. 警察
1313,salt,/sɔːlt/,n,n. 盐
1314,symphony,/ˈsɪmfəni/,n,n. 交响乐
1315,ministry,/ˈmɪnɪstri/,n,n. （政府的）部
1316,shine,/ʃaɪn/,v,v. 发光
1317,heat,/hiːt/,n,n. 热量
1318,apartment,/əˈpɑːtmənt/,n,n. 公寓
1319,further,/ˈfɜːðə/,adv,adv. 进一步
1320,insecure,/ˌɪnsɪˈkjʊə/,adj,adj. 不安全的
1321,successfully,/səkˈsesfəli/,adv,adv. 成功地
1322,satisfied,/ˈsætɪsfaɪd/,adj,adj. 满意的
1323,violent,/ˈvaɪələnt/,adj,adj. 暴力的
1324,gradually,/ˈɡrædʒuəli/,adv,adv. 逐渐地
1325,clue,/kluː/,n,n. 线索
1326,brown,/braʊn/,adj,adj. 棕色的
1327,park,/pɑːk/,n,n. 公园
1328,wander,/ˈwɒndə/,v,v. 漫游
1329,ankle,/ˈæŋkl/,n,n. 踝关节
1330,advertisement,/ədˈvɜːtɪsmənt/,n,n. 广告
1331,sanity,/ˈsænəti/,n,n. 理智
1332,scenery,/ˈsiːnəri/,n,n. 风景
1333,perfection,/pəˈfekʃən/,n,n. 完美
1334,rent,/rent/,n,n. 租金 v. 租用
1335,attractive,/əˈtræktɪv/,adj,adj. 有吸引力的
1336,quietly,/ˈkwaɪətli/,adv,adv. 安静地
1337,bloom,/bluːm/,v,v. 开花 n. 花
1338,uncomfortable,/ʌnˈkʌmftəbəl/,adj,adj. 不舒服的
1339,nowadays,/ˈnaʊədeɪz/,adv,adv. 现在
1340,addition,/əˈdɪʃən/,n,n. 添加
1341,plenty,/ˈplenti/,"n, adj",n. 大量；adj. 很多的
1342,saying,/ˈseɪɪŋ/,n,n. 说话
1343,electric,/ɪˈlektrɪk/,adj,adj. 电的
1344,highway,/ˈhaɪweɪ/,n,n. 公路
1345,fry,/fraɪ/,v,v. 煎炸
1346,valley,/ˈvæli/,n,n. 山谷
1347,concentrate,/ˈkɒnsntreɪt/,v,v. 集中（注意力）
1348,impactful,/ɪmˈpæktfl/,adj,adj. 有影响力的
1349,sudden,/ˈsʌdn/,adj,adj. 突然的
1350,cigarette,/ˌsɪɡəˈret/,n,n. 香烟
1351,disadvantage,/ˌdɪsədˈvɑːntɪdʒ/,n,n. 不利
1352,meter,/ˈmiːtə/,n,n. 米
1353,mysterious,/mɪˈstɪəriəs/,adj,adj. 神秘的
1354,anniversary,/ˌænɪˈvɜːsəri/,n,n. 周年纪念日
1355,french,/frentʃ/,adj,adj. 法国的
1356,dancer,/ˈdɑːnsə/,n,n. 舞者
1357,publish,/ˈpʌblɪʃ/,v,v. 出版
1358,column,/ˈkɒləm/,n,n. 柱子
1359,footballer,/ˈfʊtbɔːlə/,n,n. 足球运动员
1360,unfair,/ˌʌnˈfeə/,adj,adj. 不公平的
1361,coach,/kəʊtʃ/,n,n. 教练
1362,instrumental,/ˌɪnstrəˈmentl/,adj,adj. 有帮助的
1363,reset,/ˌriːˈset/,v,v. 重置
1364,clay,/kleɪ/,n,n. 粘土
1365,colorful,/ˈkʌləfəl/,adj,adj. 多彩的
1366,spell,/spel/,n,n. 魔力
1367,freshness,/ˈfreʃnəs/,n,n. 新鲜
1368,snack,/snæk/,n,n. 小吃
1369,leather,/ˈleðə/,n,n. 皮革
1370,transact,/trænˈzækt/,v,v. 交易
1371,teenager,/ˈtiːneɪdʒə/,n,n. 青少年
1372,battery,/ˈbætri/,n,n. 电池
1373,correctly,/kəˈrektli/,adv,adv. 正确地
1374,exam,/ɪɡˈzæm/,n,n. 考试
1375,swallow,/ˈswɒləʊ/,v,v. 吞咽
1376,belly,/ˈbeli/,n,n. 腹部
1377,impress,/ɪmˈpres/,v,v. 使印象深刻
1378,pro,/prəʊ/,n,n. 支持者
1379,exchange,/ɪksˈtʃeɪndʒ/,v,v. 交换
1380,appearance,/əˈpɪərəns/,n,n. 外观
1381,retire,/rɪˈtaɪə(r)/,v,v. 退休
1382,difficulty,/ˈdɪfɪkəlti/,n,n. 困难
1383,convenient,/kənˈviːniənt/,adj,adj. 方便的
1384,wanting,/ˈwɒntɪŋ/,v,v. 想要
1385,creative,/kriˈeɪtɪv/,adj,adj. 创造性的
1386,harvest,/ˈhɑːvɪst/,n,n. 收获
1387,murder,/ˈmɜːdə(r)/,n,n. 谋杀
1388,display,/dɪˈspleɪ/,v,v. 展示
1389,fairly,/ˈfeəli/,adv,adv. 相当地，公平地
1390,psychologist,/saɪˈkɒlədʒɪst/,n,n. 心理学家
1391,framework,/ˈfreɪmwɜːk/,n,n. 框架，结构
1392,championship,/ˈtʃæmpiənʃɪp/,n,n. 冠军赛
1393,strategy,/ˈstrætədʒi/,n,n. 战略，策略
1394,inhuman,/ɪnˈhjuːmən/,adj,adj. 不人道的
1395,storm,/stɔːm/,n,n. 风暴，暴风雨
1396,pile,/paɪl/,n,n. 堆
1397,partly,/ˈpɑːtli/,adv,adv. 部分地
1398,captain,/ˈkæptɪn/,n,n. 船长
1399,mystery,/ˈmɪstəri/,n,n. 谜团，神秘
1400,impressed,/ɪmˈprest/,v,v. 使印象深刻
1401,terrifying,/ˈterɪfaɪɪŋ/,adj,adj. 可怕的
1402,textbook,/ˈtekstbʊk/,n,n. 教科书
1403,shadow,/ˈʃædəʊ/,n,n. 影子
1404,boss,/bɒs/,n,n. 老板，上司
1405,bride,/braɪd/,n,n. 新娘
1406,distinct,/dɪˈstɪŋkt/,adj,adj. 明显的
1407,resentment,/rɪˈzentmənt/,n,n. 怨恨，愤懑
1408,illusory,/ɪˈluːsəri/,adj,adj. 虚幻的
1409,invade,/ɪnˈveɪd/,v,v. 入侵，侵入
1410,liking,/ˈlaɪkɪŋ/,n,n. 喜好
1411,ancestor,/ˈænsestə(r)/,n,n. 祖先
1412,fiction,/ˈfɪkʃn/,n,n. 虚构
1413,dying,/ˈdaɪɪŋ/,v,v. 渴望
1414,accountability,/əˌkaʊntəˈbɪləti/,n,n. 责任
1415,sock,/sɒk/,n,n. 袜子
1416,crown,/kraʊn/,v,v. 加冕
1417,feather,/ˈfeðə(r)/,n,n. 羽毛
1418,hunter,/ˈhʌntə(r)/,n,n. 猎人
1419,winner,/ˈwɪnə(r)/,n,n. 获胜者
1420,wooden,/ˈwʊdn/,adj,adj. 木制的
1421,batch,/bætʃ/,n,n. 一批
1422,royal,/ˈrɔɪəl/,adj,adj. 皇家的
1423,spoon,/spuːn/,n,n. 勺子
1424,gram,/ɡræm/,n,n. 克（重量单位）
1425,texture,/ˈtekstʃə(r)/,n,n. 质地
1426,forum,/ˈfɔːrəm/,n,n. 论坛
1427,mall,/mɔːl/,n,n. 购物中心
1428,suitable,/ˈsuːtəbl/,adj,adj. 合适的
1429,weigh,/weɪ/,v,v. 称重
1430,marketing,/ˈmɑːkɪtɪŋ/,n,n. 营销
1431,host,/həʊst/,v,v. 主办
1432,illiterate,/ɪˈlɪtərət/,adj,adj. 文盲的
1433,locality,/ləʊˈkæləti/,n,n. 地区
1434,debatable,/dɪˈbeɪtəbl/,adj,adj. 有争议的
1435,traveler,/ˈtrævələr/,n,n. 旅行者
1436,basket,/ˈbɑːskɪt/,n,n. 篮子
1437,indicate,/ˈɪndɪkeɪt/,v,v. 表明
1438,transformative,/trænsˈfɔːmətɪv/,adj,adj. 变革的
1439,stranger,/ˈstreɪndʒə/,n,n. 陌生人
1440,dispassion,/dɪsˈpæʃən/,n,n. 冷静
1441,rewind,/ˌriːˈwaɪnd/,v,v. 倒带
1442,joyfulness,/ˈdʒɔɪfʊlnəs/,n,n. 快乐
1443,container,/kənˈteɪnə/,n,n. 容器
1444,association,/əˌsəʊsiˈeɪʃən/,n,n. 联想
1445,automatically,/ˌɔːtəˈmatɪkli/,adv,adv. 自动地
1446,smooth,/smuːð/,adj,adj. 光滑的
1447,structural,/ˈstrʌktʃərəl/,adj,adj. 结构的
1448,continent,/ˈkɒntɪnənt/,n,n. 大陆
1449,greedy,/ˈɡriːdi/,adj,adj. 贪婪的
1450,style,/staɪl/,n,n. 风格
1451,romantic,/rəˈmæntɪk/,adj,adj. 浪漫的
1452,businessman,/ˈbɪznəsmæn/,n,n. 商人
1453,coolness,/ˈkuːlnəs/,n,n. 冷静
1454,speaker,/ˈspiːkə/,n,n. 演讲者
1455,cheek,/tʃiːk/,n,n. 脸颊
1456,possibly,/ˈpɒsəbli/,adv,adv. 可能地
1457,invention,/ɪnˈvenʃn/,n,n. 发明
1458,brave,/breɪv/,adj,adj. 勇敢的
1459,joyous,/ˈdʒɔɪəs/,adj,adj. 欢乐的
1460,uniform,/ˈjuːnɪfɔːm/,n,n. 制服
1461,staff,/stɑːf/,n,n. 手杖
1462,admire,/ədˈmaɪə(r)/,v,v. 钦佩
1463,heroic,/həˈrəʊɪk/,adj,adj. 英雄的
1464,advise,/ədˈvaɪz/,v,v. 建议
1465,automatic,/ˌɔːtəˈmætɪk/,adj,adj. 自动的
1466,fatalistic,/ˌfeɪtəˈlɪstɪk/,adj,adj. 宿命论的
1467,pilgrim,/ˈpɪlgrɪm/,n,n. 朝圣者
1468,unexplainable,/ˌʌnɪkˈspleɪnəbl/,adj,adj. 无法解释的
1469,hockey,/ˈhɒki/,n,n. 曲棍球
1470,chef,/ʃef/,n,n. 厨师
1471,systematically,/ˌsɪstəˈmætɪkli/,adv,adv. 系统地
1472,uproot,/ʌpˈruːt/,v,v. 根除
1473,desertification,/dɪˌzɜːtɪfɪˈkeɪʃən/,n,n. 沙漠化
1474,yoga,/ˈjəʊɡə/,n,n. 瑜伽
1475,next,/nekst/,adv,adv. 接下来
1476,part,/pɑːt/,n,n. 部分
1477,spiritual,/ˈspɪrɪtʃuəl/,adj,adj. 精神的
1478,level,/ˈlevl/,n,n. 水平
1479,otherwise,/ˈʌðəwaɪz/,adv,adv. 否则
1480,sense,/sens/,n,n. 感觉
1481,aspect,/ˈæspekt/,n,n. 方面
1482,emotion,/ɪˈməʊʃn/,n,n. 情感
1483,possibility,/ˌpɒsəˈbɪləti/,n,n. 可能性
1484,suppose,/səˈpəʊz/,v,v. 假设
1485,state,/steɪt/,n,n. 状态
1486,term,/tɜːm/,n,n. 术语
1487,conscious,/ˈkɒnʃəs/,adj,adj. 有意识的
1488,fear,/fɪə/,n,n. 恐惧
1489,mental,/ˈmentl/,adj,adj. 精神的
1490,able,/ˈeɪbl/,adj,adj. 能够的
1491,suffer,/ˈsʌfə/,v,v. 遭受
1492,miracle,/ˈmɪrəkl/,n,n. 奇迹
1493,far,/fɑː/,adv,adv. 非常
1494,definitely,/ˈdefɪnətli/,adv,adv. 确实
1495,fine,/faɪn/,adj,adj. 好的
1496,suddenly,/ˈsʌdənli/,adv,adv. 突然
1497,boundary,/ˈbaʊndri/,n,n. 边界
1498,deep,/diːp/,adj,adj. 深的
1499,universe,/ˈjuːnɪvɜːs/,n,n. 宇宙
1500,existence,/ɪɡˈzɪstəns/,n,n. 存在（名词）
1501,survival,/səˈvaɪvl/,n,n. 生存
1502,completely,/kəmˈpliːtli/,adv,adv. 完全地
1503,absolutely,/ˈæbsəluːtli/,adv,adv. 绝对地
1504,force,/fɔːs/,n,n. 力量
1505,cycle,/ˈsaɪkl/,n,n. 循环
1506,amount,/əˈmaʊnt/,n,n. 数量
1507,relationship,/rɪˈleɪʃnʃɪp/,n,n. 关系
1508,various,/ˈveəriəs/,adj,adj. 各种各样的
1509,humanity,/hjuːˈmænəti/,n,n. 人类
1510,issue,/ˈɪʃuː/,n,n. 问题
1511,reality,/riˈæləti/,n,n. 现实
1512,nonsense,/ˈnɒnsns/,n,n. 胡说；无意义的事
1513,outside,/ˌaʊtˈsaɪd/,prep,prep. 在...外面
1514,stuff,/stʌf/,n,n. 东西
1515,meditation,/ˌmedɪˈteɪʃn/,n,n. 冥想
1516,psychological,/ˌsaɪkəˈlɒdʒɪkl/,adj,adj. 心理的
1517,stupid,/ˈstjuːpɪd/,adj,adj. 愚蠢的
1518,sometimes,/ˈsʌmtaɪmz/,adv,adv. 有时
1519,rest,/rest/,v,v. 休息
1520,intense,/ɪnˈtens/,adj,adj. 强烈的
1521,consciously,/ˈkɒnʃəsli/,adv,adv. 有意识地
1522,civilization,/ˌsɪvəlaɪˈzeɪʃn/,n,n. 文明
1523,involve,/ɪnˈvɒlv/,v,v. 涉及
1524,naturally,/ˈnætʃrəli/,adv,adv. 自然地
1525,cause,/kɔːz/,n,n. 原因
1526,devotion,/dɪˈvəʊʃn/,n,n. 奉献
1527,cell,/sel/,n,n. 细胞
1528,basis,/ˈbeɪsɪs/,n,n. 基础
1529,sound,/saʊnd/,v,v. 听起来
1530,generally,/ˈdʒenrəli/,adv,adv. 通常
1531,entire,/ɪnˈtaɪə(r)/,adj,adj. 整个的
1532,huge,/hjuːdʒ/,adj,adj. 巨大的
1533,religion,/rɪˈlɪdʒən/,n,n. 宗教
1534,identity,/aɪˈdentəti/,n,n. 身份
1535,spirituality,/ˌspɪrɪtʃuˈæləti/,n,n. 灵性
1536,awareness,/əˈweənəs/,n,n. 意识
1537,constantly,/ˈkɒnstəntli/,adv,adv. 不断地
1538,value,/ˈvæljuː/,n,n. 价值
1539,meditate,/ˈmedɪteɪt/,v,v. 冥想
1540,somehow,/ˈsʌmhaʊ/,adv,adv. 不知怎么地；以某种方式
1541,inside,/ˌɪnˈsaɪd/,prep,prep. 在...里面
1542,rise,/raɪz/,v,v. 升起
1543,totally,/ˈtəʊtəli/,adv,adv. 完全地
1544,present,/ˈpreznt/,v,v. 在场
1545,pain,/peɪn/,n,n. 痛苦
1546,responsibility,/rɪˌspɒnsəˈbɪləti/,n,n. 责任
1547,aware,/əˈweə(r)/,adj,adj. 意识到的
1548,foot,/fʊt/,n,n. 脚
1549,limitation,/ˌlɪmɪˈteɪʃn/,n,n. 限制
1550,influence,/ˈɪnfluəns/,n,n. 影响
1551,motorcycle,/ˈməʊtəsaɪkl/,n,n. 摩托车
1552,percent,/pəˈsent/,n,n. 百分比
1553,recognize,/ˈrekəɡnaɪz/,v,v. 承认
1554,misery,/ˈmɪzəri/,n,n. 悲惨
1555,serious,/ˈsɪəriəs/,adj,adj. 严肃的
1556,transform,/trænsˈfɔːm/,v,v. 转变
1557,invest,/ɪnˈvest/,v,v. 投资
1558,available,/əˈveɪləbl/,adj,adj. 可用的
1559,obviously,/ˈɒbviəsli/,adv,adv. 显然
1560,rid,/rɪd/,v,v. 摆脱
1561,atmosphere,/ˈætməsfɪə(r)/,n,n. 氛围
1562,expand,/ɪkˈspænd/,v,v. 扩展
1563,conclusion,/kənˈkluːʒn/,n,n. 结论
1564,chemistry,/ˈkemɪstri/,n,n. 化学
1565,foundation,/faʊnˈdeɪʃn/,n,n. 基础
1566,complex,/ˈkɒmpleks/,adj,adj. 复杂的
1567,disaster,/dɪˈzɑːstə(r)/,n,n. 灾难
1568,consume,/kənˈsjuːm/,v,v. 消耗
1569,absolute,/ˈæbsəluːt/,adj,adj. 绝对的
1570,capable,/ˈkeɪpəbl/,adj,adj. 有能力的
1571,ocean,/ˈəʊʃn/,n,n. 海洋
1572,tremendous,/trəˈmendəs/,adj,adj. 巨大的
1573,distance,/ˈdɪstəns/,n,n. 距离
1574,breath,/breθ/,n,n. 呼吸
1575,settle,/ˈsetl/,v,v. 定居
1576,separate,/ˈseprət/,v,v. 分离
1577,inward,/ˈɪnwəd/,adv,adv. 向内
1578,limit,/ˈlɪmɪt/,n,n. 限制
1579,connect,/kəˈnekt/,v,v. 连接
1580,fit,/fɪt/,v,v. 适合
1581,miserable,/ˈmɪzrəbl/,adj,adj. 悲惨的
1582,surgery,/ˈsɜːdʒəri/,n,n. 外科手术
1583,bubble,/ˈbʌbl/,n,n. 气泡
1584,extent,/ɪkˈstent/,n,n. 程度
1585,finger,/ˈfɪŋɡə(r)/,n,n. 手指
1586,divine,/dɪˈvaɪn/,adj,adj. 神圣的
1587,similarly,/ˈsɪmələli/,adv,adv. 类似地
1588,concern,/kənˈsɜːn/,n,n. 关心
1589,economic,/ˌiːkəˈnɒmɪk/,adj,adj. 经济的
1590,significance,/sɪɡˈnɪfɪkəns/,n,n. 意义
1591,model,/ˈmɒdl/,n,n. 模型
1592,presence,/ˈprezns/,n,n. 存在
1593,anger,/ˈæŋɡə(r)/,n,n. 愤怒
1594,muscle,/ˈmʌsl/,n,n. 肌肉
1595,failure,/ˈfeɪljə(r)/,n,n. 失败
1596,spread,/spred/,v,v. 传播
1597,emotional,/ɪˈməʊʃənl/,adj,adj. 情感的
1598,lead,/liːd/,v,v. 引导
1599,determine,/dɪˈtɜːmɪn/,v,v. 决定
1600,taste,/teɪst/,v,v. 尝
1601,incredible,/ɪnˈkredəbl/,adj,adj. 难以置信的
1602,ecstasy,/ˈekstəsi/,n,n. 狂喜
1603,comfort,/ˈkʌmfət/,n,n. 舒适
1604,charge,/tʃɑːdʒ/,v,v. 负责
1605,policy,/ˈpɒləsi/,n,n. 政策
1606,rather,/ˈrɑːðə(r)/,adv,adv. 相当
1607,immediately,/ɪˈmiːdiətli/,adv,adv. 立即
1608,organic,/ɔːˈɡænɪk/,adj,adj. 有机的
1609,particularly,/pəˈtɪkjələli/,adv,adv. 特别地
1610,philosophy,/fəˈlɒsəfi/,n,n. 哲学
1611,religious,/rɪˈlɪdʒəs/,adj,adj. 宗教的
1612,intention,/ɪnˈtenʃn/,n,n. 意图
1613,vision,/ˈvɪʒn/,n,n. 视野
1614,maintain,/meɪnˈteɪn/,v,v. 维持
1615,commit,/kəˈmɪt/,v,v. 犯（错/罪）
1616,phenomenon,/fəˈnɒmɪnən/,n,n. 现象
1617,inspire,/ɪnˈspaɪə(r)/,v,v. 激励
1618,logic,/ˈlɒdʒɪk/,n,n. 逻辑
1619,properly,/ˈprɒpəli/,adv,adv. 正确地
1620,movement,/ˈmuːvmənt/,n,n. 运动
1621,dissolve,/dɪˈzɒlv/,v,v. 溶解
1622,pattern,/ˈpætn/,n,n. 模式
1623,active,/ˈæktɪv/,adj,adj. 活跃的
1624,waste,/weɪst/,n,n. 浪费
1625,belief,/bɪˈliːf/,n,n. 信念
1626,flow,/fləʊ/,v,v. 流动
1627,industry,/ˈɪndəstri/,n,n. 工业
1628,enemy,/ˈenəmi/,n,n. 敌人
1629,prison,/ˈprɪzn/,n,n. 监狱
1630,participant,/pɑːˈtɪsɪpənt/,n,n. 参与者
1631,exploration,/ˌekspləˈreɪʃn/,n,n. 探索
1632,initially,/ɪˈnɪʃəli/,adv,adv. 最初
1633,valuable,/ˈvæljuəbl/,adj,adj. 有价值的
1634,medium,/ˈmiːdiəm/,adj,adj. 中等的
1635,circus,/ˈsɜːkəs/,n,n. 马戏团
1636,worth,/wɜːθ/,adj,adj. 值得的
1637,ant,/ænt/,n,n. 蚂蚁
1638,unique,/juˈniːk/,adj,adj. 独特的
1639,rock,/rɒk/,n,n. 岩石
1640,arise,/əˈraɪz/,v,v. 出现
1641,honor,/ˈɒnə(r)/,n,n. 荣誉
1642,boom,/buːm/,v,v. 爆炸
1643,remove,/rɪˈmuːv/,v,v. 移除
1644,previous,/ˈpriːviəs/,adj,adj. 前一个的
1645,ignore,/ɪɡˈnɔː(r)/,v,v. 忽视
1646,economy,/ɪˈkɒnəmi/,n,n. 经济
1647,authority,/ɔːˈθɒrəti/,n,n. 权威
1648,democracy,/dɪˈmɒkrəsi/,n,n. 民主
1649,preservation,/ˌprezəˈveɪʃn/,n,n. 保存
1650,protect,/prəˈtekt/,v,v. 保护
1651,development,/dɪˈveləpmənt/,n,n. 发展
1652,genetic,/dʒəˈnetɪk/,adj,adj. 遗传的
1653,security,/sɪˈkjʊərəti/,n,n. 安全
1654,roll,/rəʊl/,v,v. 滚动
1655,mentally,/ˈmentəli/,adv,adv. 精神上
1656,define,/dɪˈfaɪn/,v,v. 定义
1657,surface,/ˈsɜːfɪs/,n,n. 表面
1658,horrible,/ˈhɒrəbl/,adj,adj. 可怕的
1659,endless,/ˈendləs/,adj,adj. 无尽的
1660,border,/ˈbɔːdə(r)/,n,n. 边界
1661,agriculture,/ˈæɡrɪkʌltʃə(r)/,n,n. 农业
1662,largely,/ˈlɑːdʒli/,adv,adv. 主要地
1663,spirit,/ˈspɪrɪt/,n,n. 精神
1664,mathematics,/ˌmæθəˈmætɪks/,n,n. 数学
1665,prayer,/preə(r)/,n,n. 祈祷
1666,liberation,/ˌlɪbəˈreɪʃn/,n,n. 解放
1667,prove,/pruːv/,v,v. 证明
1668,variety,/vəˈraɪəti/,n,n. 多样
1669,growth,/ɡrəʊθ/,n,n. 成长
1670,capacity,/kəˈpæsəti/,n,n. 能力
1671,loss,/lɒs/,n,n. 损失
1672,union,/ˈjuːniən/,n,n. 联盟
1673,concept,/ˈkɒnsept/,n,n. 概念
1674,army,/ˈɑːmi/,n,n. 军队
1675,respond,/rɪˈspɒnd/,v,v. 回应
1676,bless,/bles/,v,v. 祝福
1677,reduce,/rɪˈdjuːs/,v,v. 减少
1678,research,/rɪˈsɜːtʃ/,n,n. 研究
1679,non,/nɒn/,adj,adj. 非
1680,calculation,/ˌkælkjuˈleɪʃn/,n,n. 计算
1681,continuously,/kənˈtɪnjuəsli/,adv,adv. 连续地
1682,burst,/bɜːst/,v,v. 爆发
1683,anxiety,/æŋˈzaɪəti/,n,n. 焦虑
1684,rubbish,/ˈrʌbɪʃ/,n,n. 垃圾
1685,creator,/kriˈeɪtə(r)/,n,n. 创造者
1686,service,/ˈsɜːvɪs/,n,n. 服务
1687,proof,/pruːf/,n,n. 证据
1688,major,/ˈmeɪdʒə(r)/,adj,adj. 主要的
1689,race,/reɪs/,n,n. 种族
1690,damage,/ˈdæmɪdʒ/,n,n. 损害
1691,possess,/pəˈzes/,v,v. 占有
1692,distinction,/dɪˈstɪŋkʃn/,n,n. 区别
1693,sacred,/ˈseɪkrɪd/,adj,adj. 神圣的
1694,election,/ɪˈlekʃn/,n,n. 选举
1695,instruction,/ɪnˈstrʌkʃn/,n,n. 指示
1696,nowhere,/ˈnəʊweə(r)/,adv,adv. 无处
1697,organization,/ˌɔːɡənaɪˈzeɪʃn/,n,n. 组织
1698,measure,/ˈmeʒə(r)/,v,v. 测量
1699,decision,/dɪˈsɪʒn/,n,n. 决定
1700,round,/raʊnd/,adv,adv. 循环地
1701,cave,/keɪv/,n,n. 洞穴
1702,battle,/ˈbætl/,n,n. 战斗
1703,jungle,/ˈdʒʌŋɡl/,n,n. 丛林
1704,challenge,/ˈtʃælɪndʒ/,n,n. 挑战
1705,southern,/ˈsʌðən/,adj,adj. 南部的
1706,massive,/ˈmæsɪv/,adj,adj. 巨大的
1707,conflict,/ˈkɒnflɪkt/,n,n. 冲突
1708,socially,/ˈsəʊʃəli/,adv,adv. 在社会上
1709,pace,/peɪs/,n,n. 节奏
1710,engine,/ˈendʒɪn/,n,n. 引擎
1711,vessel,/ˈvesl/,n,n. 容器
1712,pit,/pɪt/,n,n. 坑
1713,bondage,/ˈbɒndɪdʒ/,n,n. 束缚
1714,passion,/ˈpæʃn/,n,n. 激情
1715,destination,/ˌdestɪˈneɪʃn/,n,n. 目的地
1716,total,/ˈtəʊtl/,adj,adj. 总计的
1717,extreme,/ɪkˈstriːm/,adj,adj. 极端的
1718,respect,/rɪˈspekt/,n,n. 尊重
1719,grab,/ɡræb/,v,v. 抓住
1720,depressed,/dɪˈprest/,adj,adj. 沮丧的
1721,suicide,/ˈsuːɪsaɪd/,n,n. 自杀
1722,courage,/ˈkʌrɪdʒ/,n,n. 勇气
1723,global,/ˈɡləʊbl/,adj,adj. 全球的
1724,attain,/əˈteɪn/,v,v. 达到
1725,eternal,/ɪˈtɜːnl/,adj,adj. 永恒的
1726,lack,/læk/,v,v. 缺乏
1727,pure,/pjʊə(r)/,adj,adj. 纯粹的
1728,reproduce,/ˌriːprəˈdjuːs/,v,v. 繁殖
1729,tiny,/ˈtaɪni/,adj,adj. 微小的
1730,layer,/ˈleɪə(r)/,n,n. 层
1731,marriage,/ˈmærɪdʒ/,n,n. 婚姻
1732,profession,/prəˈfeʃn/,n,n. 职业
1733,narrative,/ˈnærətɪv/,n,n. 叙事
1734,general,/ˈdʒenrəl/,adj,adj. 一般的
1735,relate,/rɪˈleɪt/,v,v. 关联
1736,precious,/ˈpreʃəs/,adj,adj. 珍贵的
1737,main,/meɪn/,adj,adj. 主要的
1738,observe,/əbˈzɜːv/,v,v. 观察
1739,guide,/ɡaɪd/,v,v. 引导
1740,contain,/kənˈteɪn/,v,v. 包含
1741,gratitude,/ˈɡrætɪtjuːd/,n,n. 感激
1742,affect,/əˈfekt/,v,v. 影响
1743,bang,/bæŋ/,n,n. 爆炸
1744,bomb,/bɒm/,n,n. 炸弹
1745,property,/ˈprɒpəti/,n,n. 财产
1746,drag,/dræɡ/,v,v. 拖
1747,confidence,/ˈkɒnfɪdəns/,n,n. 信心
1748,legal,/ˈliːɡl/,adj,adj. 合法的
1749,definition,/ˌdefɪˈnɪʃn/,n,n. 定义
1750,uncertainty,/ʌnˈsɜːtnti/,n,n. 不确定性
1751,transformation,/ˌtrænsfəˈmeɪʃn/,n,n. 转变
1752,concerned,/kənˈsɜːnd/,adj,adj. 关心的
1753,behave,/bɪˈheɪv/,v,v. 表现
1754,maximum,/ˈmæksɪməm/,adj,adj. 最大的
1755,responsible,/rɪˈspɒnsəbl/,adj,adj. 负责的
1756,ensure,/ɪnˈʃʊə(r)/,v,v. 确保
1757,cultural,/ˈkʌltʃərəl/,adj,adj. 文化的
1758,harm,/hɑːm/,n,n. 伤害
1759,curious,/ˈkjʊəriəs/,adj,adj. 好奇的
1760,treatment,/ˈtriːtmənt/,n,n. 治疗
1761,sword,/sɔːd/,n,n. 剑
1762,emotionally,/ɪˈməʊʃənəli/,adv,adv. 在情感上
1763,rare,/reə(r)/,adj,adj. 稀有的
1764,minimum,/ˈmɪnɪməm/,adj,adj. 最小的
1765,element,/ˈelɪmənt/,n,n. 元素
1766,trust,/trʌst/,n,n. 信任
1767,connection,/kəˈnekʃn/,n,n. 连接
1768,positive,/ˈpɒzətɪv/,adj,adj. 积极的
1769,prejudice,/ˈpredʒudɪs/,n,n. 偏见
1770,darkness,/ˈdɑːknəs/,n,n. 黑暗
1771,liberate,/ˈlɪbəreɪt/,v,v. 解放
1772,monk,/mʌŋk/,n,n. 僧侣
1773,goddess,/ˈɡɒdes/,n,n. 女神
1774,flat,/flæt/,adj,adj. 平坦的
1775,attach,/əˈtætʃ/,v,v. 附加
1776,personally,/ˈpɜːsənəli/,adv,adv. 亲自地
1777,nasty,/ˈnɑːsti/,adj,adj. 讨厌的
1778,nuclear,/ˈnjuːkliə(r)/,adj,adj. 核的
1779,fearful,/ˈfɪəfl/,adj,adj. 恐惧的
1780,mission,/ˈmɪʃn/,n,n. 使命
1781,hop,/hɒp/,v,v. 跳跃
1782,attend,/əˈtend/,v,v. 出席
1783,alcohol,/ˈælkəhɒl/,n,n. 酒精
1784,tend,/tend/,v,v. 倾向于
1785,skin,/skɪn/,n,n. 皮肤
1786,brick,/brɪk/,n,n. 砖
1787,sexuality,/ˌsekʃuˈæləti/,n,n. 性
1788,spectacular,/spekˈtækjələ(r)/,adj,adj. 壮观的
1789,illness,/ˈɪlnəs/,n,n. 疾病
1790,stable,/ˈsteɪbl/,adj,adj. 稳定的
1791,inhale,/ɪnˈheɪl/,v,v. 吸入
1792,violence,/ˈvaɪələns/,n,n. 暴力
1793,needle,/ˈniːdl/,n,n. 针
1794,mix,/mɪks/,v,v. 混合
1795,overwhelm,/ˌəʊvəˈwelm/,v,v. 淹没
1796,unfortunate,/ʌnˈfɔːtʃənət/,adj,adj. 不幸的
1797,edge,/edʒ/,n,n. 边缘
1798,worthwhile,/ˌwɜːθˈwaɪl/,adj,adj. 值得的
1799,arrangement,/əˈreɪndʒmənt/,n,n. 安排
1800,internal,/ɪnˈtɜːnl/,adj,adj. 内部的
1801,entirely,/ɪnˈtaɪəli/,adv,adv. 完全地
1802,slip,/slɪp/,v,v. 滑动
1803,leadership,/ˈliːdəʃɪp/,n,n. 领导力
1804,rapidly,/ˈræpɪdli/,adv,adv. 迅速地
1805,spiritually,/ˈspɪrɪtʃuəli/,adv,adv. 精神上
1806,confusion,/kənˈfjuːʒn/,n,n. 困惑
1807,theory,/ˈθɪəri/,n,n. 理论
1808,professional,/prəˈfeʃənl/,adj,adj. 专业的
1809,mud,/mʌd/,n,n. 泥
1810,organism,/ˈɔːɡənɪzəm/,n,n. 有机体
1811,sand,/sænd/,n,n. 沙
1812,reservation,/ˌrezəˈveɪʃn/,n,n. 预订
1813,normally,/ˈnɔːməli/,adv,adv. 通常
1814,ridiculous,/rɪˈdɪkjələs/,adj,adj. 荒谬的
1815,option,/ˈɒpʃn/,n,n. 选项
1816,continuous,/kənˈtɪnjuəs/,adj,adj. 连续的
1817,extraordinary,/ɪkˈstrɔːdnri/,adj,adj. 非凡的
1818,grave,/ɡreɪv/,n,n. 坟墓
1819,observation,/ˌɒbzəˈveɪʃn/,n,n. 观察
1820,doubt,/daʊt/,n,n. 怀疑
1821,crush,/krʌʃ/,v,v. 压垮
1822,ingredient,/ɪnˈɡriːdiənt/,n,n. 成分
1823,useless,/ˈjuːsləs/,adj,adj. 无用的
1824,pot,/pɒt/,n,n. 锅
1825,capture,/ˈkæptʃə(r)/,v,v. 捕捉
1826,trick,/trɪk/,n,n. 把戏
1827,climate,/ˈklaɪmət/,n,n. 气候
1828,demand,/dɪˈmɑːnd/,v,v. 要求
1829,stretch,/stretʃ/,n,n. 路段
1830,forth,/fɔːθ/,adv,adv. 带来
1831,none,/nʌn/,adj,adj. 没有的
1832,track,/træk/,n,n. 跑道
1833,organ,/ˈɔːɡən/,n,n. 器官
1834,magical,/ˈmædʒɪkl/,adj,adj. 神奇的
1835,lung,/lʌŋ/,n,n. 肺
1836,engage,/ɪnˈɡeɪdʒ/,v,v. 参与
1837,resource,/rɪˈsɔːs/,n,n. 资源
1838,entity,/ˈentəti/,n,n. 实体
1839,central,/ˈsentrəl/,adj,adj. 中心的
1840,professor,/prəˈfesə(r)/,n,n. 教授
1841,guidance,/ˈɡaɪdns/,n,n. 指导
1842,warrior,/ˈwɒriə(r)/,n,n. 战士
1843,download,/ˌdaʊnˈləʊd/,v,v. 下载
1844,trade,/treɪd/,n,n. 贸易
1845,heal,/hiːl/,v,v. 治愈
1846,bull,/bʊl/,n,n. 公牛
1847,poetry,/ˈpəʊətri/,n,n. 诗歌
1848,loud,/laʊd/,adj,adj. 响亮的
1849,sometime,/ˈsʌmtaɪm/,adv,adv. （在）某个时候
1850,bunch,/bʌntʃ/,n,n. 一束；一串
1851,combination,/ˌkɒmbɪˈneɪʃn/,n,n. 组合
1852,cruel,/ˈkruːəl/,adj,adj. 残忍的
1853,expose,/ɪkˈspəʊz/,v,v. 暴露
1854,disease,/dɪˈziːz/,n,n. 疾病
1855,generate,/ˈdʒenəreɪt/,v,v. 产生
1856,preparation,/ˌprepəˈreɪʃn/,n,n. 准备
1857,curiosity,/ˌkjʊəriˈɒsəti/,n,n. 好奇心
1858,reputation,/ˌrepjuˈteɪʃn/,n,n. 声誉
1859,device,/dɪˈvaɪs/,n,n. 装置
1860,proud,/praʊd/,adj,adj. 自豪的
1861,reflection,/rɪˈflekʃn/,n,n. 反映
1862,deny,/dɪˈnaɪ/,v,v. 否认
1863,thumb,/θʌm/,n,n. 拇指
1864,oxygen,/ˈɒksɪdʒən/,n,n. 氧气
1865,threat,/θret/,n,n. 威胁
1866,negotiate,/nɪˈɡəʊʃieɪt/,v,v. 谈判
1867,schedule,/ˈʃedjuːl/,n,n. 日程
1868,mechanical,/məˈkænɪkl/,adj,adj. 机械的
1869,safety,/ˈseɪfti/,n,n. 安全
1870,geography,/dʒiˈɒɡrəfi/,n,n. 地理
1871,brief,/briːf/,adj,adj. 短暂的
1872,essential,/ɪˈsenʃl/,adj,adj. 基本的
1873,ad,/æd/,prep,prep. 公元
1874,poverty,/ˈpɒvəti/,n,n. 贫穷
1875,depth,/depθ/,n,n. 深度
1876,impression,/ɪmˈpreʃn/,n,n. 印象
1877,refuse,/rɪˈfjuːz/,v,v. 拒绝
1878,painful,/ˈpeɪnfl/,adj,adj. 痛苦的
1879,career,/kəˈrɪə(r)/,n,n. 职业
1880,screen,/skriːn/,n,n. 屏幕
1881,incident,/ˈɪnsɪdənt/,n,n. 事件
1882,neighborhood,/ˈneɪbəhʊd/,n,n. 邻里
1883,unable,/ʌnˈeɪbl/,adj,adj. 无法的
1884,vast,/vɑːst/,adj,adj. 广阔的
1885,obvious,/ˈɒbviəs/,adj,adj. 明显的
1886,northern,/ˈnɔːðən/,adj,adj. 北方的
1887,hug,/hʌɡ/,v,v. 拥抱
1888,practical,/ˈpræktɪkl/,adj,adj. 实用的
1889,democratic,/ˌdeməˈkrætɪk/,adj,adj. 民主的
1890,convince,/kənˈvɪns/,v,v. 说服
1891,insane,/ɪnˈseɪn/,adj,adj. 疯狂的
1892,income,/ˈɪnkʌm/,n,n. 收入
1893,physicality,/ˌfɪzɪˈkæləti/,n,n. 物质性
1894,academic,/ˌækəˈdemɪk/,adj,adj. 学术的
1895,opposition,/ˌɒpəˈzɪʃn/,n,n. 反对
1896,advertising,/ˈædvətaɪzɪŋ/,n,n. 广告
1897,depression,/dɪˈpreʃn/,n,n. 抑郁
1898,essence,/ˈesns/,n,n. 本质
1899,deliver,/dɪˈlɪvə(r)/,v,v. 交付
1900,tap,/tæp/,v,v. 敲
1901,switch,/swɪtʃ/,v,v. 切换
1902,expert,/ˈekspɜːt/,n,n. 专家
1903,eastern,/ˈiːstən/,adj,adj. 东方的
1904,management,/ˈmænɪdʒmənt/,n,n. 管理
1905,sensitivity,/ˌsensəˈtɪvəti/,n,n. 敏感性
1906,platform,/ˈplætfɔːm/,n,n. 平台
1907,disturbance,/dɪˈstɜːbəns/,n,n. 干扰，打扰
1908,discrimination,/dɪˌskrɪmɪˈneɪʃn/,n,n. 歧视
1909,discount,/ˈdɪskaʊnt/,n,n. 折扣
1910,willingness,/ˈwɪlɪŋnəs/,n,n. 意愿，乐意
1911,consumption,/kənˈsʌmpʃn/,n,n. 消费
1912,bump,/bʌmp/,v,v. 碰撞
1913,outward,/ˈaʊtwəd/,adj,adj. 外向的
1914,crow,/krəʊ/,n,n. 乌鸦
1915,tendency,/ˈtendənsi/,n,n. 倾向，趋势
1916,intend,/ɪnˈtend/,v,v. 打算，想要
1917,effective,/ɪˈfektɪv/,adj,adj. 有效的
1918,protection,/prəˈtekʃn/,n,n. 保护，防护
1919,substantial,/səbˈstænʃl/,adj,adj. 实质性的
1920,current,/ˈkʌrənt/,adj,adj. 当前的
1921,mile,/maɪl/,n,n. 英里
1922,beautifully,/ˈbjuːtɪfli/,adv,adv. 美丽地
1923,assume,/əˈsjuːm/,v,v. 假设
1924,dedicate,/ˈdedɪkeɪt/,v,v. 把…奉献给
1925,acquire,/əˈkwaɪə(r)/,v,v. 获得，习得
1926,majority,/məˈdʒɒrəti/,n,n. 多数，大多数
1927,educate,/ˈedʒukeɪt/,v,v. 教育，教导
1928,directly,/dəˈrektli/,adv,adv. 直接地
1929,physics,/ˈfɪzɪks/,n,n. 物理学（physic，physics 旧称）
1930,excess,/ɪkˈses/,n,n. 过多
1931,emerge,/ɪˈmɜːdʒ/,v,v. 出现，浮现
1932,alphabet,/ˈælfəbet/,n,n. 字母表
1933,season,/ˈsiːzn/,n,n. 季节
1934,analyze,/ˈænəlaɪz/,v,v. 分析（英式常拼 analyse，读音同）
1935,react,/riˈækt/,v,v. 反应，作出回应
1936,fund,/fʌnd/,n,n. 资金
1937,mechanic,/məˈkænɪk/,n,n. 机械师
1938,tongue,/tʌŋ/,n,n. 舌头
1939,trash,/træʃ/,n,n. 垃圾
1940,sensation,/sɛnˈseɪʃən/,n,n. 感觉
1941,railway,/ˈreɪlweɪ/,n,n. 铁路
1942,insist,/ɪnˈsɪst/,v,v. 坚持
1943,fortunate,/ˈfɔːtʃənət/,adj,adj. 幸运的
1944,slightly,/ˈslaɪtlɪ/,adv,adv. 稍微
1945,disastrous,/dɪˈzɑːstrəs/,adj,adj. 灾难性的
1946,twist,/twɪst/,v,v. 扭
1947,channel,/ˈtʃænəl/,n,n. 渠道
1948,duty,/ˈdjuːtɪ/,n,n. 职责
1949,calculate,/ˈkælkjʊleɪt/,v,v. 计算
1950,heaven,/ˈhɛvən/,n,n. 天堂
1951,hopefully,/ˈhəʊpfəlɪ/,adv,adv. 满怀希望地
1952,insight,/ˈɪnsaɪt/,n,n. 洞察
1953,tragedy,/ˈtrædʒɪdɪ/,n,n. 悲剧
1954,silent,/ˈsaɪlənt/,adj,adj. 沉默的
1955,wrap,/ræp/,v,v. 包裹
1956,vehicle,/ˈviːɪkəl/,n,n. 交通工具
1957,examination,/ɪɡˌzæmɪˈneɪʃən/,n,n. 考试
1958,president,/ˈprɛzɪdənt/,n,n. 总统
1959,application,/ˌæplɪˈkeɪʃən/,n,n. 申请
1960,undo,/ʌnˈduː/,v,v. 撤销
1961,healing,/ˈhiːlɪŋ/,n,n. 治疗
1962,series,/ˈsɪəriːz/,n,n. 系列
1963,bitter,/ˈbɪtə/,adj,adj. 苦的
1964,scholar,/ˈskɒlə/,n,n. 学者
1965,filter,/ˈfɪltə/,n,n. 过滤器
1966,equality,/iˈkwɒləti/,n,n. 平等
1967,rational,/ˈræʃənəl/,adj,adj. 理性的
1968,traditionally,/trəˈdɪʃənəli/,adv,adv. 传统上
1969,approximately,/əˈprɒksɪmətli/,adv,adv. 大约
1970,dare,/deə/,v,v. 敢于
1971,purely,/ˈpjʊəli/,adv,adv. 纯粹地
1972,region,/ˈriːdʒən/,n,n. 地区
1973,load,/ləʊd/,n,n. 负荷
1974,invasion,/ɪnˈveɪʒən/,n,n. 入侵
1975,resist,/rɪˈzɪst/,v,v. 抵抗
1976,contribution,/ˌkɒntrɪˈbjuːʃən/,n,n. 贡献
1977,pretend,/prɪˈtend/,v,v. 假装
1978,instance,/ˈɪnstəns/,n,n. 例子
1979,conclude,/kənˈkluːd/,v,v. 得出结论
1980,achievement,/əˈtʃiːvmənt/,n,n. 成就
1981,arrange,/əˈreɪndʒ/,v,v. 安排
1982,artist,/ˈɑːtɪst/,n,n. 艺术家
1983,fancy,/ˈfænsi/,adj,adj. 华丽的
1984,integrity,/ɪnˈteɡrəti/,n,n. 诚信
1985,explosion,/ɪkˈspləʊʒən/,n,n. 爆炸
1986,category,/ˈkætəɡəri/,n,n. 类别
1987,ordinary,/ˈɔːdɪnəri/,adj,adj. 普通的
1988,blind,/blaɪnd/,adj,adj. 瞎的
1989,crisis,/ˈkraɪsɪs/,n,n. 危机
1990,guard,/ɡɑːd/,v,v. 守卫
1991,launch,/lɔːntʃ/,v,v. 发射
1992,civilized,/ˈsɪvəlaɪzd/,adj,adj. 文明的
1993,politician,/ˌpɒləˈtɪʃən/,n,n. 政治家
1994,confirm,/kənˈfɜːm/,v,v. 确认
1995,maintenance,/ˈmeɪntənəns/,n,n. 维护
1996,crash,/kræʃ/,v,v. 崩溃
1997,accidental,/ˌæksɪˈdentl/,adj,adj. 意外的
1998,translate,/trænzˈleɪt/,v,v. 翻译
1999,priest,/priːst/,n,n. 牧师
2000,cancer,/ˈkænsə/,n,n. 癌症
2001,incredibly,/ɪnˈkredəbli/,adv,adv. 极其
2002,agenda,/əˈdʒendə/,n,n. 议程
2003,inch,/ɪntʃ/,n,n. 英寸
2004,mortality,/mɔːˈtæləti/,n,n. 死亡
2005,takeaway,/ˈteɪkəweɪ/,n,n. 收获
2006,overnight,/ˌəʊvəˈnaɪt/,adv,adv. 一夜之间
2007,immediate,/ɪˈmiːdiət/,adj,adj. 立即的
2008,origin,/ˈɒrɪdʒɪn/,n,n. 起源
2009,pregnant,/ˈpreɡnənt/,adj,adj. 怀孕的
2010,female,/ˈfiːmeɪl/,adj,adj. 女性的
2011,sex,/seks/,n,n. 性
2012,altogether,/ˌɔːltəˈɡeðə/,adv,adv. 完全
2013,sheer,/ʃɪə/,adj,adj. 纯粹的
2014,tired,/ˈtaɪəd/,adj,adj. 累的
2015,cautious,/ˈkɔːʃəs/,adj,adj. 谨慎的
2016,currently,/ˈkʌrəntli/,adv,adv. 目前
2017,adopt,/əˈdɒpt/,v,v. 采用
2018,vivid,/ˈvɪvɪd/,adj,adj. 生动的
2019,randomly,/ˈrændəmli/,adv,adv. 随机地
2020,purify,/ˈpjʊərɪfaɪ/,v,v. 净化
2021,liver,/ˈlɪvə/,n,n. 肝脏
2022,tragic,/ˈtrædʒɪk/,adj,adj. 悲剧的
2023,requirement,/rɪˈkwaɪəmənt/,n,n. 要求
2024,vary,/ˈveəri/,v,v. 变化
2025,commonly,/ˈkɒmənli/,adv,adv. 普遍地
2026,retain,/rɪˈteɪn/,v,v. 保留
2027,fanciful,/ˈfænsɪfl/,adj,adj. 幻想的
2028,entry,/ˈentri/,n,n. 入口
2029,tense,/tens/,adj,adj. 紧张的
2030,convey,/kənˈveɪ/,v,v. 传达
2031,gentleman,/ˈdʒentəlmən/,n,n. 绅士
2032,herd,/hɜːd/,n,n. 兽群
2033,iron,/ˈaɪən/,n,n. 铁
2034,ladder,/ˈlædə/,n,n. 梯子
2035,hunger,/ˈhʌŋɡə/,n,n. 饥饿
2036,goodness,/ˈɡʊdnəs/,n,n. 善良
2037,consideration,/kənˌsɪdəˈreɪʃən/,n,n. 考虑
2038,lightly,/ˈlaɪtli/,adv,adv. 轻柔地
2039,overflow,/ˌəʊvəˈfləʊ/,v,v. 溢出
2040,fuel,/ˈfjuːəl/,n,n. 燃料 v. 给…加燃料
2041,talented,/ˈtæləntɪd/,adj,adj. 有才华的
2042,motor,/ˈməʊtə/,n,n. 发动机；马达
2043,independent,/ˌɪndɪˈpendənt/,adj,adj. 独立的
2044,split,/splɪt/,v,v. 分裂
2045,disappointed,/ˌdɪsəˈpɔɪntɪd/,adj,adj. 失望的
2046,permanent,/ˈpɜːmənənt/,adj,adj. 永久的
2047,absence,/ˈæbsəns/,n,n. 缺席
2048,naked,/ˈneɪkɪd/,adj,adj. 裸的
2049,brake,/breɪk/,v,v. 刹车
2050,official,/əˈfɪʃəl/,adj,adj. 官方的 n. 官员
2051,hunt,/hʌnt/,v,v. 狩猎
2052,quantity,/ˈkwɒntəti/,n,n. 数量
2053,recite,/rɪˈsaɪt/,v,v. 背诵
2054,reject,/rɪˈdʒekt/,v,v. 拒绝
2055,parentage,/ˈpeərəntɪdʒ/,n,n. 血统
2056,eternity,/ɪˈtɜːnəti/,n,n. 永恒
2057,poet,/ˈpəʊɪt/,n,n. 诗人
2058,occasion,/əˈkeɪʒən/,n,n. 场合
2059,crop,/krɒp/,"n, v",n. 农作物；v. 收割
2060,deprive,/dɪˈpraɪv/,v,v. 剥夺
2061,weakness,/ˈwiːknəs/,n,n. 弱点
2062,critical,/ˈkrɪtɪkl/,adj,adj. 关键的
2063,workplace,/ˈwɜːkpleɪs/,n,n. 工作场所
2064,broad,/brɔːd/,adj,adj. 宽广的
2065,extinct,/ɪkˈstɪŋkt/,adj,adj. 灭绝的
2066,stamp,/stæmp/,v,v. 压制
2067,debt,/det/,n,n. 债务
2068,mere,/mɪə/,adj,adj. 仅仅的
2069,rebuild,/ˌriːˈbɪld/,v,v. 重建
2070,trend,/trend/,n,n. 趋势
2071,wing,/wɪŋ/,n,n. 翅膀
2072,inform,/ɪnˈfɔːm/,v,v. 通知
2073,declare,/dɪˈkleə/,v,v. 宣布
2074,temper,/ˈtempə/,n,n. 脾气
2075,intervention,/ˌɪntəˈvenʃn/,n,n. 干预
2076,reduction,/rɪˈdʌkʃn/,n,n. 减少
2077,selfish,/ˈselfɪʃ/,adj,adj. 自私的
2078,producer,/prəˈdjuːsə/,n,n. 生产者
2079,forgive,/fəˈɡɪv/,v,v. 原谅
2080,celebrity,/səˈlebrəti/,n,n. 名人
2081,press,/pres/,v,v. 压迫
2082,score,/skɔː/,v,v. 得分
2083,fascinating,/ˈfæsɪneɪtɪŋ/,adj,adj. 迷人的
2084,ecology,/ɪˈkɒlədʒi/,n,n. 生态
2085,ecosystem,/ˈiːkəʊsɪstəm/,n,n. 生态系统
2086,sunset,/ˈsʌnset/,n,n. 日落
2087,dazzle,/ˈdæzl/,v,v. 使眩目
2088,upward,/ˈʌpwəd/,adv,adv. 向上
2089,preference,/ˈprefrəns/,n,n. 偏好
2090,resolve,/rɪˈzɒlv/,v,v. 决心
2091,concentration,/ˌkɒnsənˈtreɪʃn/,n,n. 集中
2092,electronic,/ɪˌlekˈtrɒnɪk/,adj,adj. 电子的
2093,digital,/ˈdɪdʒɪtl/,adj,adj. 数字的
2094,unemployed,/ˌʌnɪmˈplɔɪd/,adj,adj. 失业的
2095,sufficient,/səˈfɪʃnt/,adj,adj. 足够的
2096,comparison,/kəmˈpærɪsn/,n,n. 比较
2097,unfold,/ʌnˈfəʊld/,v,v. 展开
2098,override,/ˌəʊvəˈraɪd/,v,v. 覆盖
2099,ashamed,/əˈʃeɪmd/,adj,adj. 羞愧的
2100,enthusiasm,/ɪnˈθjuːziæzəm/,n,n. 热情
2101,department,/dɪˈpɑːtmənt/,n,n. 部门
2102,composition,/ˌkɒmpəˈzɪʃn/,n,n. 组成
2103,examine,/ɪɡˈzæmɪn/,v,v. 检查
2104,stupidity,/stjuːˈpɪdəti/,n,n. 愚蠢
2105,tablet,/ˈtæblət/,n,n. 药片
2106,eco,/ˈiːkəʊ/,adj,adj. 环保的
2107,recommend,/ˌrekəˈmend/,v,v. 推荐
2108,pause,/pɔːz/,v,v. 暂停
2109,appreciation,/əˌpriːʃiˈeɪʃn/,n,n. 欣赏
2110,annual,/ˈænjuəl/,adj,adj. 每年的
2111,dull,/dʌl/,adj,adj. 单调的；迟钝的
2112,duality,/djuːˈæləti/,n,n. 二元性
2113,distinguish,/dɪˈstɪŋɡwɪʃ/,v,v. 区分
2114,budget,/ˈbʌdʒɪt/,n,n. 预算
2115,civilizational,/ˌsɪvəlaɪˈzeɪʃənl/,adj,adj. 文明的
2116,repeatedly,/rɪˈpiːtɪdli/,adv,adv. 反复地
2117,prosperity,/prɒˈsperəti/,n,n. 繁荣
2118,stream,/striːm/,n,n. 溪流
2119,eager,/ˈiːɡə(r)/,adj,adj. 渴望的
2120,swell,/swel/,v,v. 膨胀
2121,assistance,/əˈsɪstəns/,n,n. 援助
2122,graceful,/ˈɡreɪsfʊl/,adj,adj. 优雅的
2123,combine,/kəmˈbaɪn/,v,v. 结合，合并
2124,wildlife,/ˈwaɪldlaɪf/,n,n. 野生动物
2125,canal,/kəˈnæl/,n,n. 运河，水道
2126,prescription,/prɪˈskrɪpʃən/,n,"n. 处方，药方（此处喻指""该做的事""）"
2127,cliff,/klɪf/,n,n. 悬崖，峭壁
2128,shiver,/ˈʃɪvə(r)/,v,v. 颤抖
2129,ecological,/ˌiːkəˈlɒdʒɪkəl/,adj,adj. 生态的
2130,hopeless,/ˈhəʊpləs/,adj,adj. 绝望的
2131,currency,/ˈkʌrənsi/,n,n. 货币，通货
2132,appoint,/əˈpɔɪnt/,v,v. 任命，委任
2133,adviser,/ədˈvaɪzə(r)/,n,n. 顾问，劝告者
2134,privacy,/ˈprɪvəsi/,n,n. 隐私，私密
2135,potency,/ˈpəʊtənsi/,n,n. 效力，潜能
2136,tissue,/ˈtɪʃuː/,n,n. （生物）组织；纸巾
2137,sheet,/ʃiːt/,n,n. 表
2138,companion,/kəmˈpænjən/,n,n. 同伴，伴侣
2139,surgeon,/ˈsɜːdʒən/,n,n. 外科医生
2140,panic,/ˈpænɪk/,v,v. 恐慌
2141,actress,/ˈæktrəs/,n,n. 女演员
2142,restfulness,/ˈrestfʊlnəs/,n,n. 宁静
2143,heavenly,/ˈhevnli/,adj,adj. 天堂的
2144,approve,/əˈpruːv/,v,v. 批准，认可
2145,visible,/ˈvɪzəbəl/,adj,adj. 可见的
2146,steep,/stiːp/,adj,adj. 陡峭的
2147,photograph,/ˈfəʊtəɡrɑːf/,n,n. 照片，相片
2148,dot,/dɒt/,n,n. 小点，圆点
2149,unexpected,/ˌʌnɪkˈspektɪd/,adj,adj. 意外的，始料未及的
2150,orbit,/ˈɔːbɪt/,n,n. 轨道
2151,african,/ˈæfrɪkən/,adj,adj. 非洲的
2152,molecule,/ˈmɒlɪkjuːl/,n,n. 分子
2153,vague,/veɪɡ/,adj,adj. 模糊的，含糊的
2154,eliminate,/ɪˈlɪmɪneɪt/,v,v. 消除，消灭
2155,fascinated,/ˈfæsɪneɪtɪd/,adj,adj. 着迷的
2156,citizenship,/ˈsɪtɪzənʃɪp/,n,n. 公民身份
2157,tank,/tæŋk/,n,n. 油箱，水箱
2158,physic,/ˈfɪzɪk/,adj,adj. 物理的
2159,deserve,/dɪˈzɜːv/,v,v. 应得，值得
2160,slide,/slaɪd/,n,n. 滑动
2161,innocent,/ˈɪnəsənt/,adj,adj. 无辜的，清白的
2162,representation,/ˌreprɪzenˈteɪʃən/,n,n. 代表，体现
2163,absent,/ˈæbsənt/,adj,adj. 缺席的；心不在焉的
2164,chemically,/ˈkemɪkli/,adv,adv. 化学地
2165,silk,/sɪlk/,n,n. 丝绸
2166,attachment,/əˈtætʃmənt/,n,n. 依恋，附件
2167,temporary,/ˈtemprəri/,adj,adj. 临时的，暂时的
2168,internationally,/ˌɪntəˈnæʃənəli/,adv,adv. 国际地
2169,repay,/rɪˈpeɪ/,v,v. 偿还，报答
2170,researcher,/rɪˈsɜːtʃə(r)/,n,n. 研究员
2171,commentary,/ˈkɒməntri/,n,n. 评注，评论
2172,frequency,/ˈfriːkwənsi/,n,n. 频率
2173,scope,/skəʊp/,n,n. 范围；余地
2174,justice,/ˈdʒʌstɪs/,n,n. 正义，司法
2175,architect,/ˈɑːkɪtekt/,n,n. 建筑师
2176,bargain,/ˈbɑːɡɪn/,n,n. 交易
2177,juicy,/ˈdʒuːsi/,adj,adj. 多汁的
2178,underwater,/ˌʌndəˈwɔːtə(r)/,adj,adj. 在水下的（地）
2179,equipment,/ɪˈkwɪpmənt/,n,n. 设备
2180,orderly,/ˈɔːdəli/,adj,adj. 有条理的
2181,rainforest,/ˈreɪnfɒrɪst/,n,n. 雨林
2182,adamant,/ˈædəmənt/,adj,adj. 固执的
2183,fake,/feɪk/,adj,adj. 假的
2184,punishment,/ˈpʌnɪʃmənt/,n,n. 惩罚
2185,prisoner,/ˈprɪznə(r)/,n,n. 囚犯
2186,regional,/ˈriːdʒənl/,adj,adj. 地区的
2187,baggage,/ˈbæɡɪdʒ/,n,n. 行李
2188,resemble,/rɪˈzembl/,v,v. 相似
2189,afford,/əˈfɔːd/,v,v. 负担得起
2190,nearby,/ˌnɪəˈbaɪ/,adj,adj. 附近的（地）
2191,derail,/dɪˈreɪl/,v,v. 脱轨
2192,warn,/wɔːn/,v,v. 警告
2193,freely,/ˈfriːli/,adv,adv. 自由地
2194,qualify,/ˈkwɒlɪfaɪ/,v,v. 使合格
2195,extinction,/ɪkˈstɪŋkʃən/,n,n. 灭绝
2196,rewrite,/ˌriːˈraɪt/,v,v. 重写
2197,airline,/ˈeəlaɪn/,n,n. 航空公司
2198,acknowledge,/əkˈnɒlɪdʒ/,v,v. 承认
2199,notion,/ˈnəʊʃən/,n,n. 概念
2200,emphasize,/ˈemfəsaɪz/,v,v. 强调
2201,genetically,/dʒəˈnetɪkli/,adv,adv. 基因地
2202,decrease,/dɪˈkriːs/,v,v. 减少
2203,tropical,/ˈtrɒpɪkl/,adj,adj. 热带的
2204,specialist,/ˈspeʃəlɪst/,n,n. 专家
2205,fashionable,/ˈfæʃənəbl/,adj,adj. 时尚的
2206,consultation,/ˌkɒnslˈteɪʃn/,n,n. 咨询
2207,length,/leŋθ/,n,n. 长度
2208,inconvenient,/ˌɪnkənˈviːniənt/,adj,adj. 不方便的
2209,negotiation,/nɪˌɡəʊʃiˈeɪʃn/,n,n. 谈判
2210,narrate,/nəˈreɪt/,v,v. 讲述
2211,coastal,/ˈkəʊstl/,adj,adj. 沿海的
2212,unity,/ˈjuːnəti/,n,n. 团结
2213,impressive,/ɪmˈpresɪv/,adj,adj. 令人印象深刻的
2214,afterwards,/ˈɑːftəwədz/,adv,adv. 之后
2215,documentary,/ˌdɒkjuˈmentri/,n,n. 纪录片
2216,jewel,/ˈdʒuːəl/,n,n. 宝石
2217,plain,/pleɪn/,adj,adj. 简单的
2218,greek,/ɡriːk/,adj,adj. 希腊的
2219,deficiency,/dɪˈfɪʃənsi/,n,n. 缺乏
2220,worldwide,/ˈwɜːldwaɪd/,adj,adj. 全球的
2221,presentation,/ˌprezənˈteɪʃən/,n,n. 展示
2222,dialogue,/ˈdaɪəlɒɡ/,n,n. 对话
2223,worthy,/ˈwɜːði/,adj,adj. 值得的
2224,occupy,/ˈɒkjʊpaɪ/,v,v. 占领
2225,wildly,/ˈwaɪldli/,adv,adv. 狂野地
2226,extensively,/ɪkˈstensɪvli/,adv,adv. 广泛地
2227,empire,/ˈempaɪə/,n,n. 帝国
2228,tip,/tɪp/,n,n. 尖端
2229,overcome,/ˌəʊvəˈkʌm/,v,v. 克服
2230,status,/ˈsteɪtəs/,n,n. 地位
2231,protective,/prəˈtektɪv/,adj,adj. 保护性的
2232,misunderstanding,/ˌmɪsʌndəˈstændɪŋ/,n,n. 误解
2233,arithmetic,/əˈrɪθmətɪk/,n,n. 算术
2234,patience,/ˈpeɪʃəns/,n,n. 耐心
2235,dramatic,/drəˈmatɪk/,adj,adj. 戏剧性的
2236,splash,/splaʃ/,v,v. 泼溅
2237,boring,/ˈbɔːrɪŋ/,adj,adj. 无聊的
2238,wherever,/wɛːrˈɛvə/,adv,adv. 无论哪里
2239,distribution,/ˌdɪstrɪˈbjuːʃən/,n,n. 分配
2240,flock,/flɒk/,v,v. 成群涌向
2241,pump,/pʌmp/,v,v. 泵入
2242,holy,/ˈhəʊli/,adj,adj. 神圣的
2243,statistic,/stəˈtɪstɪk/,n,n. 统计数字
2244,link,/lɪŋk/,n,n. 链接
2245,preserve,/prɪˈzɜːv/,v,v. 保存
2246,era,/ˈɪərə/,n,n. 时代
2247,foolish,/ˈfuːlɪʃ/,adj,adj. 愚蠢的
2248,recover,/rɪˈkʌvə/,v,v. 恢复
2249,hardship,/ˈhɑːdʃɪp/,n,n. 艰难
2250,judgment,/ˈdʒʌdʒmənt/,n,n. 判断
2251,rarely,/ˈreəli/,adv,adv. 很少
2252,volume,/ˈvɒljuːm/,n,n. 音量
2253,insurance,/ɪnˈʃʊərəns/,n,n. 保险
2254,interaction,/ˌɪntərˈækʃən/,n,n. 互动
2255,closely,/ˈkləʊsli/,adv,adv. 仔细地
2256,logically,/ˈlɒdʒɪkli/,adv,adv. 合乎逻辑地
2257,satisfaction,/ˌsætɪsˈfækʃən/,n,n. 满足
2258,document,/ˈdɒkjumənt/,n,n. 文件
2259,biology,/baɪˈɒlədʒi/,n,n. 生物学
2260,excitement,/ɪkˈsaɪtmənt/,n,n. 兴奋
2261,gain,/ɡeɪn/,v,v. 获得
2262,craft,/krɑːft/,n,n. 工艺
2263,terribly,/ˈterəbli/,adv,adv. 非常
2264,efficiency,/ɪˈfɪʃənsi/,n,n. 效率
2265,fuss,/fʌs/,v,v. 忙乱；大惊小怪
2266,equally,/ˈiːkwəli/,adv,adv. 同样地
2267,bond,/bɒnd/,n,n. 纽带
2268,emperor,/ˈempərə/,n,n. 皇帝
2269,tire,/ˈtaɪə/,v,v. 使疲惫
2270,bin,/bɪn/,n,n. 垃圾桶
2271,secure,/sɪˈkjʊə/,adj,adj. 安全的
2272,bullet,/ˈbʊlɪt/,n,n. 子弹
2273,passport,/ˈpɑːspɔːt/,n,n. 护照
2274,deed,/diːd/,n,n. 行为
2275,arrow,/ˈærəʊ/,n,n. 箭
2276,regulation,/ˌreɡjuˈleɪʃən/,n,n. 规定
2277,unbounded,/ʌnˈbaʊndɪd/,adj,adj. 无限制的
2278,sphere,/sfɪə/,n,n. 领域
2279,barely,/ˈbeəli/,adv,adv. 几乎不
2280,rate,/reɪt/,n,n. 比率
2281,require,/rɪˈkwaɪə/,v,v. 需要
2282,correction,/kəˈrekʃən/,n,n. 纠正
2283,interact,/ˌɪntərˈækt/,v,v. 互动
2284,financial,/faɪˈnænʃl/,adj,adj. 金融的
2285,highly,/ˈhaɪli/,adv,adv. 高度地
2286,calm,/kɑːm/,adj,adj. 平静的
2287,complicated,/ˈkɒmplɪkeɪtɪd/,adj,adj. 复杂的
2288,frustration,/frʌˈstreɪʃn/,n,n. 挫败感
2289,principle,/ˈprɪnsəpl/,n,n. 原则
2290,introduction,/ˌɪntrəˈdʌkʃn/,n,n. 介绍
2291,facility,/fəˈsɪləti/,n,n. 设施
2292,steel,/stiːl/,n,n. 钢
2293,hire,/haɪə(r)/,v,v. 雇佣
2294,absorb,/əbˈzɔːb/,v,v. 吸收
2295,session,/ˈseʃn/,n,n. 会议
2296,flavor,/ˈfleɪvə(r)/,n,n. 味道
2297,consumer,/kənˈsjuːmə(r)/,n,n. 消费者
2298,pillow,/ˈpɪləʊ/,n,n. 枕头
2299,rough,/rʌf/,adj,adj. 粗糙的
2300,participate,/pɑːˈtɪsɪpeɪt/,v,v. 参与
2301,nail,/neɪl/,v,v. 钉住/确定
2302,accidentally,/ˌæksɪˈdentəli/,adv,adv. 意外地
2303,shock,/ʃɒk/,n,n. 震惊
2304,formula,/ˈfɔːmjələ/,n,n. 公式
2305,heighten,/ˈhaɪtn/,v,v. 增强/加剧
2306,destruction,/dɪˈstrʌkʃn/,n,n. 破坏
2307,institute,/ˈɪnstɪtjuːt/,n,n. 机构
2308,funeral,/ˈfjuːnərəl/,n,n. 葬礼
2309,soul,/səʊl/,n,n. 灵魂
2310,proportion,/prəˈpɔːʃn/,n,n. 比例
2311,lift,/lɪft/,v,v. 举起
2312,abandon,/əˈbændən/,v,v. 放弃
2313,pole,/pəʊl/,n,n. 杆/柱子
2314,imitate,/ˈɪmɪteɪt/,v,v. 模仿，效仿
2315,enable,/ɪˈneɪbəl/,v,v. 使能够，赋能
2316,calculator,/ˈkælkjuleɪtə(r)/,n,n. 计算器
2317,slice,/slaɪs/,v,v. 切开
2318,irritate,/ˈɪrɪteɪt/,v,v. 使恼火
2319,dirt,/dɜːt/,n,n. 泥土
2320,entertain,/ˌentəˈteɪn/,v,v. 娱乐
2321,agricultural,/ˌæɡrɪˈkʌltʃərəl/,adj,adj. 农业的
2322,cultivate,/ˈkʌltɪveɪt/,v,v. 培养
2323,range,/reɪndʒ/,n,n. 范围
2324,bend,/bend/,v,v. 弯曲
2325,exact,/ɪɡˈzækt/,adj,adj. 精确的，确切的
2326,relative,/ˈrelətɪv/,adj,adj. 相对的
2327,laughter,/ˈlɑːftə(r)/,n,n. 笑声，大笑
2328,narrow,/ˈnærəʊ/,adj,adj. 狭窄的
2329,distinctly,/dɪˈstɪŋktli/,adv,adv. 清楚地，明显地
2330,promote,/prəˈməʊt/,v,v. 促进
2331,inevitable,/ɪnˈevɪtəbl/,adj,adj. 不可避免的
2332,double,/ˈdʌbl/,adj,adj. 双的
2333,announce,/əˈnaʊns/,v,v. 宣布
2334,victim,/ˈvɪktɪm/,n,n. 受害者
2335,mild,/maɪld/,adj,adj. 温和的
2336,grant,/ɡrɑːnt/,v,v. 授予
2337,tremble,/ˈtrembl/,v,v. 颤抖，战栗
2338,construction,/kənˈstrʌkʃən/,n,n. 构造
2339,plus,/plʌs/,"prep, n",prep. 加上；n. 优点
2340,attract,/əˈtrækt/,v,v. 吸引
2341,electricity,/ɪˌlekˈtrɪsəti/,n,n. 电，电力
2342,destructive,/dɪˈstrʌktɪv/,adj,adj. 破坏性的
2343,technological,/ˌteknəˈlɒdʒɪkl/,adj,adj. 技术的，科技上的
2344,anti,/ˈænti/,adj,adj. 反的
2345,tick,/tɪk/,v,v. 使...发抖
2346,dependent,/dɪˈpendənt/,adj,adj. 依赖的，依靠的
2347,tent,/tent/,n,n. 帐篷
2348,stressful,/ˈstresfl/,adj,adj. 有压力的
2349,tractor,/ˈtræktə(r)/,n,n. 拖拉机
2350,meaningful,/ˈmiːnɪŋfl/,adj,adj. 有意义的
2351,imaginary,/ɪˈmædʒɪnəri/,adj,adj. 想象中的，虚构的
2352,weapon,/ˈwepən/,n,n. 武器
2353,laboratory,/ləˈbɒrətri/,n,n. 实验室
2354,partial,/ˈpɑːʃl/,adj,adj. 部分的
2355,journalist,/ˈdʒɜːnəlɪst/,n,n. 记者
2356,port,/pɔːt/,n,n. 港口
2357,literature,/ˈlɪtrətʃə(r)/,n,n. 文学
2358,discretion,/dɪˈkreʃn/,n,n. 判断力
2359,precision,/prɪˈsɪʒn/,n,n. 精确度
2360,prominent,/ˈprɒmɪnənt/,adj,adj. 显赫的
2361,rapid,/ˈræpɪd/,adj,adj. 迅速的
2362,hut,/hʌt/,n,n. 小屋，茅屋
2363,exclusive,/ɪkˈskluːsɪv/,adj,adj. 排他的
2364,cage,/keɪdʒ/,n,n. 笼子
2365,beard,/bɪəd/,n,n. 胡子
2366,palm,/pɑːm/,n,n. 手掌
2367,charity,/ˈtʃærəti/,n,n. 慈善
2368,eventually,/ɪˈventʃuəli/,adv,adv. 最终
2369,loyalty,/ˈlɔɪəlti/,n,n. 忠诚
2370,diameter,/daɪˈæmɪtə(r)/,n,n. 直径
2371,administrator,/ədˈmɪnɪstreɪtə(r)/,n,n. 管理员
2372,endanger,/ɪnˈdeɪndʒə(r)/,v,v. 使濒危
2373,superiority,/suːˌpɪəriˈɒrəti/,n,n. 优越感
2374,honestly,/ˈɒnɪstli/,adv,adv. 诚实地
2375,reasonable,/ˈriːznəbl/,adj,adj. 合理的
2376,efficient,/ɪˈfɪʃnt/,adj,adj. 高效的
2377,steady,/ˈstedi/,adj,adj. 稳定的
2378,accomplish,/əˈkʌmplɪʃ/,v,v. 完成
2379,weird,/wɪəd/,adj,adj. 奇怪的，反常的
2380,fold,/fəʊld/,adv,adv. 成倍地
2381,visual,/ˈvɪʒuəl/,adj,adj. 视觉的
2382,height,/haɪt/,n,n. 高度
2383,dioxide,/daɪˈɒksaɪd/,n,n. 二氧碳
2384,angle,/ˈæŋɡl/,n,n. 角度
2385,scary,/ˈskeəri/,adj,adj. 可怕的，吓人的
2386,dozen,/ˈdʌzn/,n,n. 一打（十二个）
2387,punish,/ˈpʌnɪʃ/,v,v. 惩罚
2388,hatred,/ˈheɪtrəd/,n,n. 仇恨，憎恨
2389,associate,/əˈsəʊʃieɪt/,v,v. 交往
2390,assist,/əˈsɪst/,v,v. 协助，帮助
2391,demonstrate,/ˈdemənstreɪt/,v,v. 演示
2392,unbelievable,/ˌʌnbɪˈliːvəbl/,adj,adj. 难以置信的
2393,adapt,/əˈdæpt/,v,v. 适应，调整
2394,arrest,/əˈrest/,v,v. 逮捕
2395,russian,/ˈrʌʃn/,adj,adj. 俄罗斯的
2396,separation,/ˌsepəˈreɪʃn/,n,n. 分离，分开
2397,defense,/dɪˈfens/,n,n. 防卫，防御
2398,bleed,/bliːd/,v,v. 流血
2399,firm,/fɜːm/,adj,adj. 坚固的
2400,surround,/səˈraʊnd/,v,v. 环绕，包围
2401,screw,/skruː/,v,v. 自责
2402,accuse,/əˈkjuːz/,v,v. 指责，控告
2403,shame,/ʃeɪm/,n,n. 羞耻，丢脸
2404,supportive,/səˈpɔːtɪv/,adj,adj. 支持的，给予支持的
2405,gap,/ɡæp/,n,n. 间隙，缺口
2406,rely,/rɪˈlaɪ/,v,v. 依赖
2407,accessible,/əkˈsesəbəl/,adj,adj. 可访问的
2408,widespread,/ˈwaɪdspred/,adj,adj. 广泛的
2409,alternative,/ɔːlˈtɜːnətɪv/,n,n. 替代方案
2410,tax,/tæks/,n,n. 税
2411,slogan,/ˈsləʊɡən/,n,n. 口号
2412,occur,/əˈkɜː/,v,v. 发生
2413,ceremony,/ˈserəməni/,n,n. 仪式
2414,dive,/daɪv/,v,v. 潜水
2415,administration,/ədˌmɪnɪˈstreɪʃən/,n,n. 管理
2416,saint,/seɪnt/,n,n. 圣人
2417,constitution,/ˌkɒnstɪˈtjuːʃən/,n,n. 宪法
2418,invitation,/ˌɪnvɪˈteɪʃən/,n,n. 邀请
2419,original,/əˈrɪdʒɪnəl/,adj,adj. 原始的
2420,abnormal,/æbˈnɔːməl/,adj,adj. 异常的
2421,electrical,/ɪˈlektrɪkəl/,adj,adj. 电的
2422,melt,/melt/,v,v. 融化
2423,extend,/ɪkˈstend/,v,v. 延伸
2424,minor,/ˈmaɪnə/,adj,adj. 较小的
2425,contribute,/kənˈtrɪbjut/,v,v. 贡献
2426,countless,/ˈkaʊntləs/,adj,adj. 无数的
2427,environmental,/ɪnˌvaɪrənˈmentəl/,adj,adj. 环境的
2428,disappoint,/ˌdɪsəˈpɔɪnt/,v,v. 使失望
2429,though,/ðəʊ/,conj,conj. 尽管
2430,govern,/ˈɡʌvən/,v,v. 统治
2431,promotion,/prəˈməʊʃən/,n,n. 促销
2432,restrict,/rɪˈstrɪkt/,v,v. 限制
2433,infection,/ɪnˈfekʃən/,n,n. 感染
2434,construct,/kənˈstrʌkt/,v,v. 建造
2435,lovingly,/ˈlʌvɪŋli/,adv,adv. 爱地
2436,regret,/rɪˈɡret/,n,n. 遗憾
2437,hesitate,/ˈhezɪteɪt/,v,v. 犹豫
2438,superior,/suːˈpɪəriə/,adj,adj. 优越的
2439,desperate,/ˈdespərət/,adj,adj. 绝望的
2440,reliable,/rɪˈlaɪəbəl/,adj,adj. 可靠的
2441,magnificent,/məɡˈnɪfɪsənt/,adj,adj. 宏伟的
2442,firmly,/ˈfɜːmli/,adv,adv. 坚定地
2443,conquer,/ˈkɒŋkə/,v,v. 征服
2444,depress,/dɪˈpres/,v,v. 使沮丧
2445,terror,/ˈterə/,n,n. 恐怖
2446,register,/ˈredʒɪstə/,v,v. 注册
2447,severe,/sɪˈvɪə/,adj,adj. 严厉的
2448,agreement,/əˈɡriːmənt/,n,n. 协议
2449,dimensional,/daɪˈmenʃənl/,adj,adj. 多维的
2450,loop,/luːp/,n,n. 圈
2451,shave,/ʃeɪv/,v,v. 剃
2452,shelter,/ˈʃeltə/,n,n. 庇护所
2453,owe,/əʊ/,v,v. 欠
2454,improvement,/ɪmˈpruːvmənt/,n,n. 改进
2455,inclusion,/ɪnˈkluːʒn/,n,n. 包容
2456,tale,/teɪl/,n,n. 故事
2457,coal,/kəʊl/,n,n. 煤
2458,tension,/ˈtenʃn/,n,n. 紧张
2459,bet,/bet/,n,n. 赌注
2460,virus,/ˈvaɪrəs/,n,n. 病毒
2461,stare,/steə/,v,v. 盯着看
2462,parental,/pəˈrentl/,adj,adj. 父母的
2463,aggressive,/əˈɡresɪv/,adj,adj. 好斗的
2464,minimize,/ˈmɪnɪmaɪz/,v,v. 使最小化
2465,bored,/bɔːd/,adj,adj. 无聊的
2466,fragment,/ˈfræɡmənt/,n,n. 碎片
2467,disability,/ˌdɪsəˈbɪləti/,n,n. 残疾
2468,upset,/ʌpˈset/,v,v. 使生气
2469,sequence,/ˈsiːkwəns/,n,n. 序列
2470,poisonous,/ˈpɔɪzənəs/,adj,adj. 有毒的
2471,guilty,/ˈɡɪlti/,adj,adj. 有罪的
2472,nutrient,/ˈnjuːtriənt/,n,n. 营养素
2473,endure,/ɪnˈdjʊə/,v,v. 忍受
2474,ethical,/ˈeθɪkl/,adj,adj. 道德的
2475,mosquito,/məˈskiːtəʊ/,n,n. 蚊子
2476,pharmacy,/ˈfɑːməsi/,n,n. 药房
2477,lab,/læb/,n,n. 实验室（laboratory 的简称）
2478,honest,/ˈɒnɪst/,adj,adj. 诚实的
2479,lay,/leɪ/,v,v. 放置
2480,glorious,/ˈɡlɔːriəs/,adj,adj. 光辉的
2481,determination,/dɪˌtɜːmɪˈneɪʃən/,n,n. 决心
2482,drown,/draʊn/,v,v. 淹死
2483,mildly,/ˈmaɪldli/,adv,adv. 轻微地
2484,monthly,/ˈmʌnθli/,adj,adj. 每月的
2485,domain,/dəʊˈmeɪn/,n,n. 领域
2486,diversity,/daɪˈvɜːsɪti/,n,n. 多样性
2487,strengthen,/ˈstrɛŋθən/,v,v. 加强
2488,twin,/twɪn/,n,n. 双胞胎
2489,behalf,/bɪˈhɑːf/,prep,prep. 代表
2490,generous,/ˈdʒɛnərəs/,adj,adj. 慷慨的
2491,whenever,/wɛnˈɛvə/,adv,adv. 无论何时
2492,steadily,/ˈstɛdɪli/,adv,adv. 稳定地
2493,giant,/ˈdʒaɪənt/,n,n. 巨人
2494,myth,/mɪθ/,n,n. 神话
2495,compete,/kəmˈpiːt/,v,v. 竞争
2496,clip,/klɪp/,v,v. 剪
2497,delivery,/dɪˈlɪvəri/,n,n. 交付
2498,unwell,/ʌnˈwel/,adj,adj. 不舒服的
2499,pregnancy,/ˈpreɡnənsi/,n,n. 怀孕
2500,lifelong,/ˈlaɪflɒŋ/,adj,adj. 一生的
2501,relation,/rɪˈleɪʃn/,n,n. 关系
2502,admission,/ədˈmɪʃn/,n,n. 入学
2503,briefly,/ˈbriːfli/,adv,adv. 简要地
2504,habitat,/ˈhæbɪtæt/,n,n. 栖息地
2505,calorie,/ˈkæləri/,n,n. 卡路里
2506,motivate,/ˈməʊtɪveɪt/,v,v. 激励
2507,flatter,/ˈflætə(r)/,v,v. 使感到愉快
2508,breast,/brest/,n,n. 乳房
2509,signature,/ˈsɪɡnətʃə(r)/,n,n. 签名
2510,atomic,/əˈtɒmɪk/,adj,adj. 原子的
2511,format,/ˈfɔːmæt/,n,n. 格式
2512,historian,/hɪˈstɔːriən/,n,n. 历史学家
2513,gene,/dʒiːn/,n,n. 基因
2514,lottery,/ˈlɒtəri/,n,n. 彩票
2515,disbelief,/ˌdɪsbɪˈliːf/,n,n. 不信；怀疑
2516,accomplishment,/əˈkʌmplɪʃmənt/,n,n. 成就
2517,waterfall,/ˈwɔːtəfɔːl/,n,n. 瀑布
2518,lecture,/ˈlektʃə(r)/,n,n. 讲座
2519,dump,/dʌmp/,v,v. 倾倒
2520,cargo,/ˈkɑːɡəʊ/,n,n. 货物
2521,linga,/ˈlɪŋɡə/,n,n. 林伽（湿婆的象征）
2522,process,/ˈprəʊses/,n,n. 过程
2523,energy,/ˈenədʒi/,n,n. 能量
2524,soil,/sɔɪl/,n,n. 土壤
2525,creation,/kriˈeɪʃn/,n,n. 创造（物）
2526,fundamental,/ˌfʌndəˈmentl/,adj,adj. 基本的
2527,essentially,/ɪˈsenʃəli/,adv,adv. 基本上
2528,dimension,/daɪˈmenʃn/,n,n. 维度
2529,consciousness,/ˈkɒnʃəsnəs/,n,n. 意识
2530,individual,/ˌɪndɪˈvɪdʒuəl/,n,n. 个体
2531,hell,/hel/,n,n. 地狱
2532,identify,/aɪˈdentɪfaɪ/,v,v. 识别
2533,enhance,/ɪnˈhɑːns/,v,v. 增强
2534,sharp,/ʃɑːp/,adj,adj. 尖锐的
2535,mess,/mes/,n,n. 混乱
2536,damn,/dæm/,adj,adj. （口语）该死的
2537,data,/ˈdeɪtə/,n,n. 数据
2538,perspective,/pəˈspektɪv/,n,n. 视角
2539,ultimate,/ˈʌltɪmət/,adj,adj. 最终的
2540,intent,/ɪnˈtent/,n,n. 意图
2541,stress,/stres/,n,n. 压力
2542,perception,/pəˈsepʃn/,n,n. 感知
2543,lifetime,/ˈlaɪftaɪm/,n,n. 一生
2544,particular,/pəˈtɪkjələ(r)/,adj,adj. 特定的
2545,approach,/əˈprəʊtʃ/,v,v. 方法
2546,solar,/ˈsəʊlə(r)/,adj,adj. 太阳的
2547,treat,/triːt/,v,v. 对待
2548,struggle,/ˈstrʌɡl/,v,v. 挣扎
2549,involvement,/ɪnˈvɒlvmənt/,n,n. 参与
2550,worship,/ˈwɜːʃɪp/,v,v. 崇拜
2551,stick,/stɪk/,v,v. 坚持
2552,profound,/prəˈfaʊnd/,adj,adj. 深刻的
2553,evolution,/ˌiːvəˈluːʃn/,n,n. 进化
2554,balance,/ˈbæləns/,n,n. 平衡
2555,sensitive,/ˈsensətɪv/,adj,adj. 敏感的
2556,benefit,/ˈbenɪfɪt/,n,n. 利益
2557,idiot,/ˈɪdiət/,n,n. 傻子
2558,hang,/hæŋ/,v,v. 悬挂
2559,community,/kəˈmjuːnəti/,n,n. 社区
2560,capability,/ˌkeɪpəˈbɪləti/,n,n. 能力
2561,ignorance,/ˈɪɡnərəns/,n,n. 无知
2562,beat,/biːt/,v,v. 打败
2563,shift,/ʃɪft/,n,n. 转变
2564,throat,/θrəʊt/,n,n. 喉咙
2565,potential,/pəˈtenʃl/,n,n. 潜力
2566,percentage,/pəˈsentɪdʒ/,n,n. 百分比
2567,privilege,/ˈprɪvəlɪdʒ/,n,n. 特权
2568,master,/ˈmɑːstə(r)/,v,v. 掌握
2569,evolve,/ɪˈvɒlv/,v,v. 进化
2570,accumulate,/əˈkjuːmjəleɪt/,v,v. 积累
2571,minister,/ˈmɪnɪstə(r)/,n,n. 牧师
2572,content,/ˈkɒntent/,n,n. 内容
2573,risk,/rɪsk/,n,n. 风险
2574,compassion,/kəmˈpæʃn/,n,n. 同情
2575,volunteer,/ˌvɒlənˈtɪə(r)/,n,n. 志愿者
2576,literally,/ˈlɪtərəli/,adv,adv. 字面地
2577,perceive,/pəˈsiːv/,v,v. 感知
2578,poison,/ˈpɔɪzn/,n,n. 毒药
2579,project,/ˈprɒdʒekt/,n,n. 项目
2580,desire,/dɪˈzaɪə(r)/,n,n. 欲望
2581,faculty,/ˈfæklti/,n,n. 能力
2582,bow,/baʊ/,v,v. 鞠躬
2583,ego,/ˈiːɡəʊ/,n,n. 自我
2584,surrender,/səˈrendə(r)/,v,v. 投降
2585,amazing,/əˈmeɪzɪŋ/,adj,adj. 令人惊讶的
2586,acre,/ˈeɪkə(r)/,n,n. 英亩
2587,competence,/ˈkɒmpɪtəns/,n,n. 能力
2588,conduct,/kənˈdʌkt/,n,n. 行为
2589,access,/ˈækses/,n,n. 通路；使用权
2590,lap,/læp/,n,n. 大腿
2591,instinct,/ˈɪnstɪŋkt/,n,n. 本能
2592,devil,/ˈdevl/,n,n. 恶魔
2593,necessarily,/ˈnesəsərəli/,adv,adv. 必然地
2594,western,/ˈwestən/,adj,adj. 西方的
2595,relevant,/ˈreləvənt/,adj,adj. 相关的
2596,aspiration,/ˌæspəˈreɪʃn/,n,n. 抱负
2597,clarity,/ˈklærəti/,n,n. 清晰
2598,god,/ɡɒd/,n,n. 神
2599,peak,/piːk/,n,n. 顶点
2600,mass,/mæs/,n,n. 质量
2601,disciple,/dɪˈsaɪpl/,n,n. 弟子
2602,donkey,/ˈdɒŋki/,n,n. 驴
2603,bind,/baɪnd/,v,v. 束缚
2604,realization,/ˌrɪəlaɪˈzeɪʃn/,n,n. 实现
2605,bloody,/ˈblʌdi/,adj,adj. 该死的
2606,wipe,/waɪp/,v,v. 擦
2607,factor,/ˈfæktə(r)/,n,n. 因素
2608,strive,/straɪv/,v,v. 努力
2609,torture,/ˈtɔːtʃə(r)/,n,n. 折磨
2610,expectation,/ˌekspekˈteɪʃn/,n,n. 期望
2611,unconscious,/ʌnˈkɒnʃəs/,adj,adj. 无意识的
2612,madness,/ˈmædnəs/,n,n. 疯狂
2613,manifestation,/ˌmænɪfeˈsteɪʃn/,n,n. 表现
2614,worm,/wɜːm/,n,n. 蠕虫
2615,experiment,/ɪkˈsperɪmənt/,n,n. 实验
2616,investment,/ɪnˈvestmənt/,n,n. 投资
2617,comment,/ˈkɒment/,v,v. 评论
2618,manufacture,/ˌmænjuˈfæktʃə(r)/,v,v. 制造
2619,competent,/ˈkɒmpɪtənt/,adj,adj. 有能力的
2620,freak,/friːk/,n,n. 狂人
2621,accumulation,/əˌkjuːmjuˈleɪʃn/,n,n. 积累
2622,morality,/məˈræləti/,n,n. 道德
2623,ease,/iːz/,n,n. 轻松
2624,tattoo,/tæˈtuː/,n,n. 纹身
2625,object,/ˈɒbdʒɪkt/,n,n. 目标
2626,pluck,/plʌk/,v,v. 摘
2627,dynamic,/daɪˈnæmɪk/,adj,adj. 动态的
2628,mango,/ˈmæŋɡəʊ/,n,n. 芒果
2629,reasonably,/ˈriːznəbli/,adv,adv. 合理地
2630,intellectual,/ˌɪntəˈlektʃuəl/,adj,adj. 智力的
2631,pandemic,/pænˈdemɪk/,n,n. 疫情
2632,faith,/feɪθ/,n,n. 信仰
2633,blossom,/ˈblɒsəm/,v,v. 绽放
2634,rural,/ˈrʊərəl/,adj,adj. 农村的
2635,external,/ɪkˈstɜːnl/,adj,adj. 外部的
2636,initiate,/ɪˈnɪʃieɪt/,v,v. 开始
2637,substance,/ˈsʌbstəns/,n,n. 物质
2638,dip,/dɪp/,v,v. 浸
2639,soak,/səʊk/,v,v. 浸泡
2640,profoundness,/prəˈfaʊndnəs/,n,n. 深刻
2641,scared,/skeəd/,adj,adj. 害怕的
2642,campaign,/kæmˈpeɪn/,n,n. 运动
2643,infinite,/ˈɪnfɪnət/,adj,adj. 无限的
2644,genuinely,/ˈdʒenjuɪnli/,adv,adv. 真诚地
2645,gently,/ˈdʒentli/,adv,adv. 轻轻地
2646,insult,/ɪnˈsʌlt/,n,n. 侮辱
2647,input,/ˈɪnpʊt/,n,n. 输入
2648,infant,/ˈɪnfənt/,n,n. 婴儿
2649,tribe,/traɪb/,n,n. 部落
2650,profit,/ˈprɒfɪt/,n,n. 利润
2651,identification,/aɪˌdentɪfɪˈkeɪʃn/,n,n. 身份
2652,whiskey,/ˈwɪski/,n,n. 威士忌
2653,entrepreneur,/ˌɒntrəprəˈnɜː(r)/,n,n. 企业家
2654,sustain,/səˈsteɪn/,v,v. 维持
2655,utter,/ˈʌtə(r)/,adj,adj. 完全的
2656,aspire,/əˈspaɪə(r)/,v,v. 渴望
2657,decade,/ˈdekeɪd/,n,n. 十年
2658,collapse,/kəˈlæps/,v,v. 崩溃
2659,billion,/ˈbɪljən/,n,n. 十亿
2660,psychiatrist,/saɪˈkaɪətrɪst/,n,n. 精神科医生
2661,roar,/rɔː(r)/,v,v. 咆哮
2662,fulfill,/fʊlˈfɪl/,v,v. 满足
2663,subtle,/ˈsʌtl/,adj,adj. 微妙的
2664,core,/kɔː(r)/,n,n. 核心
2665,reaction,/riˈækʃn/,n,n. 反应
2666,reverse,/rɪˈvɜːs/,v,v. 反转
2667,crawl,/krɔːl/,v,v. 爬行
2668,ideology,/ˌaɪdiˈɒlədʒi/,n,n. 意识形态
2669,ash,/æʃ/,n,n. 灰
2670,carbon,/ˈkɑːbən/,n,n. 碳
2671,fragrance,/ˈfreɪɡrəns/,n,n. 芳香
2672,distortion,/dɪˈstɔːʃn/,n,n. 扭曲
2673,endlessly,/ˈendləsli/,adv,adv. 无尽地
2674,inevitably,/ɪnˈevɪtəbli/,adv,adv. 不可避免地
2675,pitch,/pɪtʃ/,n,n. 音调
2676,grand,/ɡrænd/,adj,adj. 宏伟的
2677,mature,/məˈtʃʊə(r)/,adj,adj. 成熟的
2678,mastery,/ˈmɑːstəri/,n,n. 掌握
2679,objective,/əbˈdʒektɪv/,adj,adj. 客观的
2680,altitude,/ˈæltɪtjuːd/,n,n. 海拔
2681,limb,/lɪm/,n,n. 肢体
2682,kidney,/ˈkɪdni/,n,n. 肾脏
2683,alert,/əˈlɜːt/,adj,adj. 警觉的
2684,standard,/ˈstændəd/,n,n. 标准
2685,spine,/spaɪn/,n,n. 脊柱
2686,universal,/ˌjuːnɪˈvɜːsl/,adj,adj. 普遍的
2687,elect,/ɪˈlekt/,v,v. 选举
2688,prime,/praɪm/,adj,adj. 主要的
2689,diarrhea,/ˌdaɪəˈrɪə/,n,n. 腹泻
2690,grain,/ɡreɪn/,n,n. 谷物
2691,crack,/kræk/,"v, n",v. 裂开；n. 裂缝
2692,sensible,/ˈsensəbl/,adj,adj. 明智的
2693,pursuit,/pəˈsjuːt/,n,n. 追求
2694,commercial,/kəˈmɜːʃl/,adj,adj. 商业的
2695,genius,/ˈdʒiːniəs/,n,n. 天才
2696,unaware,/ˌʌnəˈweə(r)/,adj,adj. 不知情的
2697,shed,/ʃed/,v,v. 流
2698,moral,/ˈmɒrəl/,adj,adj. 道德的
2699,fulfil,/fʊlˈfɪl/,v,v. 满足
2700,multiply,/ˈmʌltɪplaɪ/,v,v. 繁殖
2701,concrete,/ˈkɒŋkriːt/,adj,adj. 具体的
2702,phase,/feɪz/,n,n. 阶段
2703,institution,/ˌɪnstɪˈtjuːʃn/,n,n. 机构
2704,expansion,/ɪkˈspænʃn/,n,n. 扩展
2705,quote,/kwəʊt/,n,n. 引用
2706,compassionate,/kəmˈpæʃənət/,adj,adj. 同情心强的
2707,label,/ˈleɪbl/,n,n. 标签
2708,guarantee,/ˌɡærənˈtiː/,n,n. 保证
2709,tough,/tʌf/,adj,adj. 艰难的
2710,biological,/ˌbaɪəˈlɒdʒɪkl/,adj,adj. 生物学的
2711,doorway,/ˈdɔːweɪ/,n,n. 门口
2712,employee,/ɪmˈplɔɪiː/,n,n. 员工
2713,supernatural,/ˌsuːpəˈnætʃrəl/,adj,adj. 超自然的
2714,segment,/ˈseɡmənt/,n,n. 部分
2715,spin,/spɪn/,v,v. 旋转
2716,dumb,/dʌm/,adj,adj. 愚蠢的
2717,progress,/ˈprəʊɡres/,n,n. 进步
2718,threaten,/ˈθretn/,v,v. 威胁
2719,ritual,/ˈrɪtʃuəl/,n,n. 仪式
2720,sage,/seɪdʒ/,n,n. 智者
2721,abuse,/əˈbjuːz/,v,v. 虐待
2722,unwilling,/ʌnˈwɪlɪŋ/,adj,adj. 不愿意的
2723,random,/ˈrændəm/,adj,adj. 随机的
2724,urge,/ɜːdʒ/,n,n. 冲动
2725,priority,/praɪˈɒrəti/,n,n. 优先
2726,pave,/peɪv/,v,v. 铺路
2727,constant,/ˈkɒnstənt/,adj,adj. 恒定的
2728,psychologically,/ˌsaɪkəˈlɒdʒɪkli/,adv,adv. 在心理上
2729,genuine,/ˈdʒenjuɪn/,adj,adj. 真实的
2730,scratch,/skrætʃ/,v,v. 抓
2731,complexity,/kəmˈpleksəti/,n,n. 复杂性
2732,hugely,/ˈhjuːdʒli/,adv,adv. 非常
2733,willingly,/ˈwɪlɪŋli/,adv,adv. 自愿地，乐意地
2734,suck,/sʌk/,v,v. 吸取
2735,dissect,/dɪˈsekt/,v,v. 解剖
2736,territory,/ˈterətri/,n,n. 领土
2737,sigh,/saɪ/,v,v. 叹气
2738,ton,/tʌn/,n,n. 吨
2739,loneliness,/ˈləʊnlinəs/,n,n. 孤独，寂寞
2740,quantum,/ˈkwɒntəm/,n,n. 量子（的）
2741,fierce,/fɪəs/,adj,adj. 凶猛的，猛烈的
2742,embrace,/ɪmˈbreɪs/,v,v. 拥抱
2743,discipline,/ˈdɪsəplɪn/,n,n. 纪律
2744,regard,/rɪˈɡɑːd/,v,v. 看待
2745,encounter,/ɪnˈkaʊntə(r)/,v,v. 遇到，遭遇
2746,convert,/kənˈvɜːt/,v,v. 转化
2747,rider,/ˈraɪdə(r)/,n,n. 骑手
2748,contaminate,/kənˈtæmɪneɪt/,v,v. 污染，弄脏
2749,bold,/bəʊld/,adj,adj. 大胆的
2750,ecstatic,/ɪkˈstætɪk/,adj,adj. 狂喜的
2751,qualification,/ˌkwɒlɪfɪˈkeɪʃən/,n,n. 资格
2752,ultimately,/ˈʌltɪmətlɪ/,adv,adv. 最终
2753,anchor,/ˈæŋkə/,n,n. 锚
2754,misunderstand,/ˌmɪsʌndəˈstænd/,v,v. 误解
2755,conference,/ˈkɒnfərəns/,n,n. 会议
2756,criminal,/ˈkrɪmɪnəl/,n,n. 罪犯
2757,peacefully,/ˈpiːsfəlɪ/,adv,adv. 平静地
2758,mortal,/ˈmɔːtəl/,adj,adj. 凡人的
2759,export,/ɪkˈspɔːt/,v,v. 出口
2760,environment,/ɪnˈvaɪərənmənt/,n,n. 环境
2761,coconut,/ˈkəʊkənʌt/,n,n. 椰子
2762,swing,/swɪŋ/,v,v. 挥动
2763,realm,/rɛlm/,n,n. 领域
2764,nourishment,/ˈnʌrɪʃmənt/,n,n. 营养
2765,nut,/nʌt/,n,n. 坚果
2766,stability,/stəˈbɪlɪtɪ/,n,n. 稳定
2767,microbe,/ˈmaɪkrəʊb/,n,n. 微生物
2768,division,/dɪˈvɪʒən/,n,n. 分裂
2769,heap,/hiːp/,n,n. 堆
2770,user,/ˈjuːzə/,n,n. 用户
2771,chief,/tʃiːf/,n,n. 首领
2772,bare,/beə/,adj,adj. 光秃的
2773,certificate,/səˈtɪfɪkət/,n,n. 证书
2774,foundational,/faʊnˈdeɪʃənəl/,adj,adj. 基础的
2775,rape,/reɪp/,v,v. 强奸
2776,witness,/ˈwɪtnəs/,n,n. 目击者
2777,commerce,/ˈkɒmɜːs/,n,n. 商业
2778,spray,/spreɪ/,v,v. 喷洒
2779,penetrate,/ˈpenɪtreɪt/,v,v. 穿透
2780,glorify,/ˈɡlɔːrɪfaɪ/,v,v. 颂扬
2781,doom,/duːm/,n,n. 末日
2782,cast,/kɑːst/,v,v. 抛开
2783,exploit,/ɪkˈsplɔɪt/,v,v. 剥削
2784,accordingly,/əˈkɔːdɪŋli/,adv,adv. 相应地
2785,dominate,/ˈdɒmɪneɪt/,v,v. 支配
2786,multiple,/ˈmʌltɪpl/,adj,adj. 多样的
2787,urban,/ˈɜːbən/,adj,adj. 城市的
2788,reference,/ˈrefrəns/,n,n. 参考
2789,reward,/rɪˈwɔːd/,n,n. 奖励
2790,discriminate,/dɪˈskrɪmɪneɪt/,v,v. 歧视
2791,punch,/pʌntʃ/,v,v. 打
2792,manual,/ˈmænjuəl/,adj,adj. 手册的
2793,destiny,/ˈdestəni/,n,n. 命运
2794,slap,/slæp/,v,v. 打
2795,medication,/ˌmedɪˈkeɪʃən/,n,n. 药物
2796,backward,/ˈbækwəd/,adv,adv. 向后
2797,chase,/tʃeɪs/,v,v. 追赶
2798,analogy,/əˈnælədʒi/,n,n. 类比
2799,unfulfilled,/ˌʌnfʊlˈfɪld/,adj,adj. 未实现的
2800,spite,/spaɪt/,n,n. 怨恨
2801,lens,/lenz/,n,n. 镜头
2802,withdraw,/wɪðˈdrɔː/,v,v. 撤回
2803,evil,/ˈiːvl/,adj,adj. 邪恶的
2804,digest,/daɪˈdʒest/,v,v. 消化
2805,parallel,/ˈpærəlel/,adj,adj. 平行的
2806,significantly,/sɪɡˈnɪfɪkəntli/,adv,adv. 显著地
2807,crude,/kruːd/,adj,adj. 粗鲁的
2808,manufacturing,/ˌmænjuˈfæktʃərɪŋ/,n,n. 制造
2809,harsh,/hɑːʃ/,adj,adj. 严厉的
2810,openly,/ˈəʊpənli/,adv,adv. 公开地
2811,initial,/ɪˈnɪʃl/,adj,adj. 初始的
2812,maturity,/məˈtʃʊərəti/,n,n. 成熟
2813,defeat,/dɪˈfiːt/,n,n. 失败
2814,equal,/ˈiːkwəl/,adj,adj. 平等的
2815,relief,/rɪˈliːf/,n,n. 解脱
2816,deceive,/dɪˈsiːv/,v,v. 欺骗
2817,transition,/trænˈzɪʃən/,n,n. 过渡
2818,subtler,/ˈsʌtllə/,adj,adj. 微妙的
2819,addict,/ˈædɪkt/,n,n. 瘾君子
2820,dissection,/dɪˈsekʃən/,n,n. 解剖
2821,gear,/ɡɪə/,v,v. 使...适应
2822,chop,/tʃɒp/,v,v. 切
2823,flesh,/fleʃ/,n,n. 肉
2824,ceiling,/ˈsiːlɪŋ/,n,n. 天花板
2825,engagement,/ɪnˈɡeɪdʒmənt/,n,n. 参与
2826,distraction,/dɪˈstrækʃən/,n,n. 分心
2827,stitch,/stɪtʃ/,v,v. 缝
2828,fertilizer,/ˈfɜːtəlaɪzə/,n,n. 化肥
2829,hijack,/ˈhaɪdʒæk/,v,v. 劫持
2830,coherence,/kəʊˈhɪərəns/,n,n. 连贯
2831,substitute,/ˈsʌbstɪtjuːt/,n,n. 替代品
2832,articulate,/ɑːˈtɪkjuleɪt/,v,v. 清楚表达
2833,outcome,/ˈaʊtkʌm/,n,n. 结果
2834,span,/spæn/,n,n. 寿命
2835,version,/ˈvɜːʃən/,n,n. 版本
2836,estate,/ɪˈsteɪt/,n,n. 地产
2837,demolish,/dɪˈmɒlɪʃ/,v,v. 拆除
2838,interpret,/ɪnˈtɜːprɪt/,v,v. 解释
2839,nicely,/ˈnaɪsli/,adv,adv. 巧妙地
2840,burden,/ˈbɜːdn/,n,n. 负担
2841,somewhat,/ˈsʌmwɒt/,adv,adv. 有些
2842,clothing,/ˈkləʊðɪŋ/,n,n. 服装
2843,postpone,/pəˈspəʊn/,v,v. 推迟
2844,enterprise,/ˈentəpraɪz/,n,n. 企业
2845,estimate,/ˈestɪmeɪt/,v,v. 估计
2846,impose,/ɪmˈpəʊz/,v,v. 强加
2847,stock,/stɒk/,n,n. 股票
2848,legend,/ˈledʒənd/,n,n. 传说
2849,crystal,/ˈkrɪstl/,n,n. 水晶
2850,barrier,/ˈbæriə(r)/,n,n. 障碍
2851,microscopic,/ˌmaɪkrəˈskɒpɪk/,adj,adj. 显微的
2852,bark,/bɑːk/,n,n. 树皮
2853,fabric,/ˈfæbrɪk/,n,n. 织物
2854,intact,/ɪnˈtækt/,adj,adj. 完整的
2855,flexible,/ˈfleksəbl/,adj,adj. 灵活的
2856,unload,/ʌnˈləʊd/,v,v. 卸下
2857,sensory,/ˈsensəri/,adj,adj. 感官的，感觉的
2858,norm,/nɔːm/,n,n. 规范，标准
2859,vanish,/ˈvænɪʃ/,v,v. 消失，消散
2860,trek,/trek/,n,n. 徒步旅行
2861,keen,/kiːn/,adj,adj. 热情的
2862,excessive,/ɪkˈsesɪv/,adj,adj. 过度的，过分的
2863,ignorant,/ˈɪɡnərənt/,adj,adj. 无知的
2864,controversy,/ˈkɒntrəvɜːsi/,n,n. 争议
2865,grasp,/ɡrɑːsp/,v,v. 掌握
2866,childish,/ˈtʃaɪldɪʃ/,adj,adj. 幼稚的，孩子气的
2867,alter,/ˈɔːltə(r)/,v,v. 改变，改动
2868,dominant,/ˈdɒmɪnənt/,adj,adj. 主导的，占优势的
2869,particle,/ˈpɑːtɪkl/,n,n. 粒子，微粒
2870,sweep,/swiːp/,v,v. 扫
2871,technical,/ˈteknɪkl/,adj,adj. 技术的，技术性的
2872,overall,/ˌəʊvərˈɔːl/,adv,adv. 总体地
2873,transport,/trænˈspɔːt/,n,n. 运输
2874,stride,/straɪd/,v,v. 步伐
2875,rub,/rʌb/,n,n. 问题
2876,telescope,/ˈtelɪskəʊp/,n,n. 望远镜
2877,flip,/flɪp/,v,v. 翻转
2878,actual,/ˈæktʃuəl/,adj,adj. 实际的，真实的
2879,physician,/fɪˈzɪʃn/,n,n. 医生，医师
2880,stingy,/ˈstɪndʒi/,adj,adj. 吝啬的，小气的
2881,cure,/kjʊə(r)/,v,v. 治愈
2882,microphone,/ˈmaɪkrəfəʊn/,n,n. 麦克风
2883,petty,/ˈpeti/,adj,adj. 琐碎的
2884,conventional,/kənˈvenʃənl/,adj,adj. 传统的
2885,reminder,/rɪˈmaɪndə(r)/,n,n. 提醒
2886,sustainable,/səˈsteɪnəbl/,adj,adj. 可持续的
2887,multiplication,/ˌmʌltɪplɪˈkeɪʃn/,n,n. 乘法
2888,counter,/ˈkaʊntə(r)/,n,n. 吧台
2889,sack,/sæk/,n,n. 麻袋
2890,detach,/dɪˈtætʃ/,v,v. 分离
2891,rag,/ræɡ/,n,n. 破布
2892,recipe,/ˈresəpi/,n,n. 食谱
2893,copper,/ˈkɒpə(r)/,n,n. 铜
2894,inability,/ˌɪnəˈbɪləti/,n,n. 无能，无力
2895,friendly,/ˈfrendli/,adj,adj. 友好的
2896,invariably,/ɪnˈveəriəbli/,adv,adv. 总是，不变地
2897,dedication,/ˌdedɪˈkeɪʃn/,n,n. 献身
2898,resistance,/rɪˈzɪstəns/,n,n. 抵抗
2899,clap,/klæp/,v,v. 拍手，鼓掌
2900,unimaginable,/ˌʌnɪˈmædʒɪnəbl/,adj,adj. 难以想象的
2901,goat,/ɡəʊt/,n,n. 山羊
2902,dismiss,/dɪsˈmɪs/,v,v. 忽视
2903,idiotic,/ˌɪdiˈɒtɪk/,adj,adj. 愚蠢的，白痴般的
2904,wire,/ˈwaɪə(r)/,n,n. 电线，金属丝
2905,invisible,/ɪnˈvɪzəbl/,adj,adj. 看不见的，隐形的
2906,devote,/dɪˈvəʊt/,v,v. 奉献，致力于
2907,scar,/skɑː(r)/,v,v. 吓
2908,loosely,/ˈluːsli/,adv,adv. 松松地
2909,transmit,/trænzˈmɪt/,v,v. 传递
2910,lousy,/ˈlaʊzi/,adj,adj. 糟糕的，差劲的
2911,merge,/mɜːdʒ/,v,v. 融合，合并
2912,flash,/flæʃ/,v,v. 闪现
2913,nourish,/ˈnʌrɪʃ/,v,v. 滋养，养育
2914,blade,/bleɪd/,n,n. 刀片/叶片
2915,stab,/stæb/,v,v. 刺，捅
2916,burdensome,/ˈbɜːdnsəm/,adj,adj. 令人费力的
2917,mold,/məʊld/,v,v. 塑造
2918,wound,/wuːnd/,n,n. 伤口
2919,arrogant,/ˈærəɡənt/,adj,adj. 傲慢的，自大的
2920,imprison,/ɪmˈprɪzn/,v,v. 监禁，关押
2921,projection,/prəˈdʒekʃn/,n,n. 投射，投影
2922,pin,/pɪn/,v,v. 固定/锁定
2923,induce,/ɪnˈdjuːs/,v,v. 诱导
2924,desperately,/ˈdespərətli/,adv,adv. 绝望地
2925,bounce,/baʊns/,v,v. 弹起
2926,extract,/ɪkˈstrækt/,v,v. 提取
2927,odd,/ɒd/,adj,adj. 奇怪的
2928,subcontinent,/ˈsʌbkɒntɪnənt/,n,n. 次大陆（尤指印度次大陆）
2929,exclude,/ɪkˈskluːd/,v,v. 排除
2930,profoundly,/prəˈfaʊndli/,adv,adv. 深刻地
2931,inference,/ˈɪnfərəns/,n,n. 推论
2932,obligation,/ˌɒblɪˈɡeɪʃən/,n,n. 义务
2933,strand,/strænd/,n,n. 线/项链
2934,thread,/θred/,n,n. 线
2935,contentment,/kənˈtentmənt/,n,n. 满足
2936,butcher,/ˈbʊtʃə/,n,n. 屠夫
2937,icon,/ˈaɪkɒn/,n,n. 偶像
2938,micro,/ˈmaɪkrəʊ/,adj,adj. 微型的
2939,culturally,/ˈkʌltʃərəli/,adv,adv. 在文化上
2940,rigid,/ˈrɪdʒɪd/,adj,adj. 僵硬的
2941,decorate,/ˈdekəreɪt/,v,v. 装饰
2942,gossip,/ˈɡɒsɪp/,n,n. 八卦
2943,attainment,/əˈteɪnmənt/,n,n. 成就
2944,leap,/liːp/,v,v. 跳跃
2945,psychology,/saɪˈkɒlədʒi/,n,n. 心理学
2946,knowingly,/ˈnəʊɪŋli/,adv,adv. 明知地
2947,aim,/eɪm/,n,n. 目标
2948,client,/ˈklaɪənt/,n,n. 客户
2949,smash,/smæʃ/,v,v. 打碎
2950,immortal,/ɪˈmɔːtəl/,adj,adj. 不朽的
2951,sexual,/ˈsekʃuəl/,adj,adj. 性的
2952,slaughter,/ˈslɔːtə/,v,v. 屠杀
2953,advanced,/ədˈvɑːnst/,adj,adj. 先进的
2954,defy,/dɪˈfaɪ/,v,v. 违背
2955,assure,/əˈʃʊə/,v,v. 向…保证
2956,forcefully,/ˈfɔːsfəli/,adv,adv. 强制地
2957,specifically,/spəˈsɪfɪkli/,adv,adv. 具体地
2958,landslide,/ˈlændslaɪd/,n,n. 山崩
2959,grip,/ɡrɪp/,v,v. 掌握
2960,confine,/kənˈfaɪn/,v,v. 限制
2961,suspect,"/ˈsʌspekt/, /səˈspekt/",v,v. 怀疑
2962,buzz,/bʌz/,v,v. 嗡嗡作响
2963,co,/kəʊ/,prep,prep. 与...共存
2964,characteristic,/ˌkærəktəˈrɪstɪk/,n,n. 特征
2965,inanimate,/ɪnˈænɪmət/,adj,adj. 无生命的
2966,cripple,/ˈkrɪpəl/,v,v. 使残废
2967,simplicity,/sɪmˈplɪsəti/,n,n. 简单
2968,muscular,/ˈmʌskjələ/,adj,adj. 肌肉的
2969,theme,/θiːm/,n,n. 主题
2970,conversion,/kənˈvɜːʃn/,n,n. 转化
2971,trace,/treɪs/,n,n. 痕迹
2972,sharpen,/ˈʃɑːpən/,v,v. 磨练
2973,weave,/wiːv/,v,v. 编织
2974,circumstance,/ˈsɜːkəmstəns/,n,n. 情况
2975,mathematical,/ˌmæθəˈmætɪkl/,adj,adj. 数学的
2976,yield,/jiːld/,v,v. 结果
2977,consultant,/kənˈsʌltənt/,n,n. 顾问
2978,boost,/buːst/,v,v. 提升
2979,hardware,/ˈhɑːdweə/,n,n. 硬件
2980,dilemma,/dɪˈlemə/,n,n. 困境
2981,execute,/ˈeksɪkjuːt/,v,v. 执行
2982,messenger,/ˈmesɪndʒə/,n,n. 使者
2983,innovation,/ˌɪnəˈveɪʃn/,n,n. 创新
2984,tender,/ˈtendə/,adj,adj. 嫩的
2985,relaxation,/ˌriːlækˈseɪʃn/,n,n. 放松
2986,unleash,/ʌnˈliːʃ/,v,v. 释放
2987,exhibit,/ɪɡˈzɪbɪt/,v,v. 展示
2988,corruption,/kəˈrʌpʃn/,n,n. 腐败
2989,coward,/ˈkaʊəd/,n,n. 懦夫
2990,bolt,/bəʊlt/,n,n. 螺栓
2991,humiliate,/hjuːˈmɪlieɪt/,v,v. 侮辱
2992,scientifically,/ˌsaɪənˈtɪfɪkli/,adv,adv. 科学地
2993,conquest,/ˈkɒŋkwest/,n,n. 征服
2994,ecologically,/ˌiːkəˈlɒdʒɪkli/,adv,adv. 生态地
2995,navigate,/ˈnævɪɡeɪt/,v,v. 导航
2996,economically,/ˌiːkəˈnɒmɪkli/,adv,adv. 经济地
2997,ex,/eks/,prep,prep. 前
2998,compromise,/ˈkɒmprəmaɪz/,v,v. 妥协
2999,trunk,/trʌŋk/,n,n. 躯干
3000,unlimited,/ʌnˈlɪmɪtɪd/,adj,adj. 无限的
3001,explode,/ɪkˈspləʊd/,v,v. 爆炸
3002,unrealistic,/ˌʌnrɪəˈlɪstɪk/,adj,adj. 不现实的
3003,toll,/təʊl/,n,n. 代价
3004,instinctively,/ɪnˈstɪŋktɪvli/,adv,adv. 本能地
3005,prescribe,/prɪˈskraɪb/,v,v. 开药方
3006,neglect,/nɪˈɡlekt/,v,v. 忽视
3007,dramatically,/drəˈmætɪkli/,adv,adv. 戏剧性地
3008,desperation,/ˌdespəˈreɪʃn/,n,n. 绝望
3009,extension,/ɪkˈstenʃən/,n,n. 扩展
3010,stake,/steɪk/,n,n. 火刑架
3011,torment,/tɔːˈment/,v,v. & n. 折磨（名读 /ˈtɔːment/）
3012,potentially,/pəˈtenʃəli/,adv,adv. 潜在地
3013,philosophical,/ˌfɪləˈsɒfɪkəl/,adj,adj. 哲学的
3014,conception,/kənˈsepʃən/,n,n. 概念
3015,chip,/tʃɪp/,n,n. 芯片
3016,transmission,/trænzˈmɪʃən/,n,n. 传播
3017,intimate,/ˈɪntɪmət/,adj,adj. 亲密的
3018,fellow,/ˈfeləʊ/,n,n. 同事
3019,colleague,/ˈkɒliːɡ/,n,n. 同事
3020,revolution,/ˌrevəˈluːʃən/,n,n. 革命
3021,exaggerate,/ɪɡˈzædʒəreɪt/,v,v. 夸大
3022,thoroughly,/ˈθʌrəli/,adv,adv. 彻底地
3023,functional,/ˈfʌŋkʃənəl/,adj,adj. 功能性的
3024,sufficiently,/səˈfɪʃəntli/,adv,adv. 足够地
3025,astronomy,/əˈstrɒnəmi/,n,n. 天文学
3026,banish,/ˈbænɪʃ/,v,v. 驱逐
3027,technically,/ˈteknɪkli/,adv,adv. 从技术上讲
3028,corporate,/ˈkɔːpərət/,adj,adj. 公司的
3029,crucial,/ˈkruːʃəl/,adj,adj. 至关重要的
3030,luxury,/ˈlʌkʃəri/,n,n. 奢侈
3031,unwillingness,/ʌnˈwɪlɪŋnəs/,n,n. 不愿意
3032,separately,/ˈseprətli/,adv,adv. 分别地
3033,select,/sɪˈlekt/,v,v. 选择
3034,dose,/dəʊs/,n,n. 剂量
3035,comprehension,/ˌkɒmprɪˈhenʃn/,n,n. 理解（力）
3036,grief,/ɡriːf/,n,n. 悲伤
3037,sparrow,/ˈspærəʊ/,n,n. 麻雀
3038,incentive,/ɪnˈsentɪv/,n,n. 激励
3039,regulator,/ˈreɡjuleɪtə/,n,n. 调节器
3040,evaluation,/ɪˌvæljuˈeɪʃn/,n,n. 评估
3041,regeneration,/rɪˌdʒenəˈreɪʃn/,n,n. 再生
3042,distress,/dɪˈstres/,n,n. 压力
3043,utility,/juːˈtɪləti/,n,n. 效用
3044,initiative,/ɪˈnɪʃətɪv/,n,n. 倡议
3045,irresponsible,/ˌɪrɪˈspɒnsəbl/,adj,adj. 不负责任的
3046,sincerely,/sɪnˈsɪəli/,adv,adv. 真诚地
3047,musing,/ˈmjuːzɪŋ/,v,v. 沉思
3048,mortar,/ˈmɔːtə/,n,n. 研钵
3049,hook,/hʊk/,n,n. 钩子
3050,venture,/ˈventʃə/,n,n. 冒险
3051,procedure,/prəˈsiːdʒə/,n,n. 程序
3052,formation,/fɔːˈmeɪʃn/,n,n. 形成
3053,linger,/ˈlɪŋɡə/,v,v. 逗留
3054,appeal,/əˈpiːl/,v,v. 吸引
3055,relieve,/rɪˈliːv/,v,v. 减轻
3056,mill,/mɪl/,n,n. 磨坊
3057,torch,/tɔːtʃ/,n,n. 火炬
3058,nostril,/ˈnɒstrəl/,n,n. 鼻孔
3059,resident,/ˈrezɪdənt/,n,n. 居民
3060,imitation,/ˌɪmɪˈteɪʃn/,n,n. 仿制品
3061,clumsy,/ˈklʌmzi/,adj,adj. 笨拙的
3062,gross,/ɡrəʊs/,adj,adj. 粗俗的
3063,rip,/rɪp/,v,v. 成熟
3064,collaboration,/kəˌlæbəˈreɪʃn/,n,n. 合作
3065,spark,/spɑːk/,n,n. 火花
3066,restrain,/rɪˈstreɪn/,v,v. 抑制
3067,tribute,/ˈtrɪbjuːt/,n,n. 敬意
3068,decoration,/ˌdekəˈreɪʃn/,n,n. 装饰
3069,serial,/ˈsɪəriəl/,adj,adj. 连续的
3070,flaw,/flɔː/,n,n. 缺陷
3071,deer,/dɪə/,n,n. 鹿
3072,vibrate,/vaɪˈbreɪt/,v,v. 振动
3073,idle,/ˈaɪdl/,adj,adj. 空洞的
3074,mask,/mɑːsk/,n,n. 面具
3075,utterly,/ˈʌtəli/,adv,adv. 完全地
3076,cough,/kɒf/,v,v. 咳嗽
3077,patch,/pætʃ/,v,v. 修补
3078,instill,/ɪnˈstɪl/,v,v. 灌输
3079,alliance,/əˈlaɪəns/,n,n. 联盟
3080,overlap,/ˌəʊvəˈlæp/,v,v. 重叠
3081,addiction,/əˈdɪkʃn/,n,n. 成瘾
3082,amazed,/əˈmeɪzd/,adj,adj. 感到惊讶的
3083,revive,/rɪˈvaɪv/,v,v. 使复苏
3084,vital,/ˈvaɪtl/,adj,adj. 至关重要的
3085,cooperation,/kəʊˌɒpəˈreɪʃn/,n,n. 合作
3086,microscope,/ˈmaɪkrəskəʊp/,n,n. 显微镜
3087,awe,/ɔː/,n,n. 敬畏
3088,carve,/kɑːv/,v,v. 雕刻
3089,multi,/ˈmʌlti/,adj,adj. 多样的
3090,furious,/ˈfjʊəriəs/,adj,adj. 愤怒的
3091,observer,/əbˈzɜːvə(r)/,n,n. 观察者
3092,distract,/dɪˈstrækt/,v,v. 分散
3093,traverse,/trəˈvɜːs/,v,v. 穿越
3094,ethic,/ˈeθɪk/,n,n. 伦理
3095,humble,/ˈhʌmbl/,adj,adj. 谦卑的
3096,misfortune,/ˌmɪsˈfɔːtʃuːn/,n,n. 不幸
3097,tail,/teɪl/,n,n. 尾巴
3098,gang,/ɡæŋ/,n,n. 团伙
3099,mandatory,/ˈmændətəri/,adj,adj. 强制的
3100,regardless,/rɪˈɡɑːdləs/,adv,adv. 不管
3101,agony,/ˈæɡəni/,n,n. 极度痛苦
3102,expedition,/ˌekspəˈdɪʃn/,n,n. 探险
3103,minimal,/ˈmɪnɪməl/,adj,adj. 最少的
3104,politically,/pəˈlɪtɪkli/,adv,adv. 政治上
3105,manipulate,/məˈnɪpjuleɪt/,v,v. 操纵
3106,comfortably,/ˈkʌmftəbli/,adv,adv. 舒适地
3107,spare,/speə(r)/,v,v. 宽恕
3108,rally,/ˈræli/,v,v. 集合
3109,participation,/pɑːˌtɪsɪˈpeɪʃn/,n,n. 参与
3110,timing,/ˈtaɪmɪŋ/,n,n. 时机
3111,flexibility,/ˌfleksəˈbɪləti/,n,n. 灵活性
3112,rigidity,/rɪˈdʒɪdəti/,n,n. 僵硬；死板
3113,blast,/blɑːst/,n,n. 爆炸
3114,motion,/ˈməʊʃən/,n,n. 运动，移动
3115,millet,/ˈmɪlɪt/,n,n. 小米，粟
3116,gaze,/ɡeɪz/,n,n. 凝视
3117,supplement,/ˈsʌplɪmənt/,v,v. 补充
3118,machinery,/məˈʃiːnəri/,n,n. 机器
3119,unlock,/ʌnˈlɒk/,v,v. 解锁，开启
3120,vulnerable,/ˈvʌlnərəbəl/,adj,adj. 脆弱的，易受伤害的
3121,overly,/ˈəʊvəli/,adv,adv. 过度地，过于
3122,heartbreaking,/ˈhɑːtbreɪkɪŋ/,adj,adj. 令人心碎的
3123,backwards,/ˈbækwədz/,adv,adv. 向后，倒退地
3124,rear,/rɪə(r)/,n,n. 后视镜
3125,plug,/plʌɡ/,n,n. 插头（pull the plug 切断电源/终止）
3126,protest,/prəˈtest/,v,v. 抗议，反对
3127,evaluate,/ɪˈvæljueɪt/,v,v. 评估，评价
3128,crew,/kruː/,n,n. 剧组
3129,interpretation,/ɪnˌtɜːprɪˈteɪʃən/,n,n. 解读，解释
3130,deceptive,/dɪˈseptɪv/,adj,adj. 欺骗性的，迷惑的
3131,objectivity,/ˌɒbdʒekˈtɪvəti/,n,n. 客观，客观性
3132,morally,/ˈmɒrəli/,adv,adv. 从道德上
3133,warehouse,/ˈweəhaʊs/,n,n. 仓库，货栈
3134,employ,/ɪmˈplɔɪ/,v,v. 雇佣
3135,exhaust,/ɪɡˈzɔːst/,v,v. 使筋疲力尽，耗尽
3136,immerse,/ɪˈmɜːs/,v,v. 使沉浸，浸入
3137,spa,/spɑː/,n,n. 水疗中心，温泉疗养地
3138,ache,/eɪk/,v,v. 疼痛，酸痛（n. 疼痛）
3139,indicator,/ˈɪndɪkeɪtə(r)/,n,n. 指示器，指标
3140,corporation,/ˌkɔːpəˈreɪʃən/,n,n. 公司，企业（法人）
3141,pose,/pəʊz/,"n, v",n. 姿势；v. 摆姿势
3142,lean,/liːn/,v,v. 依靠
3143,whistle,/ˈwɪsəl/,n,n. 哨子，汽笛
3144,hammer,/ˈhæmə(r)/,n,n. 锤子
3145,actively,/ˈæktɪvli/,adv,adv. 积极地，主动地
3146,nationhood,/ˈneɪʃənhʊd/,n,n. 国家意识
3147,battlefield,/ˈbætlfiːld/,n,n. 战场
3148,sincere,/sɪnˈsɪə(r)/,adj,adj. 真诚的
3149,cooperate,/kəʊˈɒpəreɪt/,v,v. 合作，配合
3150,lifeless,/ˈlaɪfləs/,adj,adj. 无生命的，了无生气的
3151,offend,/əˈfend/,v,v. 冒犯，得罪
3152,attribute,/əˈtrɪbjuːt/,v,v. 把…归因于
3153,underestimate,/ˌʌndərˈestɪmeɪt/,v,v. 低估
3154,attentive,/əˈtentɪv/,adj,adj. 专注的
3155,beneficial,/ˌbenɪˈfɪʃl/,adj,adj. 有益的
3156,scenario,/səˈnɑːriəʊ/,n,n. 场景
3157,prick,/prɪk/,v,v. 刺，扎
3158,virtue,/ˈvɜːtʃuː/,n,n. 美德，优点
3159,contradiction,/ˌkɒntrəˈdɪkʃən/,n,n. 矛盾
3160,decline,/dɪˈklaɪn/,v,v. 衰退
3161,resolution,/ˌrezəˈluːʃən/,n,n. 决心，决议
3162,therapy,/ˈθerəpi/,n,n. 治疗，疗法
3163,computing,/kəmˈpjuːtɪŋ/,n,n. 计算，计算机
3164,weaken,/ˈwiːkən/,v,v. 削弱
3165,regenerate,/rɪˈdʒenəreɪt/,v,v. 再生，使重生
3166,unfamiliar,/ˌʌnfəˈmɪliə(r)/,adj,adj. 不熟悉的
3167,lease,/liːs/,n,n. 租期
3168,profitable,/ˈprɒfɪtəbl/,adj,adj. 有利可图的
3169,invoke,/ɪnˈvəʊk/,v,v. 唤起
3170,inert,/ɪˈnɜːt/,adj,adj. 惰性的
3171,assembly,/əˈsembli/,n,n. 集会
3172,criticism,/ˈkrɪtɪsɪzəm/,n,n. 批评
3173,villager,/ˈvɪlɪdʒə(r)/,n,n. 村民
3174,typhoid,/ˈtaɪfɔɪd/,n,n. 伤寒
3175,vendor,/ˈvendə(r)/,n,n. 小贩
3176,glow,/ɡləʊ/,v,v. 发光
3177,digestion,/daɪˈdʒestʃən/,n,n. 消化
3178,nationalistic,/ˌnæʃnəˈlɪstɪk/,adj,adj. 民族主义的
3179,manipulation,/məˌnɪpjuˈleɪʃn/,n,n. 操纵
3180,irritation,/ˌɪrɪˈteɪʃn/,n,n. 刺激
3181,immoral,/ɪˈmɒrəl/,adj,adj. 不道德的
3182,coordinated,/kəʊˈɔːdɪneɪtɪd/,adj,adj. 协调的
3183,nuisance,/ˈnjuːsns/,n,n. 讨厌的事物
3184,mixture,/ˈmɪkstʃə(r)/,n,n. 混合
3185,rever,/ˈrevə(r)/,v,v. 尊敬
3186,consult,/kənˈsʌlt/,v,v. 咨询
3187,regulate,/ˈreɡjuleɪt/,v,v. 调节
3188,roam,/rəʊm/,v,v. 漫游
3189,intoxicant,/ɪnˈtɒksɪkənt/,n,n. 致幻剂
3190,shatter,/ˈʃætər/,v,v. 粉碎
3191,drain,/dreɪn/,v,v. 排干
3192,contradict,/ˌkɒntrəˈdɪkt/,v,v. 反驳
3193,therapist,/ˈθerəpɪst/,n,n. 治疗师
3194,highlight,/ˈhaɪlaɪt/,v,v. 强调
3195,equip,/ɪˈkwɪp/,v,v. 装备
3196,quest,/kwest/,n,n. 追求
3197,disregard,/ˌdɪsrɪˈɡɑːd/,v,v. 忽视
3198,anatomy,/əˈnætəmi/,n,n. 解剖学
3199,progression,/prəˈɡreʃn/,n,n. 进展
3200,backyard,/ˌbækˈjɑːd/,n,n. 后院
3201,consistent,/kənˈsɪstənt/,adj,adj. 一致的
3202,mama,/ˈmʌmə/,n,n. （口语）妈妈
3203,scheme,/skiːm/,v,v. 策划
3204,equation,/ɪˈkweɪʒn/,n,n. 方程
3205,magnify,/ˈmæɡnɪfaɪ/,v,v. 放大
3206,revere,/rɪˈvɪə/,v,v. 尊敬
3207,powerfully,/ˈpaʊəfəli/,adv,adv. 强烈地
3208,sentimental,/ˌsentɪˈmentl/,adj,adj. 感性的
3209,assumption,/əˈsʌmpʃn/,n,n. 假设
3210,scarce,/skeəs/,adj,adj. 稀少的
3211,diplomatic,/ˌdɪpləˈmætɪk/,adj,adj. 外交的
3212,burial,/ˈberiəl/,n,n. 埋葬
3213,confession,/kənˈfeʃn/,n,n. 忏悔
3214,gasp,/ɡɑːsp/,v,v. 喘气
3215,skip,/skɪp/,v,v. 跳过
3216,pee,/piː/,v,v. 小便
3217,implement,/ˈɪmplɪment/,v,v. 实施
3218,endeavor,/ɪnˈdevə/,n,n. 努力
3219,restriction,/rɪˈstrɪkʃən/,n,n. 限制
3220,jog,/dʒɒɡ/,v,v. 慢跑
3221,massage,/ˈmasɑːʒ/,v,v. 按摩
3222,thoughtful,/ˈθɔːtfʊl/,adj,adj. 体贴的
3223,goodwill,/ˌɡʊdˈwɪl/,n,n. 善意
3224,instinctive,/ɪnˈstɪŋktɪv/,adj,adj. 本能的
3225,explosive,/ɪkˈspləʊsɪv/,adj,adj. 爆炸性的
3226,brag,/bræɡ/,v,v. 吹嘘
3227,starve,/stɑːv/,v,v. 饿死
3228,globally,/ˈɡləʊbəli/,adv,adv. 全球地
3229,ethnic,/ˈeθnɪk/,adj,adj. 种族的
3230,unpopular,/ʌnˈpɒpjʊlə/,adj,adj. 不受欢迎的
3231,inquire,/ɪnˈkwaɪə/,v,v. 询问
3232,propound,/prəˈpaʊnd/,v,v. 提出（理论 / 观点）
3233,automobile,/ˈɔːtəməbiːl/,n,n. 汽车
3234,inadequate,/ɪnˈadɪkwət/,adj,adj. 不足的
3235,seller,/ˈsɛlə/,n,n. 卖家
3236,negatively,/ˈnɛɡətɪvli/,adv,adv. 消极地
3237,neither,/ˈnaɪðə/,pron,pron. 两者都不
3238,plead,/pliːd/,v,v. 恳求
3239,route,/ruːt/,n,n. 路线
3240,tenderness,/ˈtɛndənəs/,n,n. 温柔
3241,daytime,/ˈdeɪtaɪm/,n,n. 白天
3242,facilitate,/fəˈsɪlɪteɪt/,v,v. 促进
3243,sincerity,/sɪnˈsɛrɪti/,n,n. 真诚
3244,quarrel,/ˈkwɒrəl/,v,v. 争吵
3245,booth,/buːð/,n,n. 电话亭
3246,breed,/briːd/,v,v. 繁殖
3247,penetration,/ˌpɛnɪˈtreɪʃən/,n,n. 穿透
3248,integrate,/ˈɪntɪɡreɪt/,v,v. 整合
3249,shrink,/ʃrɪŋk/,v,v. 缩小
3250,dawn,/dɔːn/,n,n. 黎明
3251,sharpness,/ˈʃɑːpnəs/,n,n. 敏锐
3252,endurance,/ɪnˈdjʊərəns/,n,n. 耐力
3253,efficiently,/ɪˈfɪʃəntli/,adv,adv. 高效地
3254,accommodate,/əˈkɒmədeɪt/,v,v. 容纳
3255,rev,/rɛv/,n,n. 转速
3256,welfare,/ˈwɛlfɛə/,n,n. 福利
3257,import,/ɪmˈpɔːt/,n,n. 重要性
3258,contradictory,/ˌkɒntrəˈdɪktəri/,adj,adj. 矛盾的
3259,upright,/ˈʌpraɪt/,adj,adj. 直立的
3260,operator,/ˈɒpəreɪtə/,n,n. 操作员
3261,chew,/tʃuː/,v,v. 咀嚼
3262,upgrade,/ˈʌpɡreɪd/,v,v. 升级
3263,commission,/kəˈmɪʃən/,n,n. 佣金
3264,optimistic,/ˌɒptɪˈmɪstɪk/,adj,adj. 乐观的
3265,tricky,/ˈtrɪki/,adj,adj. 棘手的
3266,tailor,/ˈteɪlə/,v,v. 量身定制
3267,receptor,/rɪˈsɛptə/,n,n. 受体
3268,compute,/kəmˈpjuːt/,v,v. 计算
3269,certification,/ˌsɜːtɪfɪˈkeɪʃn/,n,n. 认证
3270,donation,/dəʊˈneɪʃn/,n,n. 捐赠
3271,navigation,/ˌnævɪˈɡeɪʃn/,n,n. 导航
3272,sub,/sʌb/,prep,prep. 次
3273,unbearable,/ʌnˈbeərəbl/,adj,adj. 难以忍受的
3274,inseparable,/ɪnˈsepərəbl/,adj,adj. 不可分割的
3275,fearsome,/ˈfɪəsəm/,adj,adj. 可怕的
3276,missile,/ˈmɪsaɪl/,n,n. 导弹
3277,thirst,/θɜːst/,n,n. 口渴
3278,bitterly,/ˈbɪtəli/,adv,adv. 悲痛地
3279,aircraft,/ˈeəkrɑːft/,n,n. 飞机
3280,frontier,/frʌnˈtɪə(r)/,n,n. 国境
3281,patriot,/ˈpætriət/,n,n. 爱国者
3282,compulsory,/kəmˈpʌlsəri/,adj,adj. 强制的
3283,peel,/piːl/,v,v. 剥（皮）
3284,trample,/ˈtræmpl/,v,v. 践踏
3285,enquire,/ɪnˈkwaɪə(r)/,v,v. 询问
3286,mansion,/ˈmænʃn/,n,n. 大宅
3287,bully,/ˈbʊli/,v,v. 欺凌
3288,attendance,/əˈtendəns/,n,n. 出席
3289,tease,/tiːz/,v,v. 取笑
3290,barren,/ˈbærən/,adj,adj. 贫瘠的
3291,malaria,/məˈleəriə/,n,n. 疟疾
3292,pebble,/ˈpebəl/,n,n. 鹅卵石
3293,assurance,/əˈʃʊərəns/,n,n. 保证
3294,verbally,/ˈvɜːbəli/,adv,adv. 口头地
3295,archer,/ˈɑːtʃə(r)/,n,n. 弓箭手
3296,standpoint,/ˈstændpɔɪnt/,n,n. 立场
3297,broadcast,/ˈbrɔːdkɑːst/,v,v. 广播
3298,denim,/ˈdenɪm/,n,n. 牛仔布
3299,obsess,/əbˈses/,v,v. 痴迷
3300,aggressively,/əˈɡresɪvli/,adv,adv. 激烈地
3301,blossoming,/ˈblɒsəmɪŋ/,v,v. 绽放
3302,unstoppable,/ʌnˈstɒpəbəl/,adj,adj. 无法阻挡的
3303,transparent,/trænsˈpærənt/,adj,adj. 透明的
3304,divorce,/dɪˈvɔːs/,n,n. 离婚
3305,popularity,/ˌpɒpjuˈlærəti/,n,n. 流行
3306,scent,/sent/,n,n. 气味
3307,misconception,/ˌmɪskənˈsepʃən/,n,n. 误解
3308,animate,/ˈænɪmət/,v,v. 使有生命
3309,individually,/ˌɪndɪˈvɪdʒuəli/,adv,adv. 单独地
3310,laborer,/ˈleɪbərə(r)/,n,n. 工人
3311,seal,/siːl/,n,n. 封印
3312,suspicious,/səˈspɪʃəs/,adj,adj. 怀疑的
3313,blissful,/ˈblɪsfl/,adj,adj. 幸福的
3314,accord,/əˈkɔːd/,v,v. 顺其自然
3315,fundamentally,/ˌfʌndəˈmentəli/,adv,adv. 本质上
3316,evolutionary,/ˌiːvəˈluːʃənri/,adj,adj. 进化的
3317,cosmic,/ˈkɒzmɪk/,adj,adj. 宇宙的
3318,geometry,/dʒiˈɒmətri/,n,n. 几何
3319,app,/æp/,n,n. 应用程序（application 简称）
3320,friction,/ˈfrɪkʃn/,n,n. 摩擦
3321,gravity,/ˈɡrævəti/,n,n. 重力
3322,initiation,/ɪˌnɪʃiˈeɪʃn/,n,n. 入门
3323,feminine,/ˈfemənɪn/,adj,adj. 女性的
3324,physiological,/ˌfɪziəˈlɒdʒɪkl/,adj,adj. 生理的
3325,inclusive,/ɪnˈkluːsɪv/,adj,adj. 包容的
3326,hormone,/ˈhɔːməʊn/,n,n. 荷尔蒙
3327,immense,/ɪˈmens/,adj,adj. 巨大的
3328,sens,/sens/,v,v. 感觉到
3329,distort,/dɪˈstɔːt/,v,v. 扭曲
3330,convergence,/kənˈvɜːdʒəns/,n,n. 汇聚
3331,blissfulness,/ˈblɪsfnəs/,n,n. 幸福
3332,intellectually,/ˌɪntəˈlektʃuəli/,adv,adv. 智力地
3333,km,/ˌkeɪ ˈem/,n,n. 公里
3334,urgency,/ˈɜːdʒənsi/,n,n. 紧迫
3335,enhancement,/ɪnˈhɑːnsmənt/,n,n. 增强
3336,spacecraft,/ˈspeɪskrɑːft/,n,n. 太空船
3337,cerebral,/ˈsɛrɪbrəl/,adj,adj. 脑部的
3338,elaborate,/ɪˈlæbəreɪt/,v,v. 详细说明
3339,partition,/pɑːˈtɪʃən/,v,v. 划分
3340,marketplace,/ˈmɑːkɪtpleɪs/,n,n. 市场
3341,healthcare,/ˈhelθkeə/,n,n. 医疗保健
3342,relevance,/ˈreləvəns/,n,n. 相关
3343,cyclical,/ˈsɪklɪkl/,adj,adj. 循环的
3344,intensely,/ɪnˈtensli/,adv,adv. 强烈地
3345,dissolution,/ˌdɪsəˈluːʃən/,n,n. 解体
3346,pillar,/ˈpɪlə/,n,n. 支柱
3347,bundle,/ˈbʌndl/,n,n. 捆
3348,meaningless,/ˈmiːnɪŋləs/,adj,adj. 无意义的
3349,infinity,/ɪnˈfɪnəti/,n,n. 无限
3350,intuition,/ˌɪntjuˈɪʃən/,n,n. 直觉
3351,perpetual,/pəˈpetʃuəl/,adj,adj. 永恒的
3352,induction,/ɪnˈdʌkʃən/,n,n. 归纳
3353,famine,/ˈfæmɪn/,n,n. 饥荒
3354,aesthetic,/iːsˈθetɪk/,adj,adj. 美学的，审美的
3355,vacuum,/ˈvækjuːm/,n,n. 真空
3356,ceo,/ˌsiː iː ˈəʊ/,n,n. 首席执行官（CEO）
3357,unveil,/ʌnˈveɪl/,v,v. 揭开
3358,sacrifice,/ˈsækrɪfaɪs/,n,n. 牺牲
3359,fragile,/ˈfrædʒaɪl/,adj,adj. 脆弱的，易碎的
3360,tribal,/ˈtraɪbl/,adj,adj. 部落的，部族的
3361,psychiatric,/ˌsaɪkiˈætrɪk/,adj,adj. 精神病的
3362,alignment,/əˈlaɪnmənt/,n,n. 对齐
3363,intrinsic,/ɪnˈtrɪnzɪk/,adj,adj. 内在的
3364,stat,/stæt/,n,n. 统计数字（statistics 的口语缩写）
3365,lore,/lɔː/,n,n. 传说
3366,ion,/ˈaɪən/,n,n. 离子
3367,dome,/dəʊm/,n,n. 穹顶
3368,immune,/ɪˈmjuːn/,adj,adj. 免疫的
3369,sin,/sɪn/,n,n. 罪
3370,crane,/kreɪn/,n,n. 起重机
3371,utmost,/ˈʌtməʊst/,adj,adj. 最极端的
3372,commodity,/kəˈmɒdəti/,n,n. 商品
3373,recede,/rɪˈsiːd/,v,v. 后退
3374,leverage,/ˈliːvərɪdʒ/,n,n. 杠杆
3375,setup,/ˈsetʌp/,n,n. 设置
3376,exposition,/ˌekspəˈzɪʃn/,n,n. 展览会
3377,lineage,/ˈlɪniɪdʒ/,n,n. 血统
3378,pierce,/pɪəs/,v,v. 刺穿
3379,combat,/ˈkɒmbæt/,n,n. 战斗
3380,textile,/ˈtekstaɪl/,n,n. 纺织品
3381,buddhist,/ˈbʊdɪst/,adj,adj. 佛教的
3382,render,/ˈrendə/,v,v. 提供
3383,visionary,/ˈvɪʒənri/,adj,adj. 有远见的（人）
3384,physiology,/ˌfɪziˈɒlədʒi/,n,n. 生理学
3385,parameter,/pəˈræmɪtə(r)/,n,n. 参数
3386,fury,/ˈfjʊəri/,n,n. 愤怒
3387,tangible,/ˈtændʒəbəl/,adj,adj. 可触摸的，切实的
3388,inclination,/ˌɪnklɪˈneɪʃən/,n,n. 意愿，倾向
3389,cement,/sɪˈment/,v,v. 黏合，巩固（n. 水泥）
3390,irrelevant,/ɪˈreləvənt/,adj,adj. 不相干的，无关紧要的
3391,contemplation,/ˌkɒntəmˈpleɪʃən/,n,n. 沉思，冥想
3392,zero,/ˈzɪərəʊ/,n,n. 零
3393,potassium,/pəˈtæsiəm/,n,n. 钾（化学元素）
3394,democratically,/ˌdeməˈkrætɪkli/,adv,adv. 民主地
3395,blissfully,/ˈblɪsfəlli/,adv,adv. 幸福地，极乐地
3396,discourse,/ˈdɪskɔːs/,n,n. 讨论
3397,refine,/rɪˈfaɪn/,adj,adj. 精致的
3398,aggression,/əˈɡreʃən/,n,n. 攻击性，侵略
3399,cardiac,/ˈkɑːdiæk/,adj,adj. 心脏的
3400,pesticide,/ˈpestɪsaɪd/,n,n. 杀虫剂
3401,sociological,/ˌsəʊsiəˈlɒdʒɪkl/,adj,adj. 社会学的
3402,historically,/hɪˈstɒrɪkli/,adv,adv. 在历史上
3403,commercially,/kəˈmɜːʃəli/,adv,adv. 在商业上
3404,dominance,/ˈdɒmɪnəns/,n,n. 支配
3405,gauge,/ɡeɪdʒ/,v,v. 估计
3406,articulation,/ɑːˌtɪkjuˈleɪʃən/,n,n. 关节
3407,hub,/hʌb/,n,n. 枢纽
3408,node,/nəʊd/,n,n. 节点
3409,plaster,/ˈplɑːstə/,n,n. 石膏
3410,cylinder,/ˈsɪlɪndə/,n,n. 气缸
3411,degradation,/ˌdɛɡrəˈdeɪʃən/,n,n. 堕落
3412,withstand,/wɪðˈstænd/,v,v. 经受
3413,cortex,/ˈkɔːtɛks/,n,n. 皮层
3414,correlation,/ˌkɒrəˈleɪʃən/,n,n. 相关性
3415,algorithm,/ˈælɡərɪðəm/,n,n. 算法
3416,superficial,/ˌsuːpəˈfɪʃl/,adj,adj. 表面的
3417,amplitude,/ˈæmplɪtjuːd/,n,n. 振幅
3418,diplomacy,/dɪˈpləʊməsi/,n,n. 外交
3419,breach,/briːtʃ/,n,n. 裂缝
3420,sodium,/ˈsəʊdiəm/,n,n. 钠（化学元素）
3421,volatile,/ˈvɒlətaɪl/,adj,adj. 易变的
3422,par,/pɑː(r)/,n,n. 典范
3423,rename,/ˌriːˈneɪm/,v,v. 重命名
3424,buffalo,/ˈbʌfələʊ/,n,n. 水牛
3425,disruption,/dɪsˈrʌpʃən/,n,n. 干扰
3426,residue,/ˈrezɪdjuː/,n,n. 残留物
3427,cult,/kʌlt/,n,n. 邪教
3428,sadhguru,/ˈsʌdɡʊruː/,n,n. 萨德古鲁
3429,guru,/ˈɡuːruː/,n,n. 上师；导师
3430,shiva,/ˈʃɪvə/,n,n. 湿婆（印度教神名）
3431,karma,/ˈkɑːmə/,n,n. 业力
3432,yogi,/ˈjəʊɡi/,n,n. 瑜伽士
3433,krishna,/ˈkrɪʃnə/,n,n. 克里希纳（印度神名）
3434,samadhi,/ˈsʌmədi/,n,n. 三昧
3435,mantra,/ˈmæntrə/,n,n. 咒语
3436,isha,/ˈiːʃə/,n,n. 伊舍
3437,dharma,/ˈdɑːmə/,n,n. 教义
3438,arjuna,/ˈɑːdʒunə/,n,n. 阿周那（Bhagavad Gita 主角）
3439,chakra,/ˈtʃʌkrə/,n,n. 脉轮（梵语，能量中心）
3440,kali,/ˈkɑːli/,n,n. 卡利
3441,tantra,/ˈtʌntrə/,n,n. 密教
3442,tamil,/ˈtæmɪl/,adj,adj. 泰米尔的
3443,prana,/ˈprɑːnə/,n,n. 生命能量
3444,devi,/ˈdeɪvi/,n,n. （梵语/印度教）女神（Devī）
3445,intellect,/ˈɪntəlekt/,n,n. 智力
3446,sadhana,/ˈsɑːdənə/,n,n. 修行
3447,cosmo,/ˈkɒzməʊ/,adj,adj. 宇宙的
3448,yogic,/ˈjəʊɡɪk/,adj,adj. 瑜伽的
3449,enlightenment,/ɪnˈlaɪtnmənt/,n,n. 觉悟
3450,consecration,/ˌkɒnsɪˈkreɪʃn/,n,n. 圣化；祝圣
3451,poke,/pəʊk/,v,v. 戳
3452,empower,/ɪmˈpaʊə(r)/,v,v. 赋予力量
3453,kashi,/ˈkɑːʃi/,n,n. 卡西
3454,rupee,/ruːˈpiː/,n,n. 卢比（印度货币）
3455,entangle,/ɪnˈtæŋɡl/,v,v. 使纠缠
3456,kailash,/ˈkaɪlæʃ/,n,n. 喜马拉雅山
3457,ashram,/ˈæʃrəm/,n,n. 修道院
3458,phenomenal,/fəˈnɒmɪnl/,adj,adj. 惊人的
3459,ailment,/ˈeɪlmənt/,n,n. 疾病
3460,nurture,/ˈnɜːtʃə(r)/,v,v. 养育
3461,enlighten,/ɪnˈlaɪtn/,v,v. 启发
3462,deity,/ˈdeɪəti/,n,n. 神
3463,excited,/ɪkˈsaɪtɪd/,adj,adj. 兴奋的
3464,compulsion,/kəmˈpʌlʃn/,n,n. 强迫
3465,chant,/tʃɑːnt/,v,v. 吟唱
3466,manifest,/ˈmænɪfest/,v,v. 显现
3467,gut,/ɡʌt/,n,n. 胃
3468,scripture,/ˈskrɪptʃə(r)/,n,n. 经文
3469,empowerment,/ɪmˈpaʊəmənt/,n,n. 赋权
3470,goddamn,/ˈɡɒdæm/,adj,adj. （粗话）该死的
3471,obliterate,/əˈblɪtəreɪt/,v,v. 抹去
3472,existential,/ˌeɡzɪˈstenʃl/,adj,adj. 存在主义的
3473,receptive,/rɪˈseptɪv/,adj,adj. 有接受力的
3474,compulsive,/kəmˈpʌlsɪv/,adj,adj. 强迫的
3475,mystic,/ˈmɪstɪk/,adj,adj. 神秘的
3476,karmic,/ˈkɑːmɪk/,adj,adj. 因果的
3477,forefather,/ˈfɔːfɑːðə(r)/,n,n. 先辈
3478,sophisticated,/səˈfɪstɪkeɪtɪd/,adj,adj. 复杂的
3479,terrain,/təˈreɪn/,n,n. 地形
3480,bliss,/blɪs/,n,n. 幸福
3481,consecrate,/ˈkɒnsɪkreɪt/,v,v. 奉献
3482,wellbeing,/ˈwelbiːɪŋ/,n,n. 福祉
3483,specie,/ˈspiːʃiː/,n,n. 物种（species 的口语/古体）
3484,unconsciously,/ʌnˈkɒnʃəsli/,adv,adv. 无意识地
3485,exhale,/ɪksˈheɪl/,v,v. 呼气
3486,ramakrishna,/ˌrɑːməˈkrɪʃnə/,n,n. 拉马克里希那
3487,pilgrimage,/ˈpɪlɡrɪmɪdʒ/,n,n. 朝圣
3488,miraculous,/mɪˈrækjələs/,adj,adj. 奇迹般的
3489,exuberance,/ɪɡˈzjuːbərəns/,n,n. 活力
3490,turmoil,/ˈtɜːmɔɪl/,n,n. 混乱
3491,puja,/ˈpuːdʒə/,n,n. 敬拜
3492,thrive,/θraɪv/,v,v. 繁荣
3493,cosmos,/ˈkɒzmɒs/,n,n. 宇宙
3494,align,/əˈlaɪn/,v,v. 对齐
3495,galaxy,/ˈɡæləksi/,n,n. 星系
3496,bacteria,/bækˈtɪəriə/,n,n. 细菌
3497,effortlessly,/ˈefətləsli/,adv,adv. 轻松地
3498,transcend,/trænˈsend/,v,v. 超越
3499,shrine,/ʃraɪn/,n,n. 神庙
3500,meditator,/ˈmedɪteɪtə(r)/,n,n. 冥想者
3501,satsang,/ˈsʌtsæŋ/,n,n. 集会
3502,boundless,/ˈbaʊndləs/,adj,adj. 无尽的
3503,footprint,/ˈfʊtprɪnt/,n,n. 足迹
3504,speck,/spek/,n,n. 尘埃
3505,meditative,/ˈmedɪtətɪv/,adj,adj. 冥想的
3506,horrendous,/həˈrendəs/,adj,adj. 可怕的
3507,experientially,/ɪkˌspɪəriˈenʃəli/,adv,adv. 凭经验地
3508,limitless,/ˈlɪmɪtləs/,adj,adj. 无限的
3509,simplistic,/sɪmˈplɪstɪk/,adj,adj. 简单的
3510,individuality,/ˌɪndɪˌvɪdʒuˈæləti/,n,n. 个性
3511,aliveness,/əˈlaɪvnəs/,n,n. 活力
3512,affluence,/ˈæfluəns/,n,n. 富裕
3513,entanglement,/ɪnˈtæŋɡlmənt/,n,n. 纠缠
3514,audacious,/ɔːˈdeɪʃəs/,adj,adj. 大胆的
3515,womb,/wuːm/,n,n. 子宫
3516,anytime,/ˈenitaɪm/,adv,adv. 随时
3517,filth,/fɪlθ/,n,n. 污垢
3518,sensibly,/ˈsensəbli/,adv,adv. 明智地，合情合理地
3519,crucify,/ˈkruːsɪfaɪ/,v,v. 钉死
3520,earthworm,/ˈɜːθwɜːm/,n,n. 蚯蚓
3521,blunt,/blʌnt/,adj,adj. 钝化
3522,minuscule,/ˈmɪnəskjuːl/,adj,adj. 极小的，微小的
3523,embodiment,/ɪmˈbɒdimənt/,n,n. 体现，化身
3524,freaky,/ˈfriːki/,adj,adj. 怪异的，反常的
3525,neurological,/ˌnjʊərəˈlɒdʒɪkəl/,adj,adj. 神经学的
3526,neuron,/ˈnjʊərɒn/,n,n. 神经元
3527,divisive,/dɪˈvaɪsɪv/,adj,adj. 引起分裂的
3528,grasshopper,/ˈɡrɑːshɒpə/,n,n. 蚱蜢
3529,existentially,/ˌɛɡzɪˈstɛnʃəlɪ/,adv,adv. 存在地
3530,orient,/ˈɔːrɪənt/,v,v. 使对准
3531,inclusiveness,/ɪnˈkluːsɪvnɪs/,n,n. 包容
3532,unpleasantness,/ʌnˈplezəntnəs/,n,n. 不愉快
3533,glider,/ˈɡlaɪdə/,n,n. 滑翔机
3534,expiry,/ɪkˈspaɪəri/,n,n. 到期
3535,persecute,/ˈpɜːsɪkjuːt/,v,v. 迫害
3536,footwear,/ˈfʊtweə/,n,n. 鞋类
3537,internally,/ɪnˈtɜːnəli/,adv,adv. 内心地
3538,foremost,/ˈfɔːməʊst/,adj,adj. 首要的
3539,ass,/æs/,n,n. 驴
3540,enlightened,/ɪnˈlaɪtnd/,adj,adj. 开明的
3541,tangle,/ˈtæŋɡl/,n,n. 纠缠
3542,clash,/klæʃ/,v,v. 冲突
3543,embody,/ɪmˈbɒdi/,v,v. 体现
3544,skull,/skʌl/,n,n. 颅骨
3545,psychic,/ˈsaɪkɪk/,adj,adj. 灵异的
3546,introspection,/ˌɪntrəˈspekʃən/,n,n. 内省
3547,receptivity,/ˌriːsepˈtɪvəti/,n,n. 接受力；感受性
3548,exuberant,/ɪɡˈzjuːbərənt/,adj,adj. 充满活力的
3549,livelihood,/ˈlaɪvlihʊd/,n,n. 生计
3550,immensely,/ɪˈmensli/,adv,adv. 极其
3551,unawareness,/ˌʌnəˈweənəs/,n,n. 不知情
3552,vibrant,/ˈvaɪbrənt/,adj,adj. 充满活力的
3553,conducive,/kənˈdjuːsɪv/,adj,adj. 有利于的
3554,hardcore,/ˈhɑːdkɔː/,adj,adj. 硬核的
3555,shin,/ʃɪn/,adj,adj. 发光的
3556,exciting,/ɪkˈsaɪtɪŋ/,adj,adj. 令人兴奋的
3557,cremation,/krɪˈmeɪʃən/,n,n. 火化
3558,atheist,/ˈeɪθiɪst/,n,n. 无神论者
3559,hallucination,/həˌluːsɪˈneɪʃən/,n,n. 幻觉
3560,affluent,/ˈæfluənt/,adj,adj. 富裕的
3561,deception,/dɪˈsepʃən/,n,n. 欺骗
3562,procreation,/ˌprəʊkriˈeɪʃən/,n,n. 繁殖
3563,inhalation,/ˌɪnhəˈleɪʃən/,n,n. 吸入
3564,frill,/frɪl/,n,n. 花哨的事物
3565,skeletal,/ˈskelətl/,adj,adj. 骨骼的
3566,clan,/klæn/,n,n. 氏族
3567,deplete,/dɪˈpliːt/,v,v. 耗尽
3568,solstice,/ˈsɒlstɪs/,n,n. 冬至/夏至
3569,unnecessarily,/ʌnˈnesəsərəli/,adv,adv. 不必要的
3570,entirety,/ɪnˈtaɪərəti/,n,n. 全部
3571,creed,/kriːd/,n,n. 信条
3572,politic,/ˈpɒlətɪk/,adj,adj. 政治的
3573,intoxicate,/ɪnˈtɒksɪkeɪt/,v,v. 使陶醉
3574,installment,/ɪnˈstɔːlmənt/,n,n. 分期付款
3575,mystical,/ˈmɪstɪkl/,adj,adj. 神秘的
3576,eyeball,/ˈaɪbɔːl/,n,n. 眼球
3577,enslave,/ɪnˈsleɪv/,v,v. 使从属
3578,fulfillment,/fʊlˈfɪlmənt/,n,n. 满足
3579,humility,/hjuːˈmɪləti/,n,n. 谦虚
3580,lunar,/ˈluːnə(r)/,adj,adj. 月球的
3581,latitude,/ˈlætɪtjuːd/,n,n. 纬度
3582,intrigue,/ɪnˈtriːɡ/,v,v. 引起兴趣
3583,geometrically,/ˌdʒiːəˈmetrɪkli/,adv,adv. 几何地
3584,silo,/ˈsaɪləʊ/,n,n. 粮仓
3585,mindless,/ˈmaɪndləs/,adj,adj. 无意识的
3586,propagate,/ˈprɒpəɡeɪt/,v,v. 传播
3587,evaporate,/ɪˈvæpəreɪt/,v,v. 蒸发
3588,upside,/ˈʌpsaɪd/,n,n. 上方面
3589,himalayan,/ˌhɪməˈleɪən/,adj,adj. 喜马拉雅的
3590,propel,/prəˈpel/,v,v. 推进，驱使
3591,loosen,/ˈluːsn/,v,v. 松开，放松
3592,smartphone,/ˈsmɑːtfəʊn/,n,n. 智能手机
3593,dilute,/daɪˈluːt/,v,v. 稀释
3594,ellipsoid,/ˈelɪpsɔɪd/,n,n. 椭球体
3595,tantric,/ˈtʌntrɪk/,adj,adj. 与谭特拉有关的；谭特拉的
3596,trapeze,/trəˈpiːz/,n,n. 吊环
3597,rut,/rʌt/,n,n. 轮回；陷入
3598,whim,/wɪm/,n,n. 突发奇想；任意的念头
3599,masculine,/ˈmɑːskjəlɪn/,adj,adj. 男性的
3600,frustrate,/frʌˈstreɪt/,v,v. 使沮丧
3601,premise,/ˈpremɪs/,n,n. 场所；店铺
3602,lifespan,/ˈlaɪfspæn/,n,n. 寿命，生存期
3603,meddle,/ˈmedl/,v,v. 干涉；插手
3604,believer,/bɪˈliːvə(r)/,n,n. 信徒，相信者
3605,false,/fɔːls/,adj,adj. 假的；错误的
3606,schizophrenic,/ˌskɪtsəˈfrenɪk/,adj,adj. 精神分裂的
3607,arrogance,/ˈærəɡəns/,n,n. 傲慢；自大
3608,throttle,/ˈθrɒtl/,v,v. 全速进行；全力
3609,curtail,/kɜːˈteɪl/,v,v. 缩短；削减
3610,kala,/ˈkɑːlə/,n,n. 时间；命运
3611,paranoid,/ˈpærənɔɪd/,adj,adj. 偏执的，多疑的
3612,covid,/ˈkɒvɪd/,n,n. 冠状病毒
3613,contemplate,/ˈkɒntəmpleɪt/,v,v. 沉思
3614,unwillingly,/ʌnˈwɪlɪŋli/,adv,adv. 不情愿地
3615,lakh,/læk/,n,n. 十万（印度计数单位）
3616,beggar,/ˈbeɡə/,n,n. 乞丐
3617,wield,/wiːld/,v,v. 挥舞
3618,constipation,/ˌkɒnstɪˈpeɪʃən/,n,n. 便秘
3619,geographically,/ˌdʒiːəˈɡræfɪkli/,adv,adv. 在地理上
3620,epidemic,/ˌepɪˈdemɪk/,n,n. 传染病
3621,website,/ˈwebsaɪt/,n,n. 网站
3622,transcendence,/trænˈsendəns/,n,n. 超越
3623,hallucinatory,/həˈluːsɪnətəri/,adj,adj. 幻觉的
3624,deathbed,/ˈdeθbed/,n,n. 病榻
3625,fuse,/fjuːz/,n,n. 保险丝
3626,greed,/ɡriːd/,n,n. 贪婪
3627,sutra,/ˈsuːtrə/,n,n. 经文
3628,chill,/tʃɪl/,v,v. 冷却
3629,uneducated,/ʌnˈedʒukeitɪd/,adj,adj. 未受教育的
3630,sync,/sɪŋk/,v,v. 同步
3631,iota,/aɪˈəʊtə/,n,n. 极少量；一点点
3632,compel,/kəmˈpel/,v,v. 强迫
3633,throb,/θrɒb/,v,v. 跳动
3634,garland,/ˈɡɑːlənd/,n,n. 花环
3635,outsource,/ˈaʊtsɔːs/,v,v. 外包
3636,energize,/ˈenədʒaɪz/,v,v. 激励
3637,peacefulness,/ˈpiːsfəlnəs/,n,n. 和平
3638,turban,/ˈtɜːbən/,n,n. （印度等地的）头巾
3639,indiscriminate,/ˌɪndɪsˈkrɪmɪnət/,adj,adj. 不加选择地
3640,ridicule,/ˈrɪdɪkjuːl/,v,v. 嘲讽
3641,astrology,/əˈstrɒlədʒi/,n,n. 占星术
3642,conjecture,/kənˈdʒektʃə/,n,n. 推测
3643,collaborate,/kəˈlæbəreɪt/,v,v. 合作
3644,cognition,/kɒɡˈnɪʃn/,n,n. 认知
3645,mindset,/ˈmaɪndset/,n,n. 心态
3646,doorstep,/ˈdɔːstep/,n,n. 门阶
3647,awaken,/əˈweɪkən/,v,v. 唤醒
3648,artwork,/ˈɑːtwɜːk/,n,n. 艺术品
3649,mandela,/ˈmændələ/,n,n. 曼德拉
3650,saga,/ˈsɑːɡə/,n,n. 史诗
3651,secular,/ˈsekjələ/,adj,adj. 世俗的
3652,chitta,/ˈtʃɪtə/,n,n. （梵语）心识
3653,primordial,/praɪˈmɔːdiəl/,adj,adj. 原始的
3654,neem,/niːm/,n,n. 印度楝树
3655,exhalation,/ˌeksəˈleɪʃn/,n,n. 呼气
3656,exude,/ɪɡˈzjuːd/,v,v. 散发
3657,untimely,/ʌnˈtaɪmli/,adj,adj. 不及时的
3658,atrocity,/əˈtrɒsəti/,n,n. 暴行
3659,restroom,/ˈrestruːm/,n,n. 洗手间
3660,loot,/luːt/,v,v. 掠夺
3661,celestial,/səˈlestʃl/,adj,adj. 天上的
3662,obscene,/əbˈsiːn/,adj,adj. 下流的
3663,micronutrient,/ˌmaɪkrəʊˈnjuːtriənt/,n,n. 微量营养素
3664,kalabhairava,/ˌkɑːləˈbaɪrəvə/,n,n. 卡拉波伊拉瓦
3665,elevate,/ˈelɪveɪt/,v,v. 提升
3666,rudimentary,/ˌruːdɪˈmentri/,adj,adj. 基本的
3667,psychotic,/saɪˈkɒtɪk/,adj,adj. 精神病的
3668,boon,/buːn/,n,n. 恩赐
3669,differentiate,/ˌdɪfəˈrenʃieɪt/,v,v. 区分
3670,sanctity,/ˈsæŋktəti/,n,n. 神圣
3671,neurotic,/njʊəˈrɒtɪk/,adj,adj. 神经质的
3672,knowledgeable,/ˈnɒlɪdʒəbəl/,adj,adj. 有知识的
3673,peacock,/ˈpiːkɒk/,n,n. 孔雀
3674,finite,/ˈfaɪnaɪt/,adj,adj. 有限的
3675,suffocate,/ˈsʌfəkeɪt/,v,v. 窒息
3676,physiologically,/ˌfɪziəˈlɒdʒɪkli/,adv,adv. 生理上
3677,hype,/haɪp/,v,v. 炒作
3678,milestone,/ˈmaɪlstəʊn/,n,n. 里程碑
3679,resilience,/rɪˈzɪliəns/,n,n. 韧性
3680,devotional,/dɪˈvəʊʃənəl/,adj,adj. 虔诚的
3681,childlike,/ˈtʃaɪldlaɪk/,adj,adj. 童真的
3682,threshold,/ˈθreʃhəʊld/,n,n. 门槛
3683,psyche,/ˈsaɪki/,n,n. 心理
3684,powerhouse,/ˈpaʊəhaʊs/,n,n. 精力充沛的人；发电站
3685,masala,/məˈsɑːlə/,n,n. 咖喱
3686,pant,/pænt/,v,v. 颤抖
3687,allergy,/ˈælədʒi/,n,n. 过敏
3688,ripple,/ˈrɪpl/,n,n. 涟漪
3689,superpower,/ˈsuːpəpaʊə/,n,n. 超级大国
3690,sophistication,/səˌfɪstɪˈkeɪʃn/,n,n. 复杂性
3691,keyhole,/ˈkiːhəʊl/,n,n. 钥匙孔
3692,utilitarian,/juːˌtɪlɪˈteəriən/,adj,adj. 功利主义的
3693,falsehood,/ˈfɔːlshʊd/,n,n. 谎言
3694,intimacy,/ˈɪntɪməsi/,n,n. 亲密
3695,persecution,/ˌpɜːsɪˈkjuːʃn/,n,n. 迫害
3696,pigeon,/ˈpɪdʒɪn/,n,n. 鸽子
3697,tilt,/tɪlt/,v,v. 倾斜
3698,makeup,/ˈmeɪkʌp/,n,n. 化妆
3699,barefoot,/ˈbeəfʊt/,adj,adj. 赤脚的
3700,o'clock,/əˈklɒk/,n,n. 点
3701,boar,/bɔː/,n,n. 野猪
3702,adi,/ˈɑːdi/,n,n. （梵语）最初的；第一的
3703,migrate,/maɪˈɡreɪt/,v,v. 迁移
3704,poop,/puːp/,n,n. 排泄物
3705,disgust,/dɪsˈɡʌst/,n,n. 厌恶
3706,empathy,/ˈempəθi/,n,n. 共情
3707,electromagnetic,/ɪˌlektrəʊmæɡˈnetɪk/,adj,adj. 电磁的
3708,infest,/ɪnˈfest/,v,v. 寄生
3709,twilight,/ˈtwaɪlaɪt/,n,n. 黄昏
3710,cleansing,/ˈklenzɪŋ/,n,n. 净化
3711,howl,/haʊl/,v,v. 嚎叫
3712,template,/ˈtempleɪt/,n,n. 模板
3713,turmeric,/ˈtɜːmərɪk/,n,n. 姜黄（香料）
3714,pranayam,/ˌprɑːnəˈjɑːm/,n,n. 调息（梵语 prāṇāyāma，瑜伽呼吸法）
3715,godlike,/ˈɡɒdlaɪk/,adj,adj. 神一般的
3716,kindergarten,/ˈkɪndəɡɑːtn/,n,n. 幼儿园
3717,inefficient,/ˌɪnɪˈfɪʃnt/,adj,adj. 低效的
3718,negativity,/ˌneɡəˈtɪvəti/,n,n. 消极
3719,fledge,/fledʒ/,v,v. 飞翔
3720,phenomenally,/fəˈnɒmɪnəli/,adv,adv. 惊人地
3721,hormonal,/hɔːˈməʊnl/,adj,adj. 荷尔蒙的
3722,drip,/drɪp/,v,v. 滴下
3723,discriminatory,/dɪˈskrɪmɪnətəri/,adj,adj. 歧视性的
3724,jigsaw,/ˈdʒɪɡsɔː/,n,n. 拼图（玩具）
3725,neuronal,/ˈnjʊərənəl/,adj,adj. 神经元的
3726,inarticulate,/ˌɪnɑːˈtɪkjələt/,adj,adj. 不流利的
3727,bounty,/ˈbaʊnti/,n,n. 丰饶
3728,exuberantly,/ɪɡˈzjuːbərəntli/,adv,adv. 充满活力地
3729,brilliance,/ˈbrɪliəns/,n,n. 光辉
3730,energetically,/ˌenəˈdʒetɪkli/,adv,adv. 充满活力地
3731,treacherous,/ˈtretʃərəs/,adj,adj. 危险的
3732,dictate,/dɪkˈteɪt/,v,v. 支配
3733,ethos,/ˈiːθɒs/,n,n. 道德观
3734,positivity,/ˌpɒzəˈtɪvəti/,n,n. 积极性；正面态度
3735,psychosis,/saɪˈkəʊsɪs/,n,n. 精神错乱，精神病
3736,inculcate,/ɪnˈkʌlkeɪt/,v,v. 灌输，反复教诲
3737,fringe,/frɪndʒ/,n,n. 边缘
3738,poof,/pʊf/,adv,adv. 突然
3739,dissipate,/ˈdɪsɪpeɪt/,v,v. 消散，耗散
3740,permutation,/ˌpɜːmjʊˈteɪʃən/,n,n. 排列组合
3741,excite,/ɪkˈsaɪt/,v,v. 使兴奋，激发
3742,enormously,/ɪˈnɔːməsli/,adv,adv. 极其
3743,effortless,/ˈefətləs/,adj,adj. 无努力的
3744,sprout,/spraʊt/,v,v. 发芽，冒出
3745,monsoon,/mɒnˈsuːn/,n,n. 季风，雨季
3746,prostrate,/ˈprɒstreɪt/,adj,adj. 俯卧的
3747,erode,/ɪˈrəʊd/,v,v. 侵蚀，削弱
3748,impediment,/ɪmˈpedɪmənt/,n,n. 妨碍，障碍
3749,misuse,/ˌmɪsˈjuːz/,v,v. 滥用，误用
3750,incubation,/ˌɪŋkjuˈbeɪʃən/,n,n. 潜伏，孵化
3751,microbial,/maɪˈkrəʊbiəl/,adj,adj. 微生物的
3752,elixir,/ɪˈlɪksə(r)/,n,n. 灵丹妙药
3753,solace,/ˈsɒləs/,n,n. 安慰，慰藉
3754,dismantle,/dɪsˈmæntl/,v,v. 拆卸
3755,mundane,/mʌnˈdeɪn/,adj,adj. 世俗的，平凡的
3756,perversion,/pəˈvɜːʃən/,n,n. 扭曲
3757,glue,/ɡluː/,n,n. 胶水
3758,bladder,/ˈblædə(r)/,n,n. 膀胱
3759,degrade,/dɪˈɡreɪd/,v,v. 降级
3760,slush,/slʌʃ/,n,n. 泥浆
3761,inclined,/ɪnˈklaɪnd/,adj,adj. 倾向于
3762,emote,/ɪˈməʊt/,v,v. 发泄情感
3763,sentient,/ˈsenʃənt/,adj,adj. 有意识的
3764,preparatory,/prɪˈpærətri/,adj,adj. 准备的
3765,heartbreak,/ˈhɑːtbreɪk/,n,n. 心碎
3766,experiential,/ɪkˌspɪəriˈenʃl/,adj,adj. 经验的
3767,dosage,/ˈdəʊsɪdʒ/,n,n. 剂量
3768,fiery,/ˈfaɪəri/,adj,adj. 炽热的
3769,vibrancy,/ˈvaɪbrənsi/,n,n. 活力
3770,asylum,/əˈsaɪləm/,n,n. 避难所
3771,billionaire,/ˌbɪljəˈneə(r)/,n,n. 十亿美元富翁
3772,breastfeed,/ˈbrestfiːd/,v,v. 哺乳
3773,predator,/ˈpredətə(r)/,n,n. 掠食者
3774,solitude,/ˈsɒlɪtjuːd/,n,n. 孤独
3775,thorn,/θɔːn/,n,n. 刺
3776,radiant,/ˈreɪdiənt/,adj,adj. 光辉的
3777,exclusiveness,/ɪkˈskluːsɪvnəs/,n,n. 排他性
3778,drastic,/ˈdræstɪk/,adj,adj. 剧烈的
3779,mukti,/ˈmʊkti/,n,n. （梵语）解脱
3780,eon,/ˈiːən/,n,n. 纪元
3781,surya,/ˈsʊriə/,n,n. 太阳
3782,fracture,/ˈfræktʃə(r)/,n,n. 骨折
3783,compulsiveness,/kəmˈpʌlsɪvnəs/,n,n. 强迫性
3784,skeptical,/ˈskeptɪkl/,adj,adj. 怀疑的
3785,chime,/tʃaɪm/,n,n. 钟声
3786,satguru,/ˈsʌtɡuruː/,n,n. 圣师；真师
3787,puke,/pjuːk/,v,v. 呕吐
3788,nutcase,/ˈnʌtkeɪs/,n,n. （口语）疯子
3789,immeasurable,/ɪˈmeʒərəbl/,adj,adj. 无法衡量的
3790,brute,/bruːt/,adj,adj. 野蛮的
3791,samyama,/ˈsʌmjʌmə/,n,n. 萨马亚玛
3792,prevalent,/ˈprevələnt/,adj,adj. 普遍的
3793,disdain,/dɪsˈdeɪn/,v,v. 轻视
3794,dislocate,/dɪsˈləʊkeɪt/,v,v. 脱臼
3795,flourish,/ˈflʌrɪʃ/,"n, v",n. 挥舞；v. 繁荣
3796,crib,/krɪb/,v,v. （口语）抱怨
3797,caveman,/ˈkeɪvmæn/,n,n. 洞穴人
3798,quench,/kwentʃ/,v,v. 满足
3799,segue,/ˈseɡweɪ/,v,v. 过渡
3800,exert,/ɪɡˈzɜːt/,v,v. 努力
3801,species,/ˈspiːʃiːz/,n,n. 物种
3802,plow,/plaʊ/,v,v. 耕种
3803,lapse,/laps/,v,v. 丧失
3804,blunder,/ˈblʌndə/,n,n. 错误
3805,fragrant,/ˈfreɪɡrənt/,adj,adj. 芳香的
3806,nonsensical,/nɒnˈsensɪkəl/,adj,adj. 荒谬的
3807,inadequacy,/ɪnˈadɪkwəsi/,n,n. 不足
3808,cling,/klɪŋ/,v,v. 依附
3809,smear,/smɪə/,v,v. 抹上
3810,gadget,/ˈɡædʒɪt/,n,n. 小玩意
3811,reckless,/ˈrekləs/,adj,adj. 鲁莽的
3812,ingenious,/ɪnˈdʒiːniəs/,adj,adj. 聪明的
3813,flare,/fleə/,v,v. 发火
3814,reptile,/ˈreptaɪl/,n,n. 爬行动物
3815,messiah,/mɪˈsaɪə/,n,n. 救世主
3816,growl,/ɡraʊl/,v,v. 咆哮
3817,auspicious,/ɔːˈspɪʃəs/,adj,adj. 吉利的
3818,pawn,/pɔːn/,n,n. 兵（国际象棋棋子）
3819,blabber,/ˈblæbə/,v,v. 唠唠叨叨
3820,opaque,/əʊˈpeɪk/,adj,adj. 不透明的
3821,disentangle,/ˌdɪsɪnˈtæŋɡəl/,v,v. 解开
3822,sideways,/ˈsaɪdweɪz/,adv,adv. 横着
3823,hoot,/huːt/,n,n. 嗤之以鼻
3824,trouser,/ˈtraʊzə/,n,n. 裤子（trousers，常以复数）
3825,agitation,/ˌædʒɪˈteɪʃən/,n,n. 激动
3826,chaprasi,/tʃəˈprɑːsi/,n,n. 差役
3827,agile,/ˈædʒaɪl/,adj,adj. 灵活的
3828,trajectory,/trəˈdʒɛktəri/,n,n. 轨迹
3829,youngster,/ˈjʌŋstə/,n,n. 年轻人
3830,smuggle,/ˈsmʌɡl/,v,v. 走私
3831,churn,/tʃɜːn/,v,v. 搅拌
3832,trillion,/ˈtrɪljən/,num,num. 万亿
3833,crore,/krɔː/,n,n. 十亿
3834,riot,/ˈraɪət/,n,n. 暴乱
3835,squander,/ˈskwɒndə(r)/,v,v. 浪费
3836,crucifixion,/ˌkruːsɪˈfɪkʃn/,n,n. 十字架刑
3837,measurable,/ˈmeʒərəbl/,adj,adj. 可测量的
3838,tuck,/tʌk/,v,v. 吃
3839,bottomless,/ˈbɒtəmləs/,adj,adj. 无底的
3840,fragility,/frəˈdʒɪləti/,n,n. 脆弱
3841,custodian,/kʌˈstəʊdiən/,n,n. 守护者
3842,cobra,/ˈkəʊbrə/,n,n. 眼镜蛇（king cobra 眼镜王蛇）
3843,provocation,/ˌprɒvəˈkeɪʃn/,n,n. 挑衅
3844,infuse,/ɪnˈfjuːz/,v,v. 灌输
3845,preach,/priːtʃ/,v,v. 传教
3846,almighty,/ɔːlˈmaɪti/,adj,adj. 全能的
3847,ruthless,/ˈruːθləs/,adj,adj. 无情的
3848,allot,/əˈlɒt/,v,v. 分配
3849,triple,/ˈtrɪpl/,adv,adv. 三倍地
3850,deviate,/ˈdiːvieɪt/,v,v. 偏离
3851,crematorium,/ˌkreməˈtɔːriəm/,n,n. 火化室
3852,strategically,/strəˈtiːdʒɪkli/,adv,adv. 策略性地
3853,ambit,/ˈæmbɪt/,n,n. 范围
3854,checkup,/ˈtʃekʌp/,n,n. 体检
3855,mammal,/ˈmæməl/,n,n. 哺乳动物
3856,calibrate,/ˈkælɪbreɪt/,v,v. 校准
3857,slushy,/ˈslʌʃi/,adj,adj. 泥泞的
3858,dispel,/dɪˈspel/,v,v. 驱散
3859,drone,/drəʊn/,n,n. 无人机
3860,relentless,/rɪˈlentləs/,adj,adj. 无情的
3861,diffuse,/dɪˈfjuːz/,v,v. 使模糊
3862,mythology,/ˌmɪθəˈlɒdʒi/,n,n. 神话
3863,invaluable,/ɪnˈvæljuəbəl/,adj,adj. 无价的
3864,mop,/mɒp/,n,n. 拖把
3865,conserve,/kənˈsɜːv/,v,v. 保存
3866,geometrical,/ˌdʒiːəˈmetrɪkəl/,adj,adj. 几何的
3867,cardiovascular,/ˌkɑːdiəʊˈvæskjələ(r)/,adj,adj. 心血管的
3868,cohesiveness,/kəʊˈhiːsɪvnəs/,n,n. 凝聚力
3869,hyper,/ˈhaɪpə(r)/,adj,adj. 过度的
3870,grit,/ɡrɪt/,n,n. 毅力
3871,envision,/ɪnˈvɪʒn/,v,v. 想象
3872,dementia,/dɪˈmenʃə/,n,n. 痴呆
3873,sambar,/ˈsʌmbɑː(r)/,n,n. 山药
3874,tamarind,/ˈtæmərɪnd/,n,n. 酸橙
3875,deject,/dɪˈdʒekt/,v,v. 使沮丧
3876,cooky,/ˈkʊki/,n,n. 饼干
3877,prowl,/praʊl/,v,v. 徘徊
3878,yatra,/ˈjɑːtrə/,n,n. （梵语 यात्रा）朝圣
