seq,word,ipa,pos,zh,has_image,band,image,image_jpg,image_cdn,image_cdn_jpg,width,height,webp_kb,jpg_kb
1,american,/əˈmerɪkən/,"n, adj",n. 美国人；adj. 美国的,True,01-100,images/01-100/american.webp,images/01-100/american.jpg,https://word.chuanxi.fun/images/01-100/001-american.webp,https://word.chuanxi.fun/images/01-100/001-american.jpg,512,512,33.3,63.2
2,life,/laɪf/,n,n. 生活；生命,True,01-100,images/01-100/life.webp,images/01-100/life.jpg,https://word.chuanxi.fun/images/01-100/002-life.webp,https://word.chuanxi.fun/images/01-100/002-life.jpg,512,512,19.2,43.7
3,happen,/ˈhæpən/,v,v. 发生,True,01-100,images/01-100/happen.webp,images/01-100/happen.jpg,https://word.chuanxi.fun/images/01-100/003-happen.webp,https://word.chuanxi.fun/images/01-100/003-happen.jpg,512,512,24.0,49.2
4,become,/bɪˈkʌm/,v,v. 变成；成为,True,01-100,images/01-100/become.webp,images/01-100/become.jpg,https://word.chuanxi.fun/images/01-100/004-become.webp,https://word.chuanxi.fun/images/01-100/004-become.jpg,512,512,17.0,37.7
5,world,/wɜːld/,n,n. 世界；世人,True,01-100,images/01-100/world.webp,images/01-100/world.jpg,https://word.chuanxi.fun/images/01-100/005-world.webp,https://word.chuanxi.fun/images/01-100/005-world.jpg,512,512,32.8,63.7
6,body,/ˈbɒdi/,n,n. 身体,True,01-100,images/01-100/body.webp,images/01-100/body.jpg,https://word.chuanxi.fun/images/01-100/006-body.webp,https://word.chuanxi.fun/images/01-100/006-body.jpg,512,512,12.2,33.0
7,sit,/sɪt/,v,v. 坐；坐落,True,01-100,images/01-100/sit.webp,images/01-100/sit.jpg,https://word.chuanxi.fun/images/01-100/007-sit.webp,https://word.chuanxi.fun/images/01-100/007-sit.jpg,512,512,15.4,36.5
8,work,/wɜːk/,v,v. 工作,True,01-100,images/01-100/work.webp,images/01-100/work.jpg,https://word.chuanxi.fun/images/01-100/008-work.webp,https://word.chuanxi.fun/images/01-100/008-work.jpg,512,512,20.5,45.2
9,different,/ˈdɪfrənt/,adj,adj. 不同的,True,01-100,images/01-100/different.webp,images/01-100/different.jpg,https://word.chuanxi.fun/images/01-100/009-different.webp,https://word.chuanxi.fun/images/01-100/009-different.jpg,512,512,16.7,40.2
10,today,/təˈdeɪ/,adv,adv. 今天；现今,True,01-100,images/01-100/today.webp,images/01-100/today.jpg,https://word.chuanxi.fun/images/01-100/010-today.webp,https://word.chuanxi.fun/images/01-100/010-today.jpg,512,512,22.8,51.2
11,ask,/ɑːsk/,v,v. 问；要求,True,01-100,images/01-100/ask.webp,images/01-100/ask.jpg,https://word.chuanxi.fun/images/01-100/011-ask.webp,https://word.chuanxi.fun/images/01-100/011-ask.jpg,512,512,21.9,46.4
12,love,/lʌv/,"v, n",v. 爱；n. 爱情,True,01-100,images/01-100/love.webp,images/01-100/love.jpg,https://word.chuanxi.fun/images/01-100/012-love.webp,https://word.chuanxi.fun/images/01-100/012-love.jpg,512,512,20.8,41.3
13,man,/mæn/,n,n. 男人,True,01-100,images/01-100/man.webp,images/01-100/man.jpg,https://word.chuanxi.fun/images/01-100/013-man.webp,https://word.chuanxi.fun/images/01-100/013-man.jpg,512,512,9.9,26.6
14,important,/ɪmˈpɔːtnt/,adj,adj. 重要的,True,01-100,images/01-100/important.webp,images/01-100/important.jpg,https://word.chuanxi.fun/images/01-100/014-important.webp,https://word.chuanxi.fun/images/01-100/014-important.jpg,512,512,19.0,43.1
15,never,/ˈnevə/,adv,adv. 从不；绝不,True,01-100,images/01-100/never.webp,images/01-100/never.jpg,https://word.chuanxi.fun/images/01-100/015-never.webp,https://word.chuanxi.fun/images/01-100/015-never.jpg,512,512,17.2,39.3
16,start,/stɑːt/,v,v. 开始；出发,True,01-100,images/01-100/start.webp,images/01-100/start.jpg,https://word.chuanxi.fun/images/01-100/016-start.webp,https://word.chuanxi.fun/images/01-100/016-start.jpg,512,512,23.2,49.1
17,problem,/ˈprɒbləm/,n,n. 问题；难题,True,01-100,images/01-100/problem.webp,images/01-100/problem.jpg,https://word.chuanxi.fun/images/01-100/017-problem.webp,https://word.chuanxi.fun/images/01-100/017-problem.jpg,512,512,23.6,46.0
18,great,/ɡreɪt/,adj,adj. 伟大的,True,01-100,images/01-100/great.webp,images/01-100/great.jpg,https://word.chuanxi.fun/images/01-100/018-great.webp,https://word.chuanxi.fun/images/01-100/018-great.jpg,512,512,22.6,50.6
19,big,/bɪɡ/,adj,adj. 大的,True,01-100,images/01-100/big.webp,images/01-100/big.jpg,https://word.chuanxi.fun/images/01-100/019-big.webp,https://word.chuanxi.fun/images/01-100/019-big.jpg,512,512,17.2,41.9
20,child,/tʃaɪld/,n,n. 孩子,True,01-100,images/01-100/child.webp,images/01-100/child.jpg,https://word.chuanxi.fun/images/01-100/020-child.webp,https://word.chuanxi.fun/images/01-100/020-child.jpg,512,512,18.3,41.4
21,keep,/kiːp/,v,v. 保持,True,01-100,images/01-100/keep.webp,images/01-100/keep.jpg,https://word.chuanxi.fun/images/01-100/021-keep.webp,https://word.chuanxi.fun/images/01-100/021-keep.jpg,512,512,19.5,41.1
22,moment,/ˈməʊmənt/,n,n. 时刻,True,01-100,images/01-100/moment.webp,images/01-100/moment.jpg,https://word.chuanxi.fun/images/01-100/022-moment.webp,https://word.chuanxi.fun/images/01-100/022-moment.jpg,512,512,28.9,60.5
23,eat,/iːt/,v,v. 吃,True,01-100,images/01-100/eat.webp,images/01-100/eat.jpg,https://word.chuanxi.fun/images/01-100/023-eat.webp,https://word.chuanxi.fun/images/01-100/023-eat.jpg,512,512,19.9,44.6
24,memory,/ˈmeməri/,n,n. 记忆,True,01-100,images/01-100/memory.webp,images/01-100/memory.jpg,https://word.chuanxi.fun/images/01-100/024-memory.webp,https://word.chuanxi.fun/images/01-100/024-memory.jpg,512,512,21.0,45.6
25,walk,/wɔːk/,"v, n",v. 走；n. 步行,True,01-100,images/01-100/walk.webp,images/01-100/walk.jpg,https://word.chuanxi.fun/images/01-100/025-walk.webp,https://word.chuanxi.fun/images/01-100/025-walk.jpg,512,512,26.8,55.4
26,change,/tʃeɪndʒ/,"v, n",v. 改变；n. 变化,True,01-100,images/01-100/change.webp,images/01-100/change.jpg,https://word.chuanxi.fun/images/01-100/026-change.webp,https://word.chuanxi.fun/images/01-100/026-change.jpg,512,512,26.8,49.1
27,food,/fuːd/,n,n. 食物,True,01-100,images/01-100/food.webp,images/01-100/food.jpg,https://word.chuanxi.fun/images/01-100/027-food.webp,https://word.chuanxi.fun/images/01-100/027-food.jpg,512,512,25.0,49.2
28,away,/əˈweɪ/,adv,adv. 离开,True,01-100,images/01-100/away.webp,images/01-100/away.jpg,https://word.chuanxi.fun/images/01-100/028-away.webp,https://word.chuanxi.fun/images/01-100/028-away.jpg,512,512,24.3,49.4
29,bring,/brɪŋ/,v,v. 带来,True,01-100,images/01-100/bring.webp,images/01-100/bring.jpg,https://word.chuanxi.fun/images/01-100/029-bring.webp,https://word.chuanxi.fun/images/01-100/029-bring.jpg,512,512,33.6,61.6
30,find,/faɪnd/,"v, n",v. 找到；n. 发现,True,01-100,images/01-100/find.webp,images/01-100/find.jpg,https://word.chuanxi.fun/images/01-100/030-find.webp,https://word.chuanxi.fun/images/01-100/030-find.jpg,512,512,24.3,50.3
31,word,/wɜːd/,n,n. 词,True,01-100,images/01-100/word.webp,images/01-100/word.jpg,https://word.chuanxi.fun/images/01-100/031-word.webp,https://word.chuanxi.fun/images/01-100/031-word.jpg,512,512,15.8,37.0
32,believe,/bɪˈliːv/,v,v. 相信,True,01-100,images/01-100/believe.webp,images/01-100/believe.jpg,https://word.chuanxi.fun/images/01-100/032-believe.webp,https://word.chuanxi.fun/images/01-100/032-believe.jpg,512,512,23.0,49.4
33,speak,/spiːk/,v,v. 说,True,01-100,images/01-100/speak.webp,images/01-100/speak.jpg,https://word.chuanxi.fun/images/01-100/033-speak.webp,https://word.chuanxi.fun/images/01-100/033-speak.jpg,512,512,23.1,49.4
34,build,/bɪld/,v,v. 建造,True,01-100,images/01-100/build.webp,images/01-100/build.jpg,https://word.chuanxi.fun/images/01-100/034-build.webp,https://word.chuanxi.fun/images/01-100/034-build.jpg,512,512,29.2,55.9
35,open,/ˈəʊpən/,v,v. 打开,True,01-100,images/01-100/open.webp,images/01-100/open.jpg,https://word.chuanxi.fun/images/01-100/035-open.webp,https://word.chuanxi.fun/images/01-100/035-open.jpg,512,512,18.7,43.2
36,bad,/bæd/,adj,adj. 坏的,True,01-100,images/01-100/bad.webp,images/01-100/bad.jpg,https://word.chuanxi.fun/images/01-100/036-bad.webp,https://word.chuanxi.fun/images/01-100/036-bad.jpg,512,512,19.8,44.2
37,learn,/lɜːn/,v,v. 学习,True,01-100,images/01-100/learn.webp,images/01-100/learn.jpg,https://word.chuanxi.fun/images/01-100/037-learn.webp,https://word.chuanxi.fun/images/01-100/037-learn.jpg,512,512,21.4,46.3
38,grow,/ɡrəʊ/,v,v. 成长,True,01-100,images/01-100/grow.webp,images/01-100/grow.jpg,https://word.chuanxi.fun/images/01-100/038-grow.webp,https://word.chuanxi.fun/images/01-100/038-grow.jpg,512,512,20.8,41.5
39,tree,/triː/,n,n. 树,True,01-100,images/01-100/tree.webp,images/01-100/tree.jpg,https://word.chuanxi.fun/images/01-100/039-tree.webp,https://word.chuanxi.fun/images/01-100/039-tree.jpg,512,512,37.9,65.0
40,business,/ˈbɪznəs/,n,n. 商业,True,01-100,images/01-100/business.webp,images/01-100/business.jpg,https://word.chuanxi.fun/images/01-100/040-business.webp,https://word.chuanxi.fun/images/01-100/040-business.jpg,512,512,28.7,55.6
41,small,/smɔːl/,adj,adj. 小的,True,01-100,images/01-100/small.webp,images/01-100/small.jpg,https://word.chuanxi.fun/images/01-100/041-small.webp,https://word.chuanxi.fun/images/01-100/041-small.jpg,512,512,17.2,40.0
42,guy,/ɡaɪ/,n,n. 家伙,True,01-100,images/01-100/guy.webp,images/01-100/guy.jpg,https://word.chuanxi.fun/images/01-100/042-guy.webp,https://word.chuanxi.fun/images/01-100/042-guy.jpg,512,512,10.2,28.1
43,stop,/stɒp/,v,v. 停止,True,01-100,images/01-100/stop.webp,images/01-100/stop.jpg,https://word.chuanxi.fun/images/01-100/043-stop.webp,https://word.chuanxi.fun/images/01-100/043-stop.jpg,512,512,17.4,36.9
44,idea,/aɪˈdɪə/,n,n. 想法,True,01-100,images/01-100/idea.webp,images/01-100/idea.jpg,https://word.chuanxi.fun/images/01-100/044-idea.webp,https://word.chuanxi.fun/images/01-100/044-idea.jpg,512,512,14.1,38.5
45,woman,/ˈwʊmən/,n,n. 女人,True,01-100,images/01-100/woman.webp,images/01-100/woman.jpg,https://word.chuanxi.fun/images/01-100/045-woman.webp,https://word.chuanxi.fun/images/01-100/045-woman.jpg,512,512,9.6,28.2
46,ago,/əˈɡəʊ/,adv,adv. 以前,True,01-100,images/01-100/ago.webp,images/01-100/ago.jpg,https://word.chuanxi.fun/images/01-100/046-ago.webp,https://word.chuanxi.fun/images/01-100/046-ago.jpg,512,512,31.9,60.0
47,hour,/ˈaʊə/,n,n. 小时,True,01-100,images/01-100/hour.webp,images/01-100/hour.jpg,https://word.chuanxi.fun/images/01-100/047-hour.webp,https://word.chuanxi.fun/images/01-100/047-hour.jpg,512,512,20.2,45.9
48,turn,/tɜːn/,v,v. 转变,True,01-100,images/01-100/turn.webp,images/01-100/turn.jpg,https://word.chuanxi.fun/images/01-100/048-turn.webp,https://word.chuanxi.fun/images/01-100/048-turn.jpg,512,512,31.0,59.3
49,full,/fʊl/,adj,adj. 满的,True,01-100,images/01-100/full.webp,images/01-100/full.jpg,https://word.chuanxi.fun/images/01-100/049-full.webp,https://word.chuanxi.fun/images/01-100/049-full.jpg,512,512,20.7,48.6
50,science,/ˈsaɪəns/,n,n. 科学,True,01-100,images/01-100/science.webp,images/01-100/science.jpg,https://word.chuanxi.fun/images/01-100/050-science.webp,https://word.chuanxi.fun/images/01-100/050-science.jpg,512,512,22.6,48.6
51,month,/mʌnθ/,n,n. 月,True,01-100,images/01-100/month.webp,images/01-100/month.jpg,https://word.chuanxi.fun/images/01-100/051-month.webp,https://word.chuanxi.fun/images/01-100/051-month.jpg,512,512,21.9,46.9
52,health,/helθ/,n,n. 健康,True,01-100,images/01-100/health.webp,images/01-100/health.jpg,https://word.chuanxi.fun/images/01-100/052-health.webp,https://word.chuanxi.fun/images/01-100/052-health.jpg,512,512,18.5,41.2
53,close,/kləʊz/,adj,adj. 亲密的,True,01-100,images/01-100/close.webp,images/01-100/close.jpg,https://word.chuanxi.fun/images/01-100/053-close.webp,https://word.chuanxi.fun/images/01-100/053-close.jpg,512,512,30.5,63.8
54,run,/rʌn/,v,v. 跑,True,01-100,images/01-100/run.webp,images/01-100/run.jpg,https://word.chuanxi.fun/images/01-100/054-run.webp,https://word.chuanxi.fun/images/01-100/054-run.jpg,512,512,39.9,71.2
55,new,/njuː/,adj,adj. 新的,True,01-100,images/01-100/new.webp,images/01-100/new.jpg,https://word.chuanxi.fun/images/01-100/055-new.webp,https://word.chuanxi.fun/images/01-100/055-new.jpg,512,512,19.1,44.6
56,thank,/θæŋk/,v,v. 感谢,True,01-100,images/01-100/thank.webp,images/01-100/thank.jpg,https://word.chuanxi.fun/images/01-100/056-thank.webp,https://word.chuanxi.fun/images/01-100/056-thank.jpg,512,512,19.2,42.4
57,temple,/ˈtempl/,n,n. 寺庙,True,01-100,images/01-100/temple.webp,images/01-100/temple.jpg,https://word.chuanxi.fun/images/01-100/057-temple.webp,https://word.chuanxi.fun/images/01-100/057-temple.jpg,512,512,39.5,69.9
58,morning,/ˈmɔːnɪŋ/,n,n. 早晨,True,01-100,images/01-100/morning.webp,images/01-100/morning.jpg,https://word.chuanxi.fun/images/01-100/058-morning.webp,https://word.chuanxi.fun/images/01-100/058-morning.jpg,512,512,42.5,76.4
59,wonderful,/ˈwʌndəfl/,adj,adj. 美妙的,True,01-100,images/01-100/wonderful.webp,images/01-100/wonderful.jpg,https://word.chuanxi.fun/images/01-100/059-wonderful.webp,https://word.chuanxi.fun/images/01-100/059-wonderful.jpg,512,512,45.9,77.8
60,number,/ˈnʌmbə/,n,n. 数字,True,01-100,images/01-100/number.webp,images/01-100/number.jpg,https://word.chuanxi.fun/images/01-100/060-number.webp,https://word.chuanxi.fun/images/01-100/060-number.jpg,512,512,19.5,43.8
61,age,/eɪdʒ/,n,n. 年龄,True,01-100,images/01-100/age.webp,images/01-100/age.jpg,https://word.chuanxi.fun/images/01-100/061-age.webp,https://word.chuanxi.fun/images/01-100/061-age.jpg,512,512,18.7,43.9
62,hear,/hɪə/,v,v. 听见,True,01-100,images/01-100/hear.webp,images/01-100/hear.jpg,https://word.chuanxi.fun/images/01-100/062-hear.webp,https://word.chuanxi.fun/images/01-100/062-hear.jpg,512,512,19.2,43.4
63,minute,/ˈmɪnɪt/,n,n. 分钟,True,01-100,images/01-100/minute.webp,images/01-100/minute.jpg,https://word.chuanxi.fun/images/01-100/063-minute.webp,https://word.chuanxi.fun/images/01-100/063-minute.jpg,512,512,15.6,36.4
64,play,/pleɪ/,"v, n",v. 玩；n. 游戏,True,01-100,images/01-100/play.webp,images/01-100/play.jpg,https://word.chuanxi.fun/images/01-100/064-play.webp,https://word.chuanxi.fun/images/01-100/064-play.jpg,512,512,25.6,51.0
65,kill,/kɪl/,v,v. 杀,True,01-100,images/01-100/kill.webp,images/01-100/kill.jpg,https://word.chuanxi.fun/images/01-100/065-kill.webp,https://word.chuanxi.fun/images/01-100/065-kill.jpg,512,512,31.9,62.2
66,old,/əʊld/,adj,adj. 老的,True,01-100,images/01-100/old.webp,images/01-100/old.jpg,https://word.chuanxi.fun/images/01-100/066-old.webp,https://word.chuanxi.fun/images/01-100/066-old.jpg,512,512,36.0,63.8
67,eye,/aɪ/,n,n. 眼睛,True,01-100,images/01-100/eye.webp,images/01-100/eye.jpg,https://word.chuanxi.fun/images/01-100/067-eye.webp,https://word.chuanxi.fun/images/01-100/067-eye.jpg,512,512,21.5,50.6
68,beautiful,/ˈbjuːtɪfl/,adj,adj. 美丽的,True,01-100,images/01-100/beautiful.webp,images/01-100/beautiful.jpg,https://word.chuanxi.fun/images/01-100/068-beautiful.webp,https://word.chuanxi.fun/images/01-100/068-beautiful.jpg,512,512,45.8,75.6
69,brain,/breɪn/,n,n. 大脑,True,01-100,images/01-100/brain.webp,images/01-100/brain.jpg,https://word.chuanxi.fun/images/01-100/069-brain.webp,https://word.chuanxi.fun/images/01-100/069-brain.jpg,512,512,17.4,42.1
70,culture,/ˈkʌltʃə/,n,n. 文化,True,01-100,images/01-100/culture.webp,images/01-100/culture.jpg,https://word.chuanxi.fun/images/01-100/070-culture.webp,https://word.chuanxi.fun/images/01-100/070-culture.jpg,512,512,39.1,67.3
71,family,/ˈfæməli/,n,n. 家庭,True,01-100,images/01-100/family.webp,images/01-100/family.jpg,https://word.chuanxi.fun/images/01-100/071-family.webp,https://word.chuanxi.fun/images/01-100/071-family.jpg,512,512,43.1,76.5
72,large,/lɑːdʒ/,adj,adj. 大的,True,01-100,images/01-100/large.webp,images/01-100/large.jpg,https://word.chuanxi.fun/images/01-100/072-large.webp,https://word.chuanxi.fun/images/01-100/072-large.jpg,512,512,26.0,55.6
73,activity,/ækˈtɪvəti/,n,n. 活动,True,01-100,images/01-100/activity.webp,images/01-100/activity.jpg,https://word.chuanxi.fun/images/01-100/073-activity.webp,https://word.chuanxi.fun/images/01-100/073-activity.jpg,512,512,21.2,47.9
74,true,/truː/,adj,adj. 真实的,True,01-100,images/01-100/true.webp,images/01-100/true.jpg,https://word.chuanxi.fun/images/01-100/074-true.webp,https://word.chuanxi.fun/images/01-100/074-true.jpg,512,512,26.0,54.8
75,piece,/piːs/,n,n. 片,True,01-100,images/01-100/piece.webp,images/01-100/piece.jpg,https://word.chuanxi.fun/images/01-100/075-piece.webp,https://word.chuanxi.fun/images/01-100/075-piece.jpg,512,512,24.4,52.2
76,side,/saɪd/,n,n. 边,True,01-100,images/01-100/side.webp,images/01-100/side.jpg,https://word.chuanxi.fun/images/01-100/076-side.webp,https://word.chuanxi.fun/images/01-100/076-side.jpg,512,512,30.9,60.4
77,doctor,/ˈdɒktə/,n,n. 医生,True,01-100,images/01-100/doctor.webp,images/01-100/doctor.jpg,https://word.chuanxi.fun/images/01-100/077-doctor.webp,https://word.chuanxi.fun/images/01-100/077-doctor.jpg,512,512,26.9,55.3
78,read,/riːd/,v,v. 读,True,01-100,images/01-100/read.webp,images/01-100/read.jpg,https://word.chuanxi.fun/images/01-100/078-read.webp,https://word.chuanxi.fun/images/01-100/078-read.jpg,512,512,36.2,68.8
79,school,/skuːl/,n,n. 学校,True,01-100,images/01-100/school.webp,images/01-100/school.jpg,https://word.chuanxi.fun/images/01-100/079-school.webp,https://word.chuanxi.fun/images/01-100/079-school.jpg,512,512,33.6,64.5
80,mother,/ˈmʌðə/,n,n. 母亲,True,01-100,images/01-100/mother.webp,images/01-100/mother.jpg,https://word.chuanxi.fun/images/01-100/080-mother.webp,https://word.chuanxi.fun/images/01-100/080-mother.jpg,512,512,26.6,54.3
81,course,/kɔːs/,n,n. 课程,True,01-100,images/01-100/course.webp,images/01-100/course.jpg,https://word.chuanxi.fun/images/01-100/081-course.webp,https://word.chuanxi.fun/images/01-100/081-course.jpg,512,512,32.1,63.8
82,story,/ˈstɔːri/,n,n. 故事,True,01-100,images/01-100/story.webp,images/01-100/story.jpg,https://word.chuanxi.fun/images/01-100/082-story.webp,https://word.chuanxi.fun/images/01-100/082-story.jpg,512,512,35.8,68.4
83,house,/haʊs/,n,n. 房子,True,01-100,images/01-100/house.webp,images/01-100/house.jpg,https://word.chuanxi.fun/images/01-100/083-house.webp,https://word.chuanxi.fun/images/01-100/083-house.jpg,512,512,41.0,71.2
84,reason,/ˈriːzn/,n,n. 原因,True,01-100,images/01-100/reason.webp,images/01-100/reason.jpg,https://word.chuanxi.fun/images/01-100/084-reason.webp,https://word.chuanxi.fun/images/01-100/084-reason.jpg,512,512,29.0,58.7
85,pay,/peɪ/,"v, n",v. 支付；n. 报酬,True,01-100,images/01-100/pay.webp,images/01-100/pay.jpg,https://word.chuanxi.fun/images/01-100/085-pay.webp,https://word.chuanxi.fun/images/01-100/085-pay.jpg,512,512,36.2,66.5
86,remember,/rɪˈmembə/,v,v. 记住,True,01-100,images/01-100/remember.webp,images/01-100/remember.jpg,https://word.chuanxi.fun/images/01-100/086-remember.webp,https://word.chuanxi.fun/images/01-100/086-remember.jpg,512,512,32.5,64.4
87,already,/ɔːlˈredi/,adv,adv. 已经,True,01-100,images/01-100/already.webp,images/01-100/already.jpg,https://word.chuanxi.fun/images/01-100/087-already.webp,https://word.chuanxi.fun/images/01-100/087-already.jpg,512,512,31.4,60.2
88,teach,/tiːtʃ/,v,v. 教,True,01-100,images/01-100/teach.webp,images/01-100/teach.jpg,https://word.chuanxi.fun/images/01-100/088-teach.webp,https://word.chuanxi.fun/images/01-100/088-teach.jpg,512,512,24.6,52.5
89,drink,/drɪŋk/,"v, n",v. 喝；n. 饮料,True,01-100,images/01-100/drink.webp,images/01-100/drink.jpg,https://word.chuanxi.fun/images/01-100/089-drink.webp,https://word.chuanxi.fun/images/01-100/089-drink.jpg,512,512,34.9,66.1
90,machine,/məˈʃiːn/,n,n. 机器,True,01-100,images/01-100/machine.webp,images/01-100/machine.jpg,https://word.chuanxi.fun/images/01-100/090-machine.webp,https://word.chuanxi.fun/images/01-100/090-machine.jpg,512,512,32.1,61.7
91,technology,/tekˈnɒlədʒi/,n,n. 技术,True,01-100,images/01-100/technology.webp,images/01-100/technology.jpg,https://word.chuanxi.fun/images/01-100/091-technology.webp,https://word.chuanxi.fun/images/01-100/091-technology.jpg,512,512,32.2,62.9
92,tomorrow,/təˈmɒrəʊ/,n,n. 明天,True,01-100,images/01-100/tomorrow.webp,images/01-100/tomorrow.jpg,https://word.chuanxi.fun/images/01-100/092-tomorrow.webp,https://word.chuanxi.fun/images/01-100/092-tomorrow.jpg,512,512,49.7,80.2
93,practice,/ˈpræktɪs/,n,n. 练习,True,01-100,images/01-100/practice.webp,images/01-100/practice.jpg,https://word.chuanxi.fun/images/01-100/093-practice.webp,https://word.chuanxi.fun/images/01-100/093-practice.jpg,512,512,27.5,55.1
94,carry,/ˈkæri/,v,v. 携带,True,01-100,images/01-100/carry.webp,images/01-100/carry.jpg,https://word.chuanxi.fun/images/01-100/094-carry.webp,https://word.chuanxi.fun/images/01-100/094-carry.jpg,512,512,28.6,58.4
95,together,/təˈɡeðə(r)/,adv,adv. 一起,True,01-100,images/01-100/together.webp,images/01-100/together.jpg,https://word.chuanxi.fun/images/01-100/095-together.webp,https://word.chuanxi.fun/images/01-100/095-together.jpg,512,512,33.5,65.4
96,money,/ˈmʌni/,n,n. 钱,True,01-100,images/01-100/money.webp,images/01-100/money.jpg,https://word.chuanxi.fun/images/01-100/096-money.webp,https://word.chuanxi.fun/images/01-100/096-money.jpg,512,512,35.4,68.0
97,hard,/hɑːd/,"adj, adv",adj. 困难的；adv. 努力地,True,01-100,images/01-100/hard.webp,images/01-100/hard.jpg,https://word.chuanxi.fun/images/01-100/097-hard.webp,https://word.chuanxi.fun/images/01-100/097-hard.jpg,512,512,28.2,57.0
98,wife,/waɪf/,n,n. 妻子,True,01-100,images/01-100/wife.webp,images/01-100/wife.jpg,https://word.chuanxi.fun/images/01-100/098-wife.webp,https://word.chuanxi.fun/images/01-100/098-wife.jpg,512,512,36.5,68.1
99,almost,/ˈɔːlməʊst/,adv,adv. 几乎,True,01-100,images/01-100/almost.webp,images/01-100/almost.jpg,https://word.chuanxi.fun/images/01-100/099-almost.webp,https://word.chuanxi.fun/images/01-100/099-almost.jpg,512,512,29.0,59.7
100,spend,/spend/,v,v. 花费,True,01-100,images/01-100/spend.webp,images/01-100/spend.jpg,https://word.chuanxi.fun/images/01-100/100-spend.webp,https://word.chuanxi.fun/images/01-100/100-spend.jpg,512,512,34.2,66.2
101,job,/dʒɒb/,n,n. 工作,True,101-200,images/101-200/job.webp,images/101-200/job.jpg,https://word.chuanxi.fun/images/101-200/101-job.webp,https://word.chuanxi.fun/images/101-200/101-job.jpg,512,512,34.0,67.2
102,real,/rɪəl/,adj,adj. 真实的,True,101-200,images/101-200/real.webp,images/101-200/real.jpg,https://word.chuanxi.fun/images/101-200/102-real.webp,https://word.chuanxi.fun/images/101-200/102-real.jpg,512,512,32.3,63.3
103,difference,/ˈdɪfrəns/,n,n. 差异,True,101-200,images/101-200/difference.webp,images/101-200/difference.jpg,https://word.chuanxi.fun/images/101-200/103-difference.webp,https://word.chuanxi.fun/images/101-200/103-difference.jpg,512,512,24.6,52.9
104,begin,/bɪˈɡɪn/,v,v. 开始,True,101-200,images/101-200/begin.webp,images/101-200/begin.jpg,https://word.chuanxi.fun/images/101-200/104-begin.webp,https://word.chuanxi.fun/images/101-200/104-begin.jpg,512,512,25.3,53.8
105,action,/ˈækʃn/,n,n. 行动,True,101-200,images/101-200/action.webp,images/101-200/action.jpg,https://word.chuanxi.fun/images/101-200/105-action.webp,https://word.chuanxi.fun/images/101-200/105-action.jpg,512,512,35.2,67.5
106,nice,/naɪs/,adj,adj. 美好的,True,101-200,images/101-200/nice.webp,images/101-200/nice.jpg,https://word.chuanxi.fun/images/101-200/106-nice.webp,https://word.chuanxi.fun/images/101-200/106-nice.jpg,512,512,56.7,89.7
107,phone,/fəʊn/,n,n. 电话,True,101-200,images/101-200/phone.webp,images/101-200/phone.jpg,https://word.chuanxi.fun/images/101-200/107-phone.webp,https://word.chuanxi.fun/images/101-200/107-phone.jpg,512,512,27.3,57.6
108,dog,/dɒɡ/,n,n. 狗,True,101-200,images/101-200/dog.webp,images/101-200/dog.jpg,https://word.chuanxi.fun/images/101-200/108-dog.webp,https://word.chuanxi.fun/images/101-200/108-dog.jpg,512,512,44.2,77.4
109,everywhere,/ˈevriweə(r)/,adv,adv. 到处,True,101-200,images/101-200/everywhere.webp,images/101-200/everywhere.jpg,https://word.chuanxi.fun/images/101-200/109-everywhere.webp,https://word.chuanxi.fun/images/101-200/109-everywhere.jpg,512,512,74.9,105.8
110,meet,/miːt/,v,v. 遇见,True,101-200,images/101-200/meet.webp,images/101-200/meet.jpg,https://word.chuanxi.fun/images/101-200/110-meet.webp,https://word.chuanxi.fun/images/101-200/110-meet.jpg,512,512,43.8,76.0
111,young,/jʌŋ/,adj,adj. 年轻的,True,101-200,images/101-200/young.webp,images/101-200/young.jpg,https://word.chuanxi.fun/images/101-200/111-young.webp,https://word.chuanxi.fun/images/101-200/111-young.jpg,512,512,27.9,56.4
112,strong,/strɒŋ/,adj,adj. 强的,True,101-200,images/101-200/strong.webp,images/101-200/strong.jpg,https://word.chuanxi.fun/images/101-200/112-strong.webp,https://word.chuanxi.fun/images/101-200/112-strong.jpg,512,512,40.8,73.1
113,happy,/ˈhæpi/,adj,adj. 快乐的,True,101-200,images/101-200/happy.webp,images/101-200/happy.jpg,https://word.chuanxi.fun/images/101-200/113-happy.webp,https://word.chuanxi.fun/images/101-200/113-happy.jpg,512,512,46.9,79.7
114,write,/raɪt/,v,v. 写,True,101-200,images/101-200/write.webp,images/101-200/write.jpg,https://word.chuanxi.fun/images/101-200/114-write.webp,https://word.chuanxi.fun/images/101-200/114-write.jpg,512,512,20.7,50.2
115,moon,/muːn/,n,n. 月亮,True,101-200,images/101-200/moon.webp,images/101-200/moon.jpg,https://word.chuanxi.fun/images/101-200/115-moon.webp,https://word.chuanxi.fun/images/101-200/115-moon.jpg,512,512,30.6,63.0
116,friend,/frend/,n,n. 朋友,True,101-200,images/101-200/friend.webp,images/101-200/friend.jpg,https://word.chuanxi.fun/images/101-200/116-friend.webp,https://word.chuanxi.fun/images/101-200/116-friend.jpg,512,512,37.4,69.4
117,listen,/ˈlɪsn/,v,v. 听,True,101-200,images/101-200/listen.webp,images/101-200/listen.jpg,https://word.chuanxi.fun/images/101-200/117-listen.webp,https://word.chuanxi.fun/images/101-200/117-listen.jpg,512,512,26.5,55.0
118,knife,/naɪf/,n,n. 刀,True,101-200,images/101-200/knife.webp,images/101-200/knife.jpg,https://word.chuanxi.fun/images/101-200/118-knife.webp,https://word.chuanxi.fun/images/101-200/118-knife.jpg,512,512,17.6,44.3
119,enjoy,/ɪnˈdʒɔɪ/,v,v. 享受,True,101-200,images/101-200/enjoy.webp,images/101-200/enjoy.jpg,https://word.chuanxi.fun/images/101-200/119-enjoy.webp,https://word.chuanxi.fun/images/101-200/119-enjoy.jpg,512,512,23.7,51.6
120,miss,/mɪs/,v,v. 错过,True,101-200,images/101-200/miss.webp,images/101-200/miss.jpg,https://word.chuanxi.fun/images/101-200/120-miss.webp,https://word.chuanxi.fun/images/101-200/120-miss.jpg,512,512,24.4,54.8
121,heart,/hɑːt/,n,n. 心脏,True,101-200,images/101-200/heart.webp,images/101-200/heart.jpg,https://word.chuanxi.fun/images/101-200/121-heart.webp,https://word.chuanxi.fun/images/101-200/121-heart.jpg,512,512,25.5,53.6
122,mountain,/ˈmaʊntən/,n,n. 山,True,101-200,images/101-200/mountain.webp,images/101-200/mountain.jpg,https://word.chuanxi.fun/images/101-200/122-mountain.webp,https://word.chuanxi.fun/images/101-200/122-mountain.jpg,512,512,27.8,59.0
123,social,/ˈsəʊʃl/,adj,adj. 社会的,True,101-200,images/101-200/social.webp,images/101-200/social.jpg,https://word.chuanxi.fun/images/101-200/123-social.webp,https://word.chuanxi.fun/images/101-200/123-social.jpg,512,512,23.6,52.0
124,car,/kɑː(r)/,n,n. 汽车,True,101-200,images/101-200/car.webp,images/101-200/car.jpg,https://word.chuanxi.fun/images/101-200/124-car.webp,https://word.chuanxi.fun/images/101-200/124-car.jpg,512,512,20.4,48.8
125,ride,/raɪd/,v,v. 骑；乘坐,True,101-200,images/101-200/ride.webp,images/101-200/ride.jpg,https://word.chuanxi.fun/images/101-200/125-ride.webp,https://word.chuanxi.fun/images/101-200/125-ride.jpg,512,512,18.4,44.7
126,game,/ɡeɪm/,n,n. 游戏,True,101-200,images/101-200/game.webp,images/101-200/game.jpg,https://word.chuanxi.fun/images/101-200/126-game.webp,https://word.chuanxi.fun/images/101-200/126-game.jpg,512,512,23.0,51.1
127,boy,/bɔɪ/,n,n. 男孩,True,101-200,images/101-200/boy.webp,images/101-200/boy.jpg,https://word.chuanxi.fun/images/101-200/127-boy.webp,https://word.chuanxi.fun/images/101-200/127-boy.jpg,512,512,10.4,31.1
128,buy,/baɪ/,v,v. 买,True,101-200,images/101-200/buy.webp,images/101-200/buy.jpg,https://word.chuanxi.fun/images/101-200/128-buy.webp,https://word.chuanxi.fun/images/101-200/128-buy.jpg,512,512,22.9,52.7
129,flower,/ˈflaʊə(r)/,n,n. 花,True,101-200,images/101-200/flower.webp,images/101-200/flower.jpg,https://word.chuanxi.fun/images/101-200/129-flower.webp,https://word.chuanxi.fun/images/101-200/129-flower.jpg,512,512,15.1,40.1
130,choose,/tʃuːz/,v,v. 选择,True,101-200,images/101-200/choose.webp,images/101-200/choose.jpg,https://word.chuanxi.fun/images/101-200/130-choose.webp,https://word.chuanxi.fun/images/101-200/130-choose.jpg,512,512,16.4,42.3
131,fly,/flaɪ/,v,v. 飞,True,101-200,images/101-200/fly.webp,images/101-200/fly.jpg,https://word.chuanxi.fun/images/101-200/131-fly.webp,https://word.chuanxi.fun/images/101-200/131-fly.jpg,512,512,11.7,36.7
132,parent,/ˈpeərənt/,n,n. 父母,True,101-200,images/101-200/parent.webp,images/101-200/parent.jpg,https://word.chuanxi.fun/images/101-200/132-parent.webp,https://word.chuanxi.fun/images/101-200/132-parent.jpg,512,512,20.4,48.0
133,easy,/ˈiːzi/,adj,adj. 容易的,True,101-200,images/101-200/easy.webp,images/101-200/easy.jpg,https://word.chuanxi.fun/images/101-200/133-easy.webp,https://word.chuanxi.fun/images/101-200/133-easy.jpg,512,512,15.1,42.1
134,tool,/tuːl/,n,n. 工具,True,101-200,images/101-200/tool.webp,images/101-200/tool.jpg,https://word.chuanxi.fun/images/101-200/134-tool.webp,https://word.chuanxi.fun/images/101-200/134-tool.jpg,512,512,8.9,29.9
135,girl,/ɡɜːl/,n,n. 女孩,True,101-200,images/101-200/girl.webp,images/101-200/girl.jpg,https://word.chuanxi.fun/images/101-200/135-girl.webp,https://word.chuanxi.fun/images/101-200/135-girl.jpg,512,512,10.4,31.7
136,answer,/ˈɑːnsə(r)/,n,n. 答案,True,101-200,images/101-200/answer.webp,images/101-200/answer.jpg,https://word.chuanxi.fun/images/101-200/136-answer.webp,https://word.chuanxi.fun/images/101-200/136-answer.jpg,512,512,21.7,50.3
137,king,/kɪŋ/,n,n. 国王,True,101-200,images/101-200/king.webp,images/101-200/king.jpg,https://word.chuanxi.fun/images/101-200/137-king.webp,https://word.chuanxi.fun/images/101-200/137-king.jpg,512,512,17.5,43.4
138,father,/ˈfɑːðə(r)/,n,n. 父亲,True,101-200,images/101-200/father.webp,images/101-200/father.jpg,https://word.chuanxi.fun/images/101-200/138-father.webp,https://word.chuanxi.fun/images/101-200/138-father.jpg,512,512,17.6,44.3
139,watch,/wɒtʃ/,v,v. 看,True,101-200,images/101-200/watch.webp,images/101-200/watch.jpg,https://word.chuanxi.fun/images/101-200/139-watch.webp,https://word.chuanxi.fun/images/101-200/139-watch.jpg,512,512,14.3,37.9
140,night,/naɪt/,n,n. 夜晚,True,101-200,images/101-200/night.webp,images/101-200/night.jpg,https://word.chuanxi.fun/images/101-200/140-night.webp,https://word.chuanxi.fun/images/101-200/140-night.jpg,512,512,21.0,52.8
141,animal,/ˈænɪml/,n,n. 动物,True,101-200,images/101-200/animal.webp,images/101-200/animal.jpg,https://word.chuanxi.fun/images/101-200/141-animal.webp,https://word.chuanxi.fun/images/101-200/141-animal.jpg,512,512,14.8,39.5
142,teacher,/ˈtiːtʃə(r)/,n,n. 老师,True,101-200,images/101-200/teacher.webp,images/101-200/teacher.jpg,https://word.chuanxi.fun/images/101-200/142-teacher.webp,https://word.chuanxi.fun/images/101-200/142-teacher.jpg,512,512,19.3,47.0
143,period,/ˈpɪəriəd/,n,n. 时期,True,101-200,images/101-200/period.webp,images/101-200/period.jpg,https://word.chuanxi.fun/images/101-200/143-period.webp,https://word.chuanxi.fun/images/101-200/143-period.jpg,512,512,21.5,49.9
144,forget,/fəˈɡet/,v,v. 忘记,True,101-200,images/101-200/forget.webp,images/101-200/forget.jpg,https://word.chuanxi.fun/images/101-200/144-forget.webp,https://word.chuanxi.fun/images/101-200/144-forget.jpg,512,512,14.6,40.0
145,self,/self/,pron,pron. 自己,True,101-200,images/101-200/self.webp,images/101-200/self.jpg,https://word.chuanxi.fun/images/101-200/145-self.webp,https://word.chuanxi.fun/images/101-200/145-self.jpg,512,512,18.4,44.9
146,example,/ɪɡˈzɑːmpl/,n,n. 例子,True,101-200,images/101-200/example.webp,images/101-200/example.jpg,https://word.chuanxi.fun/images/101-200/146-example.webp,https://word.chuanxi.fun/images/101-200/146-example.jpg,512,512,21.3,51.2
147,sir,/sɜː(r)/,n,n. 先生,True,101-200,images/101-200/sir.webp,images/101-200/sir.jpg,https://word.chuanxi.fun/images/101-200/147-sir.webp,https://word.chuanxi.fun/images/101-200/147-sir.jpg,512,512,9.0,30.3
148,leader,/ˈliːdə(r)/,n,n. 领导者,True,101-200,images/101-200/leader.webp,images/101-200/leader.jpg,https://word.chuanxi.fun/images/101-200/148-leader.webp,https://word.chuanxi.fun/images/101-200/148-leader.jpg,512,512,19.6,46.6
149,fast,/fɑːst/,adv,adv. 快地,True,101-200,images/101-200/fast.webp,images/101-200/fast.jpg,https://word.chuanxi.fun/images/101-200/149-fast.webp,https://word.chuanxi.fun/images/101-200/149-fast.jpg,512,512,13.7,33.3
150,wear,/weə(r)/,v,v. 穿,True,101-200,images/101-200/wear.webp,images/101-200/wear.jpg,https://word.chuanxi.fun/images/101-200/150-wear.webp,https://word.chuanxi.fun/images/101-200/150-wear.jpg,512,512,17.3,44.8
151,street,/striːt/,n,n. 街道,True,101-200,images/101-200/street.webp,images/101-200/street.jpg,https://word.chuanxi.fun/images/101-200/151-street.webp,https://word.chuanxi.fun/images/101-200/151-street.jpg,512,512,24.9,53.3
152,city,/ˈsɪti/,n,n. 城市,True,101-200,images/101-200/city.webp,images/101-200/city.jpg,https://word.chuanxi.fun/images/101-200/152-city.webp,https://word.chuanxi.fun/images/101-200/152-city.jpg,512,512,32.3,62.5
153,pleasure,/ˈpleʒə(r)/,n,n. 快乐,True,101-200,images/101-200/pleasure.webp,images/101-200/pleasure.jpg,https://word.chuanxi.fun/images/101-200/153-pleasure.webp,https://word.chuanxi.fun/images/101-200/153-pleasure.jpg,512,512,14.5,39.7
154,agree,/əˈɡriː/,v,v. 同意,True,101-200,images/101-200/agree.webp,images/101-200/agree.jpg,https://word.chuanxi.fun/images/101-200/154-agree.webp,https://word.chuanxi.fun/images/101-200/154-agree.jpg,512,512,19.1,44.6
155,history,/ˈhɪstri/,n,n. 历史,True,101-200,images/101-200/history.webp,images/101-200/history.jpg,https://word.chuanxi.fun/images/101-200/155-history.webp,https://word.chuanxi.fun/images/101-200/155-history.jpg,512,512,14.8,40.2
156,ball,/bɔːl/,n,n. 球,True,101-200,images/101-200/ball.webp,images/101-200/ball.jpg,https://word.chuanxi.fun/images/101-200/156-ball.webp,https://word.chuanxi.fun/images/101-200/156-ball.jpg,512,512,8.7,30.9
157,language,/ˈlæŋɡwɪdʒ/,n,n. 语言,True,101-200,images/101-200/language.webp,images/101-200/language.jpg,https://word.chuanxi.fun/images/101-200/157-language.webp,https://word.chuanxi.fun/images/101-200/157-language.jpg,512,512,18.5,45.2
158,class,/klɑːs/,n,n. 班级,True,101-200,images/101-200/class.webp,images/101-200/class.jpg,https://word.chuanxi.fun/images/101-200/158-class.webp,https://word.chuanxi.fun/images/101-200/158-class.jpg,512,512,28.0,62.4
159,river,/ˈrɪvə(r)/,n,n. 河流,True,101-200,images/101-200/river.webp,images/101-200/river.jpg,https://word.chuanxi.fun/images/101-200/159-river.webp,https://word.chuanxi.fun/images/101-200/159-river.jpg,512,512,27.5,55.0
160,tiger,/ˈtaɪɡə(r)/,n,n. 老虎,True,101-200,images/101-200/tiger.webp,images/101-200/tiger.jpg,https://word.chuanxi.fun/images/101-200/160-tiger.webp,https://word.chuanxi.fun/images/101-200/160-tiger.jpg,512,512,21.0,46.4
161,imagine,/ɪˈmædʒɪn/,v,v. 想象,True,101-200,images/101-200/imagine.webp,images/101-200/imagine.jpg,https://word.chuanxi.fun/images/101-200/161-imagine.webp,https://word.chuanxi.fun/images/101-200/161-imagine.jpg,512,512,15.2,39.9
162,sun,/sʌn/,n,n. 太阳,True,101-200,images/101-200/sun.webp,images/101-200/sun.jpg,https://word.chuanxi.fun/images/101-200/162-sun.webp,https://word.chuanxi.fun/images/101-200/162-sun.jpg,512,512,12.8,40.5
163,husband,/ˈhʌzbənd/,n,n. 丈夫,True,101-200,images/101-200/husband.webp,images/101-200/husband.jpg,https://word.chuanxi.fun/images/101-200/163-husband.webp,https://word.chuanxi.fun/images/101-200/163-husband.jpg,512,512,20.1,47.0
164,snake,/sneɪk/,n,n. 蛇,True,101-200,images/101-200/snake.webp,images/101-200/snake.jpg,https://word.chuanxi.fun/images/101-200/164-snake.webp,https://word.chuanxi.fun/images/101-200/164-snake.jpg,512,512,17.8,39.7
165,breathe,/briːð/,v,v. 呼吸,True,101-200,images/101-200/breathe.webp,images/101-200/breathe.jpg,https://word.chuanxi.fun/images/101-200/165-breathe.webp,https://word.chuanxi.fun/images/101-200/165-breathe.jpg,512,512,11.7,32.4
166,lady,/ˈleɪdi/,n,n. 女士,True,101-200,images/101-200/lady.webp,images/101-200/lady.jpg,https://word.chuanxi.fun/images/101-200/166-lady.webp,https://word.chuanxi.fun/images/101-200/166-lady.jpg,512,512,8.4,27.9
167,week,/wiːk/,n,n. 周,True,101-200,images/101-200/week.webp,images/101-200/week.jpg,https://word.chuanxi.fun/images/101-200/167-week.webp,https://word.chuanxi.fun/images/101-200/167-week.jpg,512,512,12.3,34.3
168,smart,/smɑːt/,adj,adj. 聪明的,True,101-200,images/101-200/smart.webp,images/101-200/smart.jpg,https://word.chuanxi.fun/images/101-200/168-smart.webp,https://word.chuanxi.fun/images/101-200/168-smart.jpg,512,512,14.0,37.9
169,conversation,/ˌkɒnvəˈseɪʃn/,n,n. 对话,True,101-200,images/101-200/conversation.webp,images/101-200/conversation.jpg,https://word.chuanxi.fun/images/101-200/169-conversation.webp,https://word.chuanxi.fun/images/101-200/169-conversation.jpg,512,512,17.1,39.7
170,party,/ˈpɑːti/,n,n. 聚会,True,101-200,images/101-200/party.webp,images/101-200/party.jpg,https://word.chuanxi.fun/images/101-200/170-party.webp,https://word.chuanxi.fun/images/101-200/170-party.jpg,512,512,22.9,52.5
171,sorry,/ˈsɒri/,adj,adj. 抱歉的；难过的,True,101-200,images/101-200/sorry.webp,images/101-200/sorry.jpg,https://word.chuanxi.fun/images/101-200/171-sorry.webp,https://word.chuanxi.fun/images/101-200/171-sorry.jpg,512,512,17.1,42.2
172,war,/wɔː(r)/,n,n. 战争,True,101-200,images/101-200/war.webp,images/101-200/war.jpg,https://word.chuanxi.fun/images/101-200/172-war.webp,https://word.chuanxi.fun/images/101-200/172-war.jpg,512,512,26.0,54.2
173,sell,/sel/,v,v. 卖,True,101-200,images/101-200/sell.webp,images/101-200/sell.jpg,https://word.chuanxi.fun/images/101-200/173-sell.webp,https://word.chuanxi.fun/images/101-200/173-sell.jpg,512,512,18.6,44.7
174,super,/ˈsuːpə(r)/,adj,adj. 超级的,True,101-200,images/101-200/super.webp,images/101-200/super.jpg,https://word.chuanxi.fun/images/101-200/174-super.webp,https://word.chuanxi.fun/images/101-200/174-super.jpg,512,512,10.9,31.4
175,evening,/ˈiːvnɪŋ/,n,n. 傍晚,True,101-200,images/101-200/evening.webp,images/101-200/evening.jpg,https://word.chuanxi.fun/images/101-200/175-evening.webp,https://word.chuanxi.fun/images/101-200/175-evening.jpg,512,512,35.9,66.4
176,difficult,/ˈdɪfɪkəlt/,adj,adj. 困难的,True,101-200,images/101-200/difficult.webp,images/101-200/difficult.jpg,https://word.chuanxi.fun/images/101-200/176-difficult.webp,https://word.chuanxi.fun/images/101-200/176-difficult.jpg,512,512,26.6,54.5
177,door,/dɔː(r)/,n,n. 门,True,101-200,images/101-200/door.webp,images/101-200/door.jpg,https://word.chuanxi.fun/images/101-200/177-door.webp,https://word.chuanxi.fun/images/101-200/177-door.jpg,512,512,16.1,43.2
178,information,/ˌɪnfəˈmeɪʃn/,n,n. 信息,True,101-200,images/101-200/information.webp,images/101-200/information.jpg,https://word.chuanxi.fun/images/101-200/178-information.webp,https://word.chuanxi.fun/images/101-200/178-information.jpg,512,512,17.5,46.5
179,finish,/ˈfɪnɪʃ/,v,v. 完成,True,101-200,images/101-200/finish.webp,images/101-200/finish.jpg,https://word.chuanxi.fun/images/101-200/179-finish.webp,https://word.chuanxi.fun/images/101-200/179-finish.jpg,512,512,13.3,35.6
180,healthy,/ˈhelθi/,adj,adj. 健康的,True,101-200,images/101-200/healthy.webp,images/101-200/healthy.jpg,https://word.chuanxi.fun/images/101-200/180-healthy.webp,https://word.chuanxi.fun/images/101-200/180-healthy.jpg,512,512,13.8,35.2
181,medicine,/ˈmedsn/,n,n. 药物,True,101-200,images/101-200/medicine.webp,images/101-200/medicine.jpg,https://word.chuanxi.fun/images/101-200/181-medicine.webp,https://word.chuanxi.fun/images/101-200/181-medicine.jpg,512,512,27.4,55.0
182,catch,/kætʃ/,v,v. 捕获,True,101-200,images/101-200/catch.webp,images/101-200/catch.jpg,https://word.chuanxi.fun/images/101-200/182-catch.webp,https://word.chuanxi.fun/images/101-200/182-catch.jpg,512,512,14.6,37.3
183,stone,/stəʊn/,n,n. 石头,True,101-200,images/101-200/stone.webp,images/101-200/stone.jpg,https://word.chuanxi.fun/images/101-200/183-stone.webp,https://word.chuanxi.fun/images/101-200/183-stone.jpg,512,512,16.0,37.5
184,movie,/ˈmuːvi/,n,n. 电影,True,101-200,images/101-200/movie.webp,images/101-200/movie.jpg,https://word.chuanxi.fun/images/101-200/184-movie.webp,https://word.chuanxi.fun/images/101-200/184-movie.jpg,512,512,27.6,55.5
185,ready,/ˈredi/,adj,adj. 准备好的,True,101-200,images/101-200/ready.webp,images/101-200/ready.jpg,https://word.chuanxi.fun/images/101-200/185-ready.webp,https://word.chuanxi.fun/images/101-200/185-ready.jpg,512,512,26.2,57.2
186,event,/ɪˈvent/,n,n. 事件,True,101-200,images/101-200/event.webp,images/101-200/event.jpg,https://word.chuanxi.fun/images/101-200/186-event.webp,https://word.chuanxi.fun/images/101-200/186-event.jpg,512,512,28.7,59.5
187,son,/sʌn/,n,n. 儿子,True,101-200,images/101-200/son.webp,images/101-200/son.jpg,https://word.chuanxi.fun/images/101-200/187-son.webp,https://word.chuanxi.fun/images/101-200/187-son.jpg,512,512,17.5,42.5
188,visit,/ˈvɪzɪt/,v,v. 访问,True,101-200,images/101-200/visit.webp,images/101-200/visit.jpg,https://word.chuanxi.fun/images/101-200/188-visit.webp,https://word.chuanxi.fun/images/101-200/188-visit.jpg,512,512,31.4,63.8
189,save,/seɪv/,v,v. 节省,True,101-200,images/101-200/save.webp,images/101-200/save.jpg,https://word.chuanxi.fun/images/101-200/189-save.webp,https://word.chuanxi.fun/images/101-200/189-save.jpg,512,512,16.1,42.8
190,video,/ˈvɪdiəʊ/,n,n. 视频,True,101-200,images/101-200/video.webp,images/101-200/video.jpg,https://word.chuanxi.fun/images/101-200/190-video.webp,https://word.chuanxi.fun/images/101-200/190-video.jpg,512,512,20.7,48.5
191,dance,/dɑːns/,v,v. 跳舞,True,101-200,images/101-200/dance.webp,images/101-200/dance.jpg,https://word.chuanxi.fun/images/101-200/191-dance.webp,https://word.chuanxi.fun/images/101-200/191-dance.jpg,512,512,19.4,44.9
192,town,/taʊn/,n,n. 城镇,True,101-200,images/101-200/town.webp,images/101-200/town.jpg,https://word.chuanxi.fun/images/101-200/192-town.webp,https://word.chuanxi.fun/images/101-200/192-town.jpg,512,512,46.4,76.5
193,sing,/sɪŋ/,v,v. 唱,True,101-200,images/101-200/sing.webp,images/101-200/sing.jpg,https://word.chuanxi.fun/images/101-200/193-sing.webp,https://word.chuanxi.fun/images/101-200/193-sing.jpg,512,512,25.5,54.4
194,fruit,/fruːt/,n,n. 水果,True,101-200,images/101-200/fruit.webp,images/101-200/fruit.jpg,https://word.chuanxi.fun/images/101-200/194-fruit.webp,https://word.chuanxi.fun/images/101-200/194-fruit.jpg,512,512,27.5,54.0
195,farm,/fɑːm/,n,n. 农场,True,101-200,images/101-200/farm.webp,images/101-200/farm.jpg,https://word.chuanxi.fun/images/101-200/195-farm.webp,https://word.chuanxi.fun/images/101-200/195-farm.jpg,512,512,41.6,70.5
196,drama,/ˈdrɑːmə/,n,n. 戏剧,True,101-200,images/101-200/drama.webp,images/101-200/drama.jpg,https://word.chuanxi.fun/images/101-200/196-drama.webp,https://word.chuanxi.fun/images/101-200/196-drama.jpg,512,512,38.4,71.3
197,rich,/rɪtʃ/,adj,adj. 富有的,True,101-200,images/101-200/rich.webp,images/101-200/rich.jpg,https://word.chuanxi.fun/images/101-200/197-rich.webp,https://word.chuanxi.fun/images/101-200/197-rich.jpg,512,512,32.9,64.1
198,role,/rəʊl/,n,n. 角色,True,101-200,images/101-200/role.webp,images/101-200/role.jpg,https://word.chuanxi.fun/images/101-200/198-role.webp,https://word.chuanxi.fun/images/101-200/198-role.jpg,512,512,34.0,66.6
199,ugly,/ˈʌɡli/,adj,adj. 丑的,True,101-200,images/101-200/ugly.webp,images/101-200/ugly.jpg,https://word.chuanxi.fun/images/101-200/199-ugly.webp,https://word.chuanxi.fun/images/101-200/199-ugly.jpg,512,512,22.6,47.6
200,building,/ˈbɪldɪŋ/,n,n. 建筑,True,101-200,images/101-200/building.webp,images/101-200/building.jpg,https://word.chuanxi.fun/images/101-200/200-building.webp,https://word.chuanxi.fun/images/101-200/200-building.jpg,512,512,30.4,57.9
201,case,/keɪs/,n,n. 案例,True,201-300,images/201-300/case.webp,images/201-300/case.jpg,https://word.chuanxi.fun/images/201-300/201-case.webp,https://word.chuanxi.fun/images/201-300/201-case.jpg,512,512,36.2,69.8
202,personal,/ˈpɜːsənl/,adj,adj. 个人的,True,201-300,images/201-300/personal.webp,images/201-300/personal.jpg,https://word.chuanxi.fun/images/201-300/202-personal.webp,https://word.chuanxi.fun/images/201-300/202-personal.jpg,512,512,34.6,64.1
203,tooth,/tuːθ/,n,n. 牙齿,True,201-300,images/201-300/tooth.webp,images/201-300/tooth.jpg,https://word.chuanxi.fun/images/201-300/203-tooth.webp,https://word.chuanxi.fun/images/201-300/203-tooth.jpg,512,512,14.4,40.8
204,usually,/ˈjuːʒuəli/,adv,adv. 通常,True,201-300,images/201-300/usually.webp,images/201-300/usually.jpg,https://word.chuanxi.fun/images/201-300/204-usually.webp,https://word.chuanxi.fun/images/201-300/204-usually.jpg,512,512,40.8,75.5
205,yesterday,/ˈjestədeɪ/,n,n. 昨天,True,201-300,images/201-300/yesterday.webp,images/201-300/yesterday.jpg,https://word.chuanxi.fun/images/201-300/205-yesterday.webp,https://word.chuanxi.fun/images/201-300/205-yesterday.jpg,512,512,17.4,44.0
206,scientist,/ˈsaɪəntɪst/,n,n. 科学家,True,201-300,images/201-300/scientist.webp,images/201-300/scientist.jpg,https://word.chuanxi.fun/images/201-300/206-scientist.webp,https://word.chuanxi.fun/images/201-300/206-scientist.jpg,512,512,44.7,78.4
207,leaf,/liːf/,n,n. 叶子,True,201-300,images/201-300/leaf.webp,images/201-300/leaf.jpg,https://word.chuanxi.fun/images/201-300/207-leaf.webp,https://word.chuanxi.fun/images/201-300/207-leaf.jpg,512,512,25.2,52.9
208,farmer,/ˈfɑːmə(r)/,n,n. 农民,True,201-300,images/201-300/farmer.webp,images/201-300/farmer.jpg,https://word.chuanxi.fun/images/201-300/208-farmer.webp,https://word.chuanxi.fun/images/201-300/208-farmer.jpg,512,512,68.6,98.9
209,goal,/ɡəʊl/,n,n. 目标,True,201-300,images/201-300/goal.webp,images/201-300/goal.jpg,https://word.chuanxi.fun/images/201-300/209-goal.webp,https://word.chuanxi.fun/images/201-300/209-goal.jpg,512,512,23.8,54.0
210,thinking,/ˈθɪŋkɪŋ/,v,v. 思考,True,201-300,images/201-300/thinking.webp,images/201-300/thinking.jpg,https://word.chuanxi.fun/images/201-300/210-thinking.webp,https://word.chuanxi.fun/images/201-300/210-thinking.jpg,512,512,24.0,52.4
211,cook,/kʊk/,v,v. 烹饪,True,201-300,images/201-300/cook.webp,images/201-300/cook.jpg,https://word.chuanxi.fun/images/201-300/211-cook.webp,https://word.chuanxi.fun/images/201-300/211-cook.jpg,512,512,21.2,47.9
212,clothe,/kləʊð/,v,v. 给…穿衣,True,201-300,images/201-300/clothe.webp,images/201-300/clothe.jpg,https://word.chuanxi.fun/images/201-300/212-clothe.webp,https://word.chuanxi.fun/images/201-300/212-clothe.jpg,512,512,24.6,51.6
213,music,/ˈmjuːzɪk/,n,n. 音乐,True,201-300,images/201-300/music.webp,images/201-300/music.jpg,https://word.chuanxi.fun/images/201-300/213-music.webp,https://word.chuanxi.fun/images/201-300/213-music.jpg,512,512,19.1,44.7
214,bird,/bɜːd/,n,n. 鸟,True,201-300,images/201-300/bird.webp,images/201-300/bird.jpg,https://word.chuanxi.fun/images/201-300/214-bird.webp,https://word.chuanxi.fun/images/201-300/214-bird.jpg,512,512,26.0,52.4
215,dollar,/ˈdɒlə(r)/,n,n. 美元,True,201-300,images/201-300/dollar.webp,images/201-300/dollar.jpg,https://word.chuanxi.fun/images/201-300/215-dollar.webp,https://word.chuanxi.fun/images/201-300/215-dollar.jpg,512,512,24.6,52.8
216,terrible,/ˈterəbl/,adj,adj. 可怕的,True,201-300,images/201-300/terrible.webp,images/201-300/terrible.jpg,https://word.chuanxi.fun/images/201-300/216-terrible.webp,https://word.chuanxi.fun/images/201-300/216-terrible.jpg,512,512,22.5,49.1
217,hospital,/ˈhɒspɪtl/,n,n. 医院,True,201-300,images/201-300/hospital.webp,images/201-300/hospital.jpg,https://word.chuanxi.fun/images/201-300/217-hospital.webp,https://word.chuanxi.fun/images/201-300/217-hospital.jpg,512,512,25.9,53.4
218,successful,/səkˈsesfl/,adj,adj. 成功的,True,201-300,images/201-300/successful.webp,images/201-300/successful.jpg,https://word.chuanxi.fun/images/201-300/218-successful.webp,https://word.chuanxi.fun/images/201-300/218-successful.jpg,512,512,24.1,51.0
219,baby,/ˈbeɪbi/,n,n. 婴儿,True,201-300,images/201-300/baby.webp,images/201-300/baby.jpg,https://word.chuanxi.fun/images/201-300/219-baby.webp,https://word.chuanxi.fun/images/201-300/219-baby.jpg,512,512,19.2,46.5
220,soon,/suːn/,adv,adv. 很快,True,201-300,images/201-300/soon.webp,images/201-300/soon.jpg,https://word.chuanxi.fun/images/201-300/220-soon.webp,https://word.chuanxi.fun/images/201-300/220-soon.jpg,512,512,20.4,46.2
221,add,/æd/,v,v. 添加,True,201-300,images/201-300/add.webp,images/201-300/add.jpg,https://word.chuanxi.fun/images/201-300/221-add.webp,https://word.chuanxi.fun/images/201-300/221-add.jpg,512,512,18.5,41.1
222,color,/ˈkʌlə(r)/,n,n. 颜色,True,201-300,images/201-300/color.webp,images/201-300/color.jpg,https://word.chuanxi.fun/images/201-300/222-color.webp,https://word.chuanxi.fun/images/201-300/222-color.jpg,512,512,18.9,45.0
223,angry,/ˈæŋɡri/,adj,adj. 生气的,True,201-300,images/201-300/angry.webp,images/201-300/angry.jpg,https://word.chuanxi.fun/images/201-300/223-angry.webp,https://word.chuanxi.fun/images/201-300/223-angry.jpg,512,512,13.2,31.3
224,ground,/ɡraʊnd/,n,n. 地面,True,201-300,images/201-300/ground.webp,images/201-300/ground.jpg,https://word.chuanxi.fun/images/201-300/224-ground.webp,https://word.chuanxi.fun/images/201-300/224-ground.jpg,512,512,17.7,39.7
225,student,/ˈstjuːdnt/,n,n. 学生,True,201-300,images/201-300/student.webp,images/201-300/student.jpg,https://word.chuanxi.fun/images/201-300/225-student.webp,https://word.chuanxi.fun/images/201-300/225-student.jpg,512,512,17.9,42.5
226,leg,/leɡ/,n,n. 腿,True,201-300,images/201-300/leg.webp,images/201-300/leg.jpg,https://word.chuanxi.fun/images/201-300/226-leg.webp,https://word.chuanxi.fun/images/201-300/226-leg.jpg,512,512,12.7,34.9
227,engineer,/ˌendʒɪˈnɪə(r)/,n,n. 工程师,True,201-300,images/201-300/engineer.webp,images/201-300/engineer.jpg,https://word.chuanxi.fun/images/201-300/227-engineer.webp,https://word.chuanxi.fun/images/201-300/227-engineer.jpg,512,512,27.3,55.9
228,chair,/tʃeə(r)/,n,n. 椅子,True,201-300,images/201-300/chair.webp,images/201-300/chair.jpg,https://word.chuanxi.fun/images/201-300/228-chair.webp,https://word.chuanxi.fun/images/201-300/228-chair.jpg,512,512,14.3,35.5
229,size,/saɪz/,n,n. 大小,True,201-300,images/201-300/size.webp,images/201-300/size.jpg,https://word.chuanxi.fun/images/201-300/229-size.webp,https://word.chuanxi.fun/images/201-300/229-size.jpg,512,512,17.8,44.0
230,describe,/dɪˈskraɪb/,v,v. 描述,True,201-300,images/201-300/describe.webp,images/201-300/describe.jpg,https://word.chuanxi.fun/images/201-300/230-describe.webp,https://word.chuanxi.fun/images/201-300/230-describe.jpg,512,512,25.9,52.5
231,sick,/sɪk/,adj,adj. 病的,True,201-300,images/201-300/sick.webp,images/201-300/sick.jpg,https://word.chuanxi.fun/images/201-300/231-sick.webp,https://word.chuanxi.fun/images/201-300/231-sick.jpg,512,512,22.6,49.5
232,cold,/kəʊld/,adj,adj. 冷的,True,201-300,images/201-300/cold.webp,images/201-300/cold.jpg,https://word.chuanxi.fun/images/201-300/232-cold.webp,https://word.chuanxi.fun/images/201-300/232-cold.jpg,512,512,15.5,37.2
233,brother,/ˈbrʌðə(r)/,n,n. 兄弟,True,201-300,images/201-300/brother.webp,images/201-300/brother.jpg,https://word.chuanxi.fun/images/201-300/233-brother.webp,https://word.chuanxi.fun/images/201-300/233-brother.jpg,512,512,26.9,54.5
234,short,/ʃɔːt/,adj,adj. 短的,True,201-300,images/201-300/short.webp,images/201-300/short.jpg,https://word.chuanxi.fun/images/201-300/234-short.webp,https://word.chuanxi.fun/images/201-300/234-short.jpg,512,512,8.4,29.0
235,special,/ˈspeʃl/,adj,adj. 特殊的,True,201-300,images/201-300/special.webp,images/201-300/special.jpg,https://word.chuanxi.fun/images/201-300/235-special.webp,https://word.chuanxi.fun/images/201-300/235-special.jpg,512,512,19.9,45.5
236,often,/ˈɒfn/,adv,adv. 经常,True,201-300,images/201-300/often.webp,images/201-300/often.jpg,https://word.chuanxi.fun/images/201-300/236-often.webp,https://word.chuanxi.fun/images/201-300/236-often.jpg,512,512,20.8,46.8
237,daughter,/ˈdɔːtə(r)/,n,n. 女儿,True,201-300,images/201-300/daughter.webp,images/201-300/daughter.jpg,https://word.chuanxi.fun/images/201-300/237-daughter.webp,https://word.chuanxi.fun/images/201-300/237-daughter.jpg,512,512,22.6,48.1
238,stage,/steɪdʒ/,n,n. 阶段,True,201-300,images/201-300/stage.webp,images/201-300/stage.jpg,https://word.chuanxi.fun/images/201-300/238-stage.webp,https://word.chuanxi.fun/images/201-300/238-stage.jpg,512,512,16.2,37.1
239,wall,/wɔːl/,n,n. 墙,True,201-300,images/201-300/wall.webp,images/201-300/wall.jpg,https://word.chuanxi.fun/images/201-300/239-wall.webp,https://word.chuanxi.fun/images/201-300/239-wall.jpg,512,512,21.0,44.4
240,neighbor,/ˈneɪbə(r)/,n,n. 邻居,True,201-300,images/201-300/neighbor.webp,images/201-300/neighbor.jpg,https://word.chuanxi.fun/images/201-300/240-neighbor.webp,https://word.chuanxi.fun/images/201-300/240-neighbor.jpg,512,512,32.7,63.9
241,bed,/bed/,n,n. 床,True,201-300,images/201-300/bed.webp,images/201-300/bed.jpg,https://word.chuanxi.fun/images/201-300/241-bed.webp,https://word.chuanxi.fun/images/201-300/241-bed.jpg,512,512,15.8,36.6
242,monkey,/ˈmʌŋki/,n,n. 猴子,True,201-300,images/201-300/monkey.webp,images/201-300/monkey.jpg,https://word.chuanxi.fun/images/201-300/242-monkey.webp,https://word.chuanxi.fun/images/201-300/242-monkey.jpg,512,512,20.7,45.5
243,computer,/kəmˈpjuːtə(r)/,n,n. 电脑,True,201-300,images/201-300/computer.webp,images/201-300/computer.jpg,https://word.chuanxi.fun/images/201-300/243-computer.webp,https://word.chuanxi.fun/images/201-300/243-computer.jpg,512,512,19.1,48.9
244,brush,/brʌʃ/,v,v. 刷,True,201-300,images/201-300/brush.webp,images/201-300/brush.jpg,https://word.chuanxi.fun/images/201-300/244-brush.webp,https://word.chuanxi.fun/images/201-300/244-brush.jpg,512,512,18.9,43.2
245,field,/fiːld/,n,n. 领域,True,201-300,images/201-300/field.webp,images/201-300/field.jpg,https://word.chuanxi.fun/images/201-300/245-field.webp,https://word.chuanxi.fun/images/201-300/245-field.jpg,512,512,34.1,59.7
246,engineering,/ˌendʒɪˈnɪərɪŋ/,n,n. 工程学,True,201-300,images/201-300/engineering.webp,images/201-300/engineering.jpg,https://word.chuanxi.fun/images/201-300/246-engineering.webp,https://word.chuanxi.fun/images/201-300/246-engineering.jpg,512,512,33.9,64.5
247,quickly,/ˈkwɪkli/,adv,adv. 快地,True,201-300,images/201-300/quickly.webp,images/201-300/quickly.jpg,https://word.chuanxi.fun/images/201-300/247-quickly.webp,https://word.chuanxi.fun/images/201-300/247-quickly.jpg,512,512,16.4,39.6
248,window,/ˈwɪndəʊ/,n,n. 窗户,True,201-300,images/201-300/window.webp,images/201-300/window.jpg,https://word.chuanxi.fun/images/201-300/248-window.webp,https://word.chuanxi.fun/images/201-300/248-window.jpg,512,512,20.5,49.1
249,glad,/ɡlæd/,adj,adj. 高兴的,True,201-300,images/201-300/glad.webp,images/201-300/glad.jpg,https://word.chuanxi.fun/images/201-300/249-glad.webp,https://word.chuanxi.fun/images/201-300/249-glad.jpg,512,512,14.0,35.7
250,breakfast,/ˈbrekfəst/,n,n. 早餐,True,201-300,images/201-300/breakfast.webp,images/201-300/breakfast.jpg,https://word.chuanxi.fun/images/201-300/250-breakfast.webp,https://word.chuanxi.fun/images/201-300/250-breakfast.jpg,512,512,28.1,57.4
251,vegetable,/ˈvedʒtəbl/,n,n. 蔬菜,True,201-300,images/201-300/vegetable.webp,images/201-300/vegetable.jpg,https://word.chuanxi.fun/images/201-300/251-vegetable.webp,https://word.chuanxi.fun/images/201-300/251-vegetable.jpg,512,512,26.9,54.2
252,message,/ˈmesɪdʒ/,n,n. 消息,True,201-300,images/201-300/message.webp,images/201-300/message.jpg,https://word.chuanxi.fun/images/201-300/252-message.webp,https://word.chuanxi.fun/images/201-300/252-message.jpg,512,512,14.5,38.2
253,garden,/ˈɡɑːdn/,n,n. 花园,True,201-300,images/201-300/garden.webp,images/201-300/garden.jpg,https://word.chuanxi.fun/images/201-300/253-garden.webp,https://word.chuanxi.fun/images/201-300/253-garden.jpg,512,512,36.6,62.7
254,table,/ˈteɪbl/,n,n. 桌子,True,201-300,images/201-300/table.webp,images/201-300/table.jpg,https://word.chuanxi.fun/images/201-300/254-table.webp,https://word.chuanxi.fun/images/201-300/254-table.jpg,512,512,13.5,38.1
255,apple,/ˈæpl/,n,n. 苹果,True,201-300,images/201-300/apple.webp,images/201-300/apple.jpg,https://word.chuanxi.fun/images/201-300/255-apple.webp,https://word.chuanxi.fun/images/201-300/255-apple.jpg,512,512,10.8,29.2
256,sky,/skaɪ/,n,n. 天空,True,201-300,images/201-300/sky.webp,images/201-300/sky.jpg,https://word.chuanxi.fun/images/201-300/256-sky.webp,https://word.chuanxi.fun/images/201-300/256-sky.jpg,512,512,13.4,40.6
257,rain,/reɪn/,n,n. 雨,True,201-300,images/201-300/rain.webp,images/201-300/rain.jpg,https://word.chuanxi.fun/images/201-300/257-rain.webp,https://word.chuanxi.fun/images/201-300/257-rain.jpg,512,512,26.3,54.9
258,busy,/ˈbɪzi/,adj,adj. 忙碌的,True,201-300,images/201-300/busy.webp,images/201-300/busy.jpg,https://word.chuanxi.fun/images/201-300/258-busy.webp,https://word.chuanxi.fun/images/201-300/258-busy.jpg,512,512,27.1,56.4
259,peace,/piːs/,n,n. 和平,True,201-300,images/201-300/peace.webp,images/201-300/peace.jpg,https://word.chuanxi.fun/images/201-300/259-peace.webp,https://word.chuanxi.fun/images/201-300/259-peace.jpg,512,512,15.2,40.4
260,clean,/kliːn/,adj,adj. 干净的,True,201-300,images/201-300/clean.webp,images/201-300/clean.jpg,https://word.chuanxi.fun/images/201-300/260-clean.webp,https://word.chuanxi.fun/images/201-300/260-clean.jpg,512,512,11.5,32.8
261,cat,/kæt/,n,n. 猫,True,201-300,images/201-300/cat.webp,images/201-300/cat.jpg,https://word.chuanxi.fun/images/201-300/261-cat.webp,https://word.chuanxi.fun/images/201-300/261-cat.jpg,512,512,14.7,37.0
262,nose,/nəʊz/,n,n. 鼻子,True,201-300,images/201-300/nose.webp,images/201-300/nose.jpg,https://word.chuanxi.fun/images/201-300/262-nose.webp,https://word.chuanxi.fun/images/201-300/262-nose.jpg,512,512,19.4,46.2
263,dark,/dɑːk/,adj,adj. 黑暗的,True,201-300,images/201-300/dark.webp,images/201-300/dark.jpg,https://word.chuanxi.fun/images/201-300/263-dark.webp,https://word.chuanxi.fun/images/201-300/263-dark.jpg,512,512,17.2,45.7
264,team,/tiːm/,n,n. 团队,True,201-300,images/201-300/team.webp,images/201-300/team.jpg,https://word.chuanxi.fun/images/201-300/264-team.webp,https://word.chuanxi.fun/images/201-300/264-team.jpg,512,512,53.2,87.2
265,carefully,/ˈkeəfəli/,adv,adv. 小心地,True,201-300,images/201-300/carefully.webp,images/201-300/carefully.jpg,https://word.chuanxi.fun/images/201-300/265-carefully.webp,https://word.chuanxi.fun/images/201-300/265-carefully.jpg,512,512,14.8,36.1
266,sad,/sæd/,adj,adj. 悲伤的,True,201-300,images/201-300/sad.webp,images/201-300/sad.jpg,https://word.chuanxi.fun/images/201-300/266-sad.webp,https://word.chuanxi.fun/images/201-300/266-sad.jpg,512,512,34.2,65.4
267,news,/njuːz/,n,n. 新闻,True,201-300,images/201-300/news.webp,images/201-300/news.jpg,https://word.chuanxi.fun/images/201-300/267-news.webp,https://word.chuanxi.fun/images/201-300/267-news.jpg,512,512,50.0,82.3
268,art,/ɑːt/,n,n. 艺术,True,201-300,images/201-300/art.webp,images/201-300/art.jpg,https://word.chuanxi.fun/images/201-300/268-art.webp,https://word.chuanxi.fun/images/201-300/268-art.jpg,512,512,50.6,84.5
269,black,/blæk/,adj,adj. 黑色的,True,201-300,images/201-300/black.webp,images/201-300/black.jpg,https://word.chuanxi.fun/images/201-300/269-black.webp,https://word.chuanxi.fun/images/201-300/269-black.jpg,512,512,23.9,56.1
270,birth,/bɜːθ/,n,n. 出生,True,201-300,images/201-300/birth.webp,images/201-300/birth.jpg,https://word.chuanxi.fun/images/201-300/270-birth.webp,https://word.chuanxi.fun/images/201-300/270-birth.jpg,512,512,41.6,73.7
271,office,/ˈɒfɪs/,n,n. 办公室,True,201-300,images/201-300/office.webp,images/201-300/office.jpg,https://word.chuanxi.fun/images/201-300/271-office.webp,https://word.chuanxi.fun/images/201-300/271-office.jpg,512,512,46.0,79.4
272,coffee,/ˈkɒfi/,n,n. 咖啡,True,201-300,images/201-300/coffee.webp,images/201-300/coffee.jpg,https://word.chuanxi.fun/images/201-300/272-coffee.webp,https://word.chuanxi.fun/images/201-300/272-coffee.jpg,512,512,33.5,66.1
273,hair,/heə(r)/,n,n. 头发,True,201-300,images/201-300/hair.webp,images/201-300/hair.jpg,https://word.chuanxi.fun/images/201-300/273-hair.webp,https://word.chuanxi.fun/images/201-300/273-hair.jpg,512,512,45.8,77.4
274,ghost,/ɡəʊst/,n,n. 鬼,True,201-300,images/201-300/ghost.webp,images/201-300/ghost.jpg,https://word.chuanxi.fun/images/201-300/274-ghost.webp,https://word.chuanxi.fun/images/201-300/274-ghost.jpg,512,512,38.7,70.0
275,key,/kiː/,n,n. 钥匙,True,201-300,images/201-300/key.webp,images/201-300/key.jpg,https://word.chuanxi.fun/images/201-300/275-key.webp,https://word.chuanxi.fun/images/201-300/275-key.jpg,512,512,37.3,71.0
276,celebrate,/ˈselɪbreɪt/,v,v. 庆祝,True,201-300,images/201-300/celebrate.webp,images/201-300/celebrate.jpg,https://word.chuanxi.fun/images/201-300/276-celebrate.webp,https://word.chuanxi.fun/images/201-300/276-celebrate.jpg,512,512,48.9,82.7
277,hungry,/ˈhʌŋɡri/,adj,adj. 饥饿的,True,201-300,images/201-300/hungry.webp,images/201-300/hungry.jpg,https://word.chuanxi.fun/images/201-300/277-hungry.webp,https://word.chuanxi.fun/images/201-300/277-hungry.jpg,512,512,47.1,79.3
278,meal,/miːl/,n,n. 一餐,True,201-300,images/201-300/meal.webp,images/201-300/meal.jpg,https://word.chuanxi.fun/images/201-300/278-meal.webp,https://word.chuanxi.fun/images/201-300/278-meal.jpg,512,512,62.6,92.8
279,hall,/hɔːl/,n,n. 大厅,True,201-300,images/201-300/hall.webp,images/201-300/hall.jpg,https://word.chuanxi.fun/images/201-300/279-hall.webp,https://word.chuanxi.fun/images/201-300/279-hall.jpg,512,512,45.8,81.2
280,lunch,/lʌntʃ/,n,n. 午餐,True,201-300,images/201-300/lunch.webp,images/201-300/lunch.jpg,https://word.chuanxi.fun/images/201-300/280-lunch.webp,https://word.chuanxi.fun/images/201-300/280-lunch.jpg,512,512,56.6,89.2
281,hotel,/həʊˈtel/,n,n. 酒店,True,201-300,images/201-300/hotel.webp,images/201-300/hotel.jpg,https://word.chuanxi.fun/images/201-300/281-hotel.webp,https://word.chuanxi.fun/images/201-300/281-hotel.jpg,512,512,58.5,90.7
282,lonely,/ˈləʊnli/,adj,adj. 孤独的,True,201-300,images/201-300/lonely.webp,images/201-300/lonely.jpg,https://word.chuanxi.fun/images/201-300/282-lonely.webp,https://word.chuanxi.fun/images/201-300/282-lonely.jpg,512,512,51.8,83.0
283,bathroom,/ˈbɑːθruːm/,n,n. 浴室,True,201-300,images/201-300/bathroom.webp,images/201-300/bathroom.jpg,https://word.chuanxi.fun/images/201-300/283-bathroom.webp,https://word.chuanxi.fun/images/201-300/283-bathroom.jpg,512,512,46.2,79.1
284,collect,/kəˈlekt/,v,v. 收集,True,201-300,images/201-300/collect.webp,images/201-300/collect.jpg,https://word.chuanxi.fun/images/201-300/284-collect.webp,https://word.chuanxi.fun/images/201-300/284-collect.jpg,512,512,49.0,81.4
285,fun,/fʌn/,n,n. 乐趣,True,201-300,images/201-300/fun.webp,images/201-300/fun.jpg,https://word.chuanxi.fun/images/201-300/285-fun.webp,https://word.chuanxi.fun/images/201-300/285-fun.jpg,512,512,30.5,60.8
286,college,/ˈkɒlɪdʒ/,n,n. 学院,True,201-300,images/201-300/college.webp,images/201-300/college.jpg,https://word.chuanxi.fun/images/201-300/286-college.webp,https://word.chuanxi.fun/images/201-300/286-college.jpg,512,512,74.7,105.6
287,hill,/hɪl/,n,n. 山丘,True,201-300,images/201-300/hill.webp,images/201-300/hill.jpg,https://word.chuanxi.fun/images/201-300/287-hill.webp,https://word.chuanxi.fun/images/201-300/287-hill.jpg,512,512,53.2,82.8
288,favorite,/ˈfeɪvərɪt/,adj,adj. 最喜欢的,True,201-300,images/201-300/favorite.webp,images/201-300/favorite.jpg,https://word.chuanxi.fun/images/201-300/288-favorite.webp,https://word.chuanxi.fun/images/201-300/288-favorite.jpg,512,512,52.3,83.2
289,fill,/fɪl/,v,v. 装满,True,201-300,images/201-300/fill.webp,images/201-300/fill.jpg,https://word.chuanxi.fun/images/201-300/289-fill.webp,https://word.chuanxi.fun/images/201-300/289-fill.jpg,512,512,29.9,62.7
290,poor,/pɔː(r)/,adj,adj. 贫穷的,True,201-300,images/201-300/poor.webp,images/201-300/poor.jpg,https://word.chuanxi.fun/images/201-300/290-poor.webp,https://word.chuanxi.fun/images/201-300/290-poor.jpg,512,512,48.6,80.1
291,late,/leɪt/,adj,adj. 晚的,True,201-300,images/201-300/late.webp,images/201-300/late.jpg,https://word.chuanxi.fun/images/201-300/291-late.webp,https://word.chuanxi.fun/images/201-300/291-late.jpg,512,512,55.1,87.2
292,bone,/bəʊn/,n,n. 骨头,True,201-300,images/201-300/bone.webp,images/201-300/bone.jpg,https://word.chuanxi.fun/images/201-300/292-bone.webp,https://word.chuanxi.fun/images/201-300/292-bone.jpg,512,512,18.6,48.7
293,bridge,/brɪdʒ/,n,n. 桥,True,201-300,images/201-300/bridge.webp,images/201-300/bridge.jpg,https://word.chuanxi.fun/images/201-300/293-bridge.webp,https://word.chuanxi.fun/images/201-300/293-bridge.jpg,512,512,71.3,100.6
294,hole,/həʊl/,n,n. 洞,True,201-300,images/201-300/hole.webp,images/201-300/hole.jpg,https://word.chuanxi.fun/images/201-300/294-hole.webp,https://word.chuanxi.fun/images/201-300/294-hole.jpg,512,512,43.4,73.9
295,solve,/sɒlv/,v,v. 解决,True,201-300,images/201-300/solve.webp,images/201-300/solve.jpg,https://word.chuanxi.fun/images/201-300/295-solve.webp,https://word.chuanxi.fun/images/201-300/295-solve.jpg,512,512,45.4,79.8
296,bread,/bred/,n,n. 面包,True,201-300,images/201-300/bread.webp,images/201-300/bread.jpg,https://word.chuanxi.fun/images/201-300/296-bread.webp,https://word.chuanxi.fun/images/201-300/296-bread.jpg,512,512,55.9,85.8
297,afraid,/əˈfreɪd/,adj,adj. 害怕的,True,201-300,images/201-300/afraid.webp,images/201-300/afraid.jpg,https://word.chuanxi.fun/images/201-300/297-afraid.webp,https://word.chuanxi.fun/images/201-300/297-afraid.jpg,512,512,34.6,67.9
298,skill,/skɪl/,"n, v",n. 技能；v. 培训,True,201-300,images/201-300/skill.webp,images/201-300/skill.jpg,https://word.chuanxi.fun/images/201-300/298-skill.webp,https://word.chuanxi.fun/images/201-300/298-skill.jpg,512,512,23.7,53.7
299,arrive,/əˈraɪv/,v,v. 到达,True,201-300,images/201-300/arrive.webp,images/201-300/arrive.jpg,https://word.chuanxi.fun/images/201-300/299-arrive.webp,https://word.chuanxi.fun/images/201-300/299-arrive.jpg,512,512,59.8,92.0
300,bag,/bæɡ/,n,n. 袋子,True,201-300,images/201-300/bag.webp,images/201-300/bag.jpg,https://word.chuanxi.fun/images/201-300/300-bag.webp,https://word.chuanxi.fun/images/201-300/300-bag.jpg,512,512,15.9,32.2
301,television,/ˈtelɪvɪʒn/,n,n. 电视,True,301-400,images/301-400/television.webp,images/301-400/television.jpg,https://word.chuanxi.fun/images/301-400/301-television.webp,https://word.chuanxi.fun/images/301-400/301-television.jpg,512,512,9.3,23.8
302,card,/kɑːd/,n,n. 卡,True,301-400,images/301-400/card.webp,images/301-400/card.jpg,https://word.chuanxi.fun/images/301-400/302-card.webp,https://word.chuanxi.fun/images/301-400/302-card.jpg,512,512,10.4,24.6
303,box,/bɒks/,n,n. 盒子,True,301-400,images/301-400/box.webp,images/301-400/box.jpg,https://word.chuanxi.fun/images/301-400/303-box.webp,https://word.chuanxi.fun/images/301-400/303-box.jpg,512,512,13.7,30.8
304,wash,/wɒʃ/,v,v. 洗,True,301-400,images/301-400/wash.webp,images/301-400/wash.jpg,https://word.chuanxi.fun/images/301-400/304-wash.webp,https://word.chuanxi.fun/images/301-400/304-wash.jpg,512,512,20.5,40.5
305,ideal,/aɪˈdɪəl/,adj,adj. 理想的,True,301-400,images/301-400/ideal.webp,images/301-400/ideal.jpg,https://word.chuanxi.fun/images/301-400/305-ideal.webp,https://word.chuanxi.fun/images/301-400/305-ideal.jpg,512,512,16.2,33.6
306,clock,/klɒk/,n,n. 时钟,True,301-400,images/301-400/clock.webp,images/301-400/clock.jpg,https://word.chuanxi.fun/images/301-400/306-clock.webp,https://word.chuanxi.fun/images/301-400/306-clock.jpg,512,512,18.3,39.7
307,bike,/baɪk/,n,n. 自行车,True,301-400,images/301-400/bike.webp,images/301-400/bike.jpg,https://word.chuanxi.fun/images/301-400/307-bike.webp,https://word.chuanxi.fun/images/301-400/307-bike.jpg,512,512,23.1,44.4
308,floor,/flɔː(r)/,n,n. 地板,True,301-400,images/301-400/floor.webp,images/301-400/floor.jpg,https://word.chuanxi.fun/images/301-400/308-floor.webp,https://word.chuanxi.fun/images/301-400/308-floor.jpg,512,512,25.6,51.6
309,mouth,/maʊθ/,n,n. 嘴,True,301-400,images/301-400/mouth.webp,images/301-400/mouth.jpg,https://word.chuanxi.fun/images/301-400/309-mouth.webp,https://word.chuanxi.fun/images/301-400/309-mouth.jpg,512,512,22.3,45.8
310,paint,/peɪnt/,n,n. 油漆,True,301-400,images/301-400/paint.webp,images/301-400/paint.jpg,https://word.chuanxi.fun/images/301-400/310-paint.webp,https://word.chuanxi.fun/images/301-400/310-paint.jpg,512,512,18.1,38.4
311,pray,/preɪ/,v,v. 祈祷,True,301-400,images/301-400/pray.webp,images/301-400/pray.jpg,https://word.chuanxi.fun/images/301-400/311-pray.webp,https://word.chuanxi.fun/images/301-400/311-pray.jpg,512,512,16.2,33.7
312,lazy,/ˈleɪzi/,adj,adj. 懒惰的,True,301-400,images/301-400/lazy.webp,images/301-400/lazy.jpg,https://word.chuanxi.fun/images/301-400/312-lazy.webp,https://word.chuanxi.fun/images/301-400/312-lazy.jpg,512,512,17.6,39.8
313,subject,/ˈsʌbdʒɪkt/,n,n. 主题,True,301-400,images/301-400/subject.webp,images/301-400/subject.jpg,https://word.chuanxi.fun/images/301-400/313-subject.webp,https://word.chuanxi.fun/images/301-400/313-subject.jpg,512,512,16.0,33.6
314,weather,/ˈweðə(r)/,n,n. 天气,True,301-400,images/301-400/weather.webp,images/301-400/weather.jpg,https://word.chuanxi.fun/images/301-400/314-weather.webp,https://word.chuanxi.fun/images/301-400/314-weather.jpg,512,512,22.7,45.9
315,careful,/ˈkeəfl/,adj,adj. 小心的,True,301-400,images/301-400/careful.webp,images/301-400/careful.jpg,https://word.chuanxi.fun/images/301-400/315-careful.webp,https://word.chuanxi.fun/images/301-400/315-careful.jpg,512,512,14.2,29.0
316,glass,/ɡlɑːs/,n,n. 玻璃,True,301-400,images/301-400/glass.webp,images/301-400/glass.jpg,https://word.chuanxi.fun/images/301-400/316-glass.webp,https://word.chuanxi.fun/images/301-400/316-glass.jpg,512,512,14.3,32.4
317,palace,/ˈpæləs/,n,n. 宫殿,True,301-400,images/301-400/palace.webp,images/301-400/palace.jpg,https://word.chuanxi.fun/images/301-400/317-palace.webp,https://word.chuanxi.fun/images/301-400/317-palace.jpg,512,512,28.0,53.2
318,seat,/siːt/,n,n. 座位,True,301-400,images/301-400/seat.webp,images/301-400/seat.jpg,https://word.chuanxi.fun/images/301-400/318-seat.webp,https://word.chuanxi.fun/images/301-400/318-seat.jpg,512,512,19.5,40.0
319,grandfather,/ˈɡrænfɑːðə(r)/,n,n. 祖父,True,301-400,images/301-400/grandfather.webp,images/301-400/grandfather.jpg,https://word.chuanxi.fun/images/301-400/319-grandfather.webp,https://word.chuanxi.fun/images/301-400/319-grandfather.jpg,512,512,21.3,42.4
320,factory,/ˈfæktri/,n,n. 工厂,True,301-400,images/301-400/factory.webp,images/301-400/factory.jpg,https://word.chuanxi.fun/images/301-400/320-factory.webp,https://word.chuanxi.fun/images/301-400/320-factory.jpg,512,512,24.8,47.2
321,gift,/ɡɪft/,n,n. 礼物,True,301-400,images/301-400/gift.webp,images/301-400/gift.jpg,https://word.chuanxi.fun/images/301-400/321-gift.webp,https://word.chuanxi.fun/images/301-400/321-gift.jpg,512,512,17.8,37.4
322,hide,/haɪd/,v,v. 隐藏,True,301-400,images/301-400/hide.webp,images/301-400/hide.jpg,https://word.chuanxi.fun/images/301-400/322-hide.webp,https://word.chuanxi.fun/images/301-400/322-hide.jpg,512,512,17.8,38.8
323,meeting,/ˈmiːtɪŋ/,n,n. 会议,True,301-400,images/301-400/meeting.webp,images/301-400/meeting.jpg,https://word.chuanxi.fun/images/301-400/323-meeting.webp,https://word.chuanxi.fun/images/301-400/323-meeting.jpg,512,512,31.4,58.0
324,cow,/kaʊ/,n,n. 牛,True,301-400,images/301-400/cow.webp,images/301-400/cow.jpg,https://word.chuanxi.fun/images/301-400/324-cow.webp,https://word.chuanxi.fun/images/301-400/324-cow.jpg,512,512,29.1,54.7
325,pocket,/ˈpɒkɪt/,n,n. 口袋,True,301-400,images/301-400/pocket.webp,images/301-400/pocket.jpg,https://word.chuanxi.fun/images/301-400/325-pocket.webp,https://word.chuanxi.fun/images/301-400/325-pocket.jpg,512,512,36.4,62.9
326,beach,/biːtʃ/,n,n. 海滩,True,301-400,images/301-400/beach.webp,images/301-400/beach.jpg,https://word.chuanxi.fun/images/301-400/326-beach.webp,https://word.chuanxi.fun/images/301-400/326-beach.jpg,512,512,29.3,55.4
327,white,/waɪt/,adj,adj. 白色的,True,301-400,images/301-400/white.webp,images/301-400/white.jpg,https://word.chuanxi.fun/images/301-400/327-white.webp,https://word.chuanxi.fun/images/301-400/327-white.jpg,512,512,26.4,53.3
328,paper,/ˈpeɪpə(r)/,n,n. 纸,True,301-400,images/301-400/paper.webp,images/301-400/paper.jpg,https://word.chuanxi.fun/images/301-400/328-paper.webp,https://word.chuanxi.fun/images/301-400/328-paper.jpg,512,512,10.8,23.2
329,hot,/hɒt/,adj,adj. 热的,True,301-400,images/301-400/hot.webp,images/301-400/hot.jpg,https://word.chuanxi.fun/images/301-400/329-hot.webp,https://word.chuanxi.fun/images/301-400/329-hot.jpg,512,512,21.6,41.9
330,cloud,/klaʊd/,n,n. 云,True,301-400,images/301-400/cloud.webp,images/301-400/cloud.jpg,https://word.chuanxi.fun/images/301-400/330-cloud.webp,https://word.chuanxi.fun/images/301-400/330-cloud.jpg,512,512,12.6,30.9
331,kitchen,/ˈkɪtʃɪn/,n,n. 厨房,True,301-400,images/301-400/kitchen.webp,images/301-400/kitchen.jpg,https://word.chuanxi.fun/images/301-400/331-kitchen.webp,https://word.chuanxi.fun/images/301-400/331-kitchen.jpg,512,512,32.0,61.1
332,toilet,/ˈtɔɪlət/,n,n. 厕所,True,301-400,images/301-400/toilet.webp,images/301-400/toilet.jpg,https://word.chuanxi.fun/images/301-400/332-toilet.webp,https://word.chuanxi.fun/images/301-400/332-toilet.jpg,512,512,14.1,34.3
333,station,/ˈsteɪʃn/,n,n. 站,True,301-400,images/301-400/station.webp,images/301-400/station.jpg,https://word.chuanxi.fun/images/301-400/333-station.webp,https://word.chuanxi.fun/images/301-400/333-station.jpg,512,512,46.0,77.6
334,grandmother,/ˈɡrænmʌðə(r)/,n,n. 祖母,True,301-400,images/301-400/grandmother.webp,images/301-400/grandmother.jpg,https://word.chuanxi.fun/images/301-400/334-grandmother.webp,https://word.chuanxi.fun/images/301-400/334-grandmother.jpg,512,512,26.9,50.2
335,afternoon,/ˌɑːftəˈnuːn/,n,n. 下午,True,301-400,images/301-400/afternoon.webp,images/301-400/afternoon.jpg,https://word.chuanxi.fun/images/301-400/335-afternoon.webp,https://word.chuanxi.fun/images/301-400/335-afternoon.jpg,512,512,55.6,86.5
336,strange,/streɪndʒ/,adj,adj. 奇怪的,True,301-400,images/301-400/strange.webp,images/301-400/strange.jpg,https://word.chuanxi.fun/images/301-400/336-strange.webp,https://word.chuanxi.fun/images/301-400/336-strange.jpg,512,512,15.1,30.1
337,join,/dʒɔɪn/,v,v. 加入,True,301-400,images/301-400/join.webp,images/301-400/join.jpg,https://word.chuanxi.fun/images/301-400/337-join.webp,https://word.chuanxi.fun/images/301-400/337-join.jpg,512,512,28.7,52.8
338,summer,/ˈsʌmə(r)/,n,n. 夏天,True,301-400,images/301-400/summer.webp,images/301-400/summer.jpg,https://word.chuanxi.fun/images/301-400/338-summer.webp,https://word.chuanxi.fun/images/301-400/338-summer.jpg,512,512,28.4,52.7
339,corner,/ˈkɔːnə(r)/,n,n. 角落,True,301-400,images/301-400/corner.webp,images/301-400/corner.jpg,https://word.chuanxi.fun/images/301-400/339-corner.webp,https://word.chuanxi.fun/images/301-400/339-corner.jpg,512,512,12.9,30.8
340,song,/sɒŋ/,n,n. 歌,True,301-400,images/301-400/song.webp,images/301-400/song.jpg,https://word.chuanxi.fun/images/301-400/340-song.webp,https://word.chuanxi.fun/images/301-400/340-song.jpg,512,512,14.2,29.5
341,cinema,/ˈsɪnəmə/,n,n. 电影院,True,301-400,images/301-400/cinema.webp,images/301-400/cinema.jpg,https://word.chuanxi.fun/images/301-400/341-cinema.webp,https://word.chuanxi.fun/images/301-400/341-cinema.jpg,512,512,15.2,39.3
342,hat,/hæt/,n,n. 帽子,True,301-400,images/301-400/hat.webp,images/301-400/hat.jpg,https://word.chuanxi.fun/images/301-400/342-hat.webp,https://word.chuanxi.fun/images/301-400/342-hat.jpg,512,512,16.7,34.6
343,bus,/bʌs/,n,n. 公交车,True,301-400,images/301-400/bus.webp,images/301-400/bus.jpg,https://word.chuanxi.fun/images/301-400/343-bus.webp,https://word.chuanxi.fun/images/301-400/343-bus.jpg,512,512,21.0,42.2
344,dinner,/ˈdɪnə(r)/,n,n. 晚餐,True,301-400,images/301-400/dinner.webp,images/301-400/dinner.jpg,https://word.chuanxi.fun/images/301-400/344-dinner.webp,https://word.chuanxi.fun/images/301-400/344-dinner.jpg,512,512,45.1,75.9
345,heavy,/ˈhevi/,adj,adj. 重的,True,301-400,images/301-400/heavy.webp,images/301-400/heavy.jpg,https://word.chuanxi.fun/images/301-400/345-heavy.webp,https://word.chuanxi.fun/images/301-400/345-heavy.jpg,512,512,15.9,32.4
346,famous,/ˈfeɪməs/,adj,adj. 著名的,True,301-400,images/301-400/famous.webp,images/301-400/famous.jpg,https://word.chuanxi.fun/images/301-400/346-famous.webp,https://word.chuanxi.fun/images/301-400/346-famous.jpg,512,512,33.3,62.6
347,internet,/ˈɪntənet/,n,n. 互联网,True,301-400,images/301-400/internet.webp,images/301-400/internet.jpg,https://word.chuanxi.fun/images/301-400/347-internet.webp,https://word.chuanxi.fun/images/301-400/347-internet.jpg,512,512,21.1,39.5
348,sister,/ˈsɪstə(r)/,n,n. 姐妹,True,301-400,images/301-400/sister.webp,images/301-400/sister.jpg,https://word.chuanxi.fun/images/301-400/348-sister.webp,https://word.chuanxi.fun/images/301-400/348-sister.jpg,512,512,23.1,43.7
349,luck,/lʌk/,n,n. 运气,True,301-400,images/301-400/luck.webp,images/301-400/luck.jpg,https://word.chuanxi.fun/images/301-400/349-luck.webp,https://word.chuanxi.fun/images/301-400/349-luck.jpg,512,512,22.7,42.8
350,rat,/ræt/,n,n. 老鼠,True,301-400,images/301-400/rat.webp,images/301-400/rat.jpg,https://word.chuanxi.fun/images/301-400/350-rat.webp,https://word.chuanxi.fun/images/301-400/350-rat.jpg,512,512,17.8,34.1
351,repeat,/rɪˈpiːt/,v,v. 重复,True,301-400,images/301-400/repeat.webp,images/301-400/repeat.jpg,https://word.chuanxi.fun/images/301-400/351-repeat.webp,https://word.chuanxi.fun/images/301-400/351-repeat.jpg,512,512,13.4,28.6
352,celebration,/ˌselɪˈbreɪʃn/,n,n. 庆祝,True,301-400,images/301-400/celebration.webp,images/301-400/celebration.jpg,https://word.chuanxi.fun/images/301-400/352-celebration.webp,https://word.chuanxi.fun/images/301-400/352-celebration.jpg,512,512,35.1,65.5
353,drunk,/drʌŋk/,adj,adj. 醉的,True,301-400,images/301-400/drunk.webp,images/301-400/drunk.jpg,https://word.chuanxi.fun/images/301-400/353-drunk.webp,https://word.chuanxi.fun/images/301-400/353-drunk.jpg,512,512,18.9,38.5
354,expensive,/ɪkˈspensɪv/,adj,adj. 昂贵的,True,301-400,images/301-400/expensive.webp,images/301-400/expensive.jpg,https://word.chuanxi.fun/images/301-400/354-expensive.webp,https://word.chuanxi.fun/images/301-400/354-expensive.jpg,512,512,28.0,50.4
355,driver,/ˈdraɪvə(r)/,n,n. 司机,True,301-400,images/301-400/driver.webp,images/301-400/driver.jpg,https://word.chuanxi.fun/images/301-400/355-driver.webp,https://word.chuanxi.fun/images/301-400/355-driver.jpg,512,512,31.1,60.3
356,map,/mæp/,n,n. 地图,True,301-400,images/301-400/map.webp,images/301-400/map.jpg,https://word.chuanxi.fun/images/301-400/356-map.webp,https://word.chuanxi.fun/images/301-400/356-map.jpg,512,512,25.9,50.3
357,funny,/ˈfʌni/,adj,adj. 有趣的,True,301-400,images/301-400/funny.webp,images/301-400/funny.jpg,https://word.chuanxi.fun/images/301-400/357-funny.webp,https://word.chuanxi.fun/images/301-400/357-funny.jpg,512,512,28.8,53.4
358,knowing,/ˈnəʊɪŋ/,"v, n",v. 知道；n. 知晓,True,301-400,images/301-400/knowing.webp,images/301-400/knowing.jpg,https://word.chuanxi.fun/images/301-400/358-knowing.webp,https://word.chuanxi.fun/images/301-400/358-knowing.jpg,512,512,21.3,42.6
359,birthday,/ˈbɜːθdeɪ/,n,n. 生日,True,301-400,images/301-400/birthday.webp,images/301-400/birthday.jpg,https://word.chuanxi.fun/images/301-400/359-birthday.webp,https://word.chuanxi.fun/images/301-400/359-birthday.jpg,512,512,40.3,71.4
360,wheel,/wiːl/,n,n. 轮子,True,301-400,images/301-400/wheel.webp,images/301-400/wheel.jpg,https://word.chuanxi.fun/images/301-400/360-wheel.webp,https://word.chuanxi.fun/images/301-400/360-wheel.jpg,512,512,28.7,53.3
361,lovely,/ˈlʌvli/,adj,adj. 可爱的,True,301-400,images/301-400/lovely.webp,images/301-400/lovely.jpg,https://word.chuanxi.fun/images/301-400/361-lovely.webp,https://word.chuanxi.fun/images/301-400/361-lovely.jpg,512,512,28.2,50.0
362,blue,/bluː/,adj,adj. 蓝色的,True,301-400,images/301-400/blue.webp,images/301-400/blue.jpg,https://word.chuanxi.fun/images/301-400/362-blue.webp,https://word.chuanxi.fun/images/301-400/362-blue.jpg,512,512,30.5,57.2
363,awake,/əˈweɪk/,v,v. 醒来,True,301-400,images/301-400/awake.webp,images/301-400/awake.jpg,https://word.chuanxi.fun/images/301-400/363-awake.webp,https://word.chuanxi.fun/images/301-400/363-awake.jpg,512,512,36.0,63.8
364,sport,/spɔːt/,n,n. 运动,True,301-400,images/301-400/sport.webp,images/301-400/sport.jpg,https://word.chuanxi.fun/images/301-400/364-sport.webp,https://word.chuanxi.fun/images/301-400/364-sport.jpg,512,512,33.2,59.4
365,nationality,/ˌnæʃəˈnæləti/,n,n. 国籍,True,301-400,images/301-400/nationality.webp,images/301-400/nationality.jpg,https://word.chuanxi.fun/images/301-400/365-nationality.webp,https://word.chuanxi.fun/images/301-400/365-nationality.jpg,512,512,39.0,68.3
366,camera,/ˈkæmərə/,n,n. 照相机,True,301-400,images/301-400/camera.webp,images/301-400/camera.jpg,https://word.chuanxi.fun/images/301-400/366-camera.webp,https://word.chuanxi.fun/images/301-400/366-camera.jpg,512,512,24.9,46.8
367,introduce,/ˌɪntrəˈdjuːs/,v,v. 介绍,True,301-400,images/301-400/introduce.webp,images/301-400/introduce.jpg,https://word.chuanxi.fun/images/301-400/367-introduce.webp,https://word.chuanxi.fun/images/301-400/367-introduce.jpg,512,512,29.4,54.0
368,weekend,/ˌwiːkˈend/,n,n. 周末,True,301-400,images/301-400/weekend.webp,images/301-400/weekend.jpg,https://word.chuanxi.fun/images/301-400/368-weekend.webp,https://word.chuanxi.fun/images/301-400/368-weekend.jpg,512,512,30.4,53.7
369,shoe,/ʃuː/,n,n. 鞋,True,301-400,images/301-400/shoe.webp,images/301-400/shoe.jpg,https://word.chuanxi.fun/images/301-400/369-shoe.webp,https://word.chuanxi.fun/images/301-400/369-shoe.jpg,512,512,24.6,45.3
370,nothingness,/ˈnʌθɪŋnəs/,n,n. 虚无，空无,True,301-400,images/301-400/nothingness.webp,images/301-400/nothingness.jpg,https://word.chuanxi.fun/images/301-400/370-nothingness.webp,https://word.chuanxi.fun/images/301-400/370-nothingness.jpg,512,512,5.1,13.2
371,airplane,/ˈeəpleɪn/,n,n. 飞机,True,301-400,images/301-400/airplane.webp,images/301-400/airplane.jpg,https://word.chuanxi.fun/images/301-400/371-airplane.webp,https://word.chuanxi.fun/images/301-400/371-airplane.jpg,512,512,12.5,27.3
372,quarter,/ˈkwɔːtə(r)/,n,n. 四分之一,True,301-400,images/301-400/quarter.webp,images/301-400/quarter.jpg,https://word.chuanxi.fun/images/301-400/372-quarter.webp,https://word.chuanxi.fun/images/301-400/372-quarter.jpg,512,512,23.9,45.0
373,pig,/pɪɡ/,n,n. 猪,True,301-400,images/301-400/pig.webp,images/301-400/pig.jpg,https://word.chuanxi.fun/images/301-400/373-pig.webp,https://word.chuanxi.fun/images/301-400/373-pig.jpg,512,512,15.1,31.4
374,partner,/ˈpɑːtnə(r)/,n,n. 伙伴,True,301-400,images/301-400/partner.webp,images/301-400/partner.jpg,https://word.chuanxi.fun/images/301-400/374-partner.webp,https://word.chuanxi.fun/images/301-400/374-partner.jpg,512,512,22.9,44.5
375,uncle,/ˈʌŋkəl/,n,n. 叔叔,True,301-400,images/301-400/uncle.webp,images/301-400/uncle.jpg,https://word.chuanxi.fun/images/301-400/375-uncle.webp,https://word.chuanxi.fun/images/301-400/375-uncle.jpg,512,512,16.6,33.4
376,frog,/frɒɡ/,n,n. 青蛙,True,301-400,images/301-400/frog.webp,images/301-400/frog.jpg,https://word.chuanxi.fun/images/301-400/376-frog.webp,https://word.chuanxi.fun/images/301-400/376-frog.jpg,512,512,14.3,28.8
377,everyday,/ˈevrɪdeɪ/,adj,adj. 日常的,True,301-400,images/301-400/everyday.webp,images/301-400/everyday.jpg,https://word.chuanxi.fun/images/301-400/377-everyday.webp,https://word.chuanxi.fun/images/301-400/377-everyday.jpg,512,512,19.0,35.9
378,unknowingly,/ʌnˈnəʊɪŋlɪ/,adv,adv. 不知情地,True,301-400,images/301-400/unknowingly.webp,images/301-400/unknowingly.jpg,https://word.chuanxi.fun/images/301-400/378-unknowingly.webp,https://word.chuanxi.fun/images/301-400/378-unknowingly.jpg,512,512,17.6,36.0
379,meat,/miːt/,n,n. 肉,True,301-400,images/301-400/meat.webp,images/301-400/meat.jpg,https://word.chuanxi.fun/images/301-400/379-meat.webp,https://word.chuanxi.fun/images/301-400/379-meat.jpg,512,512,24.8,43.4
380,ticket,/ˈtɪkɪt/,n,n. 票,True,301-400,images/301-400/ticket.webp,images/301-400/ticket.jpg,https://word.chuanxi.fun/images/301-400/380-ticket.webp,https://word.chuanxi.fun/images/301-400/380-ticket.jpg,512,512,15.0,31.0
381,player,/ˈpleɪə/,n,n. 玩家,True,301-400,images/301-400/player.webp,images/301-400/player.jpg,https://word.chuanxi.fun/images/301-400/381-player.webp,https://word.chuanxi.fun/images/301-400/381-player.jpg,512,512,22.3,43.9
382,thin,/θɪn/,adj,adj. 瘦的,True,301-400,images/301-400/thin.webp,images/301-400/thin.jpg,https://word.chuanxi.fun/images/301-400/382-thin.webp,https://word.chuanxi.fun/images/301-400/382-thin.jpg,512,512,13.6,29.8
383,topic,/ˈtɒpɪk/,n,n. 话题,True,301-400,images/301-400/topic.webp,images/301-400/topic.jpg,https://word.chuanxi.fun/images/301-400/383-topic.webp,https://word.chuanxi.fun/images/301-400/383-topic.jpg,512,512,20.5,41.0
384,tall,/tɔːl/,adj,adj. 高的,True,301-400,images/301-400/tall.webp,images/301-400/tall.jpg,https://word.chuanxi.fun/images/301-400/384-tall.webp,https://word.chuanxi.fun/images/301-400/384-tall.jpg,512,512,18.9,34.2
385,spring,/sprɪŋ/,n,n. 春天,True,301-400,images/301-400/spring.webp,images/301-400/spring.jpg,https://word.chuanxi.fun/images/301-400/385-spring.webp,https://word.chuanxi.fun/images/301-400/385-spring.jpg,512,512,43.2,69.8
386,note,/nəʊt/,n,n. 便条,True,301-400,images/301-400/note.webp,images/301-400/note.jpg,https://word.chuanxi.fun/images/301-400/386-note.webp,https://word.chuanxi.fun/images/301-400/386-note.jpg,512,512,11.7,24.8
387,sea,/siː/,n,n. 海,True,301-400,images/301-400/sea.webp,images/301-400/sea.jpg,https://word.chuanxi.fun/images/301-400/387-sea.webp,https://word.chuanxi.fun/images/301-400/387-sea.jpg,512,512,28.0,53.3
388,dad,/dæd/,n,n. 爸爸,True,301-400,images/301-400/dad.webp,images/301-400/dad.jpg,https://word.chuanxi.fun/images/301-400/388-dad.webp,https://word.chuanxi.fun/images/301-400/388-dad.jpg,512,512,15.0,30.6
389,garbage,/ˈɡɑːbɪdʒ/,n,n. 垃圾,True,301-400,images/301-400/garbage.webp,images/301-400/garbage.jpg,https://word.chuanxi.fun/images/301-400/389-garbage.webp,https://word.chuanxi.fun/images/301-400/389-garbage.jpg,512,512,13.7,27.9
390,sugar,/ˈʃʊɡə/,n,n. 糖,True,301-400,images/301-400/sugar.webp,images/301-400/sugar.jpg,https://word.chuanxi.fun/images/301-400/390-sugar.webp,https://word.chuanxi.fun/images/301-400/390-sugar.jpg,512,512,20.3,37.9
391,horse,/hɔːs/,n,n. 马,True,301-400,images/301-400/horse.webp,images/301-400/horse.jpg,https://word.chuanxi.fun/images/301-400/391-horse.webp,https://word.chuanxi.fun/images/301-400/391-horse.jpg,512,512,18.2,37.4
392,actor,/ˈæktə/,n,n. 演员,True,301-400,images/301-400/actor.webp,images/301-400/actor.jpg,https://word.chuanxi.fun/images/301-400/392-actor.webp,https://word.chuanxi.fun/images/301-400/392-actor.jpg,512,512,23.1,46.6
393,orange,/ˈɒrɪndʒ/,adj,adj. 橙色的,True,301-400,images/301-400/orange.webp,images/301-400/orange.jpg,https://word.chuanxi.fun/images/301-400/393-orange.webp,https://word.chuanxi.fun/images/301-400/393-orange.jpg,512,512,20.1,38.2
394,kick,/kɪk/,v,v. 踢,True,301-400,images/301-400/kick.webp,images/301-400/kick.jpg,https://word.chuanxi.fun/images/301-400/394-kick.webp,https://word.chuanxi.fun/images/301-400/394-kick.jpg,512,512,15.9,31.2
395,cloth,/klɒθ/,n,n. 布,True,301-400,images/301-400/cloth.webp,images/301-400/cloth.jpg,https://word.chuanxi.fun/images/301-400/395-cloth.webp,https://word.chuanxi.fun/images/301-400/395-cloth.jpg,512,512,36.5,58.6
396,bath,/bɑːθ/,n,n. 洗澡,True,301-400,images/301-400/bath.webp,images/301-400/bath.jpg,https://word.chuanxi.fun/images/301-400/396-bath.webp,https://word.chuanxi.fun/images/301-400/396-bath.jpg,512,512,14.8,31.5
397,due,/djuː/,adj,adj. 由于,True,301-400,images/301-400/due.webp,images/301-400/due.jpg,https://word.chuanxi.fun/images/301-400/397-due.webp,https://word.chuanxi.fun/images/301-400/397-due.jpg,512,512,23.4,44.9
398,bucket,/ˈbʌkɪt/,n,n. 桶,True,301-400,images/301-400/bucket.webp,images/301-400/bucket.jpg,https://word.chuanxi.fun/images/301-400/398-bucket.webp,https://word.chuanxi.fun/images/301-400/398-bucket.jpg,512,512,10.8,20.8
399,item,/ˈaɪtəm/,n,n. 项目,True,301-400,images/301-400/item.webp,images/301-400/item.jpg,https://word.chuanxi.fun/images/301-400/399-item.webp,https://word.chuanxi.fun/images/301-400/399-item.jpg,512,512,6.2,17.0
400,subjectivity,/ˌsʌbdʒekˈtɪvəti/,n,n. 主观性,True,301-400,images/301-400/subjectivity.webp,images/301-400/subjectivity.jpg,https://word.chuanxi.fun/images/301-400/400-subjectivity.webp,https://word.chuanxi.fun/images/301-400/400-subjectivity.jpg,512,512,14.4,29.1
401,holiday,/ˈhɒlədeɪ/,n,n. 假期,True,401-500,images/401-500/holiday.webp,images/401-500/holiday.jpg,https://word.chuanxi.fun/images/401-500/401-holiday.webp,https://word.chuanxi.fun/images/401-500/401-holiday.jpg,512,512,13.6,33.1
402,bell,/bel/,n,n. 铃,True,401-500,images/401-500/bell.webp,images/401-500/bell.jpg,https://word.chuanxi.fun/images/401-500/402-bell.webp,https://word.chuanxi.fun/images/401-500/402-bell.jpg,512,512,15.4,30.3
403,soup,/suːp/,n,n. 汤,True,401-500,images/401-500/soup.webp,images/401-500/soup.jpg,https://word.chuanxi.fun/images/401-500/403-soup.webp,https://word.chuanxi.fun/images/401-500/403-soup.jpg,512,512,19.8,39.3
404,bedroom,/ˈbedruːm/,n,n. 卧室,True,401-500,images/401-500/bedroom.webp,images/401-500/bedroom.jpg,https://word.chuanxi.fun/images/401-500/404-bedroom.webp,https://word.chuanxi.fun/images/401-500/404-bedroom.jpg,512,512,20.6,41.9
405,truck,/trʌk/,n,n. 卡车,True,401-500,images/401-500/truck.webp,images/401-500/truck.jpg,https://word.chuanxi.fun/images/401-500/405-truck.webp,https://word.chuanxi.fun/images/401-500/405-truck.jpg,512,512,16.6,36.6
406,winter,/ˈwɪntə/,n,n. 冬天,True,401-500,images/401-500/winter.webp,images/401-500/winter.jpg,https://word.chuanxi.fun/images/401-500/406-winter.webp,https://word.chuanxi.fun/images/401-500/406-winter.jpg,512,512,18.2,36.0
407,discuss,/dɪˈskʌs/,v,v. 讨论,True,401-500,images/401-500/discuss.webp,images/401-500/discuss.jpg,https://word.chuanxi.fun/images/401-500/407-discuss.webp,https://word.chuanxi.fun/images/401-500/407-discuss.jpg,512,512,37.2,66.2
408,bottom,/ˈbɒtəm/,n,n. 底部,True,401-500,images/401-500/bottom.webp,images/401-500/bottom.jpg,https://word.chuanxi.fun/images/401-500/408-bottom.webp,https://word.chuanxi.fun/images/401-500/408-bottom.jpg,512,512,11.9,27.1
409,neck,/nek/,n,n. 脖子,True,401-500,images/401-500/neck.webp,images/401-500/neck.jpg,https://word.chuanxi.fun/images/401-500/409-neck.webp,https://word.chuanxi.fun/images/401-500/409-neck.jpg,512,512,12.4,29.5
410,yellow,/ˈjeləʊ/,adj,adj. 黄色的,True,401-500,images/401-500/yellow.webp,images/401-500/yellow.jpg,https://word.chuanxi.fun/images/401-500/410-yellow.webp,https://word.chuanxi.fun/images/401-500/410-yellow.jpg,512,512,22.6,43.7
411,swim,/swɪm/,v,v. 游泳,True,401-500,images/401-500/swim.webp,images/401-500/swim.jpg,https://word.chuanxi.fun/images/401-500/411-swim.webp,https://word.chuanxi.fun/images/401-500/411-swim.jpg,512,512,32.8,56.5
412,festival,/ˈfestɪvl/,n,n. 节日,True,401-500,images/401-500/festival.webp,images/401-500/festival.jpg,https://word.chuanxi.fun/images/401-500/412-festival.webp,https://word.chuanxi.fun/images/401-500/412-festival.jpg,512,512,41.2,71.2
413,page,/peɪdʒ/,n,n. 页,True,401-500,images/401-500/page.webp,images/401-500/page.jpg,https://word.chuanxi.fun/images/401-500/413-page.webp,https://word.chuanxi.fun/images/401-500/413-page.jpg,512,512,16.3,34.6
414,tomato,/təˈmɑːtəʊ/,n,n. 番茄,True,401-500,images/401-500/tomato.webp,images/401-500/tomato.jpg,https://word.chuanxi.fun/images/401-500/414-tomato.webp,https://word.chuanxi.fun/images/401-500/414-tomato.jpg,512,512,20.3,40.8
415,subjective,/səbˈdʒektɪv/,adj,adj. 主观的,True,401-500,images/401-500/subjective.webp,images/401-500/subjective.jpg,https://word.chuanxi.fun/images/401-500/415-subjective.webp,https://word.chuanxi.fun/images/401-500/415-subjective.jpg,512,512,29.4,55.5
416,jewelry,/ˈdʒuːəlri/,n,n. 珠宝,True,401-500,images/401-500/jewelry.webp,images/401-500/jewelry.jpg,https://word.chuanxi.fun/images/401-500/416-jewelry.webp,https://word.chuanxi.fun/images/401-500/416-jewelry.jpg,512,512,21.5,42.3
417,worker,/ˈwɜːkə/,n,n. 工人,True,401-500,images/401-500/worker.webp,images/401-500/worker.jpg,https://word.chuanxi.fun/images/401-500/417-worker.webp,https://word.chuanxi.fun/images/401-500/417-worker.jpg,512,512,17.2,33.8
418,noise,/nɔɪz/,n,n. 噪音,True,401-500,images/401-500/noise.webp,images/401-500/noise.jpg,https://word.chuanxi.fun/images/401-500/418-noise.webp,https://word.chuanxi.fun/images/401-500/418-noise.jpg,512,512,21.5,41.0
419,library,/ˈlaɪbrəri/,n,n. 图书馆,True,401-500,images/401-500/library.webp,images/401-500/library.jpg,https://word.chuanxi.fun/images/401-500/419-library.webp,https://word.chuanxi.fun/images/401-500/419-library.jpg,512,512,46.3,80.1
420,club,/klʌb/,n,n. 俱乐部,True,401-500,images/401-500/club.webp,images/401-500/club.jpg,https://word.chuanxi.fun/images/401-500/420-club.webp,https://word.chuanxi.fun/images/401-500/420-club.jpg,512,512,41.7,72.8
421,airport,/ˈeəpɔːt/,n,n. 机场,True,401-500,images/401-500/airport.webp,images/401-500/airport.jpg,https://word.chuanxi.fun/images/401-500/421-airport.webp,https://word.chuanxi.fun/images/401-500/421-airport.jpg,512,512,22.5,45.2
422,shoulder,/ˈʃəʊldə(r)/,n,n. 肩膀,True,401-500,images/401-500/shoulder.webp,images/401-500/shoulder.jpg,https://word.chuanxi.fun/images/401-500/422-shoulder.webp,https://word.chuanxi.fun/images/401-500/422-shoulder.jpg,512,512,17.6,37.2
423,pet,/pet/,n,n. 宠物,True,401-500,images/401-500/pet.webp,images/401-500/pet.jpg,https://word.chuanxi.fun/images/401-500/423-pet.webp,https://word.chuanxi.fun/images/401-500/423-pet.jpg,512,512,15.7,30.7
424,manure,/məˈnjʊə(r)/,n,n. 肥料,True,401-500,images/401-500/manure.webp,images/401-500/manure.jpg,https://word.chuanxi.fun/images/401-500/424-manure.webp,https://word.chuanxi.fun/images/401-500/424-manure.jpg,512,512,24.9,45.1
425,rice,/raɪs/,n,n. 米饭,True,401-500,images/401-500/rice.webp,images/401-500/rice.jpg,https://word.chuanxi.fun/images/401-500/425-rice.webp,https://word.chuanxi.fun/images/401-500/425-rice.jpg,512,512,24.5,46.3
426,vacation,/vəˈkeɪʃn/,n,n. 假期,True,401-500,images/401-500/vacation.webp,images/401-500/vacation.jpg,https://word.chuanxi.fun/images/401-500/426-vacation.webp,https://word.chuanxi.fun/images/401-500/426-vacation.jpg,512,512,13.6,33.1
427,cake,/keɪk/,n,n. 蛋糕,True,401-500,images/401-500/cake.webp,images/401-500/cake.jpg,https://word.chuanxi.fun/images/401-500/427-cake.webp,https://word.chuanxi.fun/images/401-500/427-cake.jpg,512,512,20.4,40.7
428,fan,/fæn/,n,n. 粉丝,True,401-500,images/401-500/fan.webp,images/401-500/fan.jpg,https://word.chuanxi.fun/images/401-500/428-fan.webp,https://word.chuanxi.fun/images/401-500/428-fan.jpg,512,512,14.8,30.0
429,bright,/braɪt/,adj,adj. 明亮的,True,401-500,images/401-500/bright.webp,images/401-500/bright.jpg,https://word.chuanxi.fun/images/401-500/429-bright.webp,https://word.chuanxi.fun/images/401-500/429-bright.jpg,512,512,20.3,40.6
430,band,/bænd/,n,n. 乐队,True,401-500,images/401-500/band.webp,images/401-500/band.jpg,https://word.chuanxi.fun/images/401-500/430-band.webp,https://word.chuanxi.fun/images/401-500/430-band.jpg,512,512,33.3,58.8
431,wellness,/ˈwelnəs/,n,n. 健康,True,401-500,images/401-500/wellness.webp,images/401-500/wellness.jpg,https://word.chuanxi.fun/images/401-500/431-wellness.webp,https://word.chuanxi.fun/images/401-500/431-wellness.jpg,512,512,16.9,35.7
432,church,/tʃɜːtʃ/,n,n. 教堂,True,401-500,images/401-500/church.webp,images/401-500/church.jpg,https://word.chuanxi.fun/images/401-500/432-church.webp,https://word.chuanxi.fun/images/401-500/432-church.jpg,512,512,19.7,39.2
433,prince,/prɪns/,n,n. 王子,True,401-500,images/401-500/prince.webp,images/401-500/prince.jpg,https://word.chuanxi.fun/images/401-500/433-prince.webp,https://word.chuanxi.fun/images/401-500/433-prince.jpg,512,512,17.0,33.1
434,knee,/niː/,n,n. 膝盖,True,401-500,images/401-500/knee.webp,images/401-500/knee.jpg,https://word.chuanxi.fun/images/401-500/434-knee.webp,https://word.chuanxi.fun/images/401-500/434-knee.jpg,512,512,8.9,21.2
435,speech,/spiːtʃ/,n,n. 演讲,True,401-500,images/401-500/speech.webp,images/401-500/speech.jpg,https://word.chuanxi.fun/images/401-500/435-speech.webp,https://word.chuanxi.fun/images/401-500/435-speech.jpg,512,512,20.1,41.5
436,boat,/bəʊt/,n,n. 小船，艇,True,401-500,images/401-500/boat.webp,images/401-500/boat.jpg,https://word.chuanxi.fun/images/401-500/436-boat.webp,https://word.chuanxi.fun/images/401-500/436-boat.jpg,512,512,21.0,39.6
437,lucky,/ˈlʌki/,adj,adj. 幸运的,True,401-500,images/401-500/lucky.webp,images/401-500/lucky.jpg,https://word.chuanxi.fun/images/401-500/437-lucky.webp,https://word.chuanxi.fun/images/401-500/437-lucky.jpg,512,512,17.5,34.2
438,football,/ˈfʊtbɔːl/,n,n. 足球,True,401-500,images/401-500/football.webp,images/401-500/football.jpg,https://word.chuanxi.fun/images/401-500/438-football.webp,https://word.chuanxi.fun/images/401-500/438-football.jpg,512,512,7.0,19.8
439,musician,/mjuˈzɪʃən/,n,n. 音乐家，乐手,True,401-500,images/401-500/musician.webp,images/401-500/musician.jpg,https://word.chuanxi.fun/images/401-500/439-musician.webp,https://word.chuanxi.fun/images/401-500/439-musician.jpg,512,512,18.6,36.6
440,character,/ˈkærəktə(r)/,n,n. 性格,True,401-500,images/401-500/character.webp,images/401-500/character.jpg,https://word.chuanxi.fun/images/401-500/440-character.webp,https://word.chuanxi.fun/images/401-500/440-character.jpg,512,512,17.1,37.5
441,elder,/ˈeldə(r)/,n,n. 兄长,True,401-500,images/401-500/elder.webp,images/401-500/elder.jpg,https://word.chuanxi.fun/images/401-500/441-elder.webp,https://word.chuanxi.fun/images/401-500/441-elder.jpg,512,512,31.4,58.3
442,island,/ˈaɪlənd/,n,n. 岛屿,True,401-500,images/401-500/island.webp,images/401-500/island.jpg,https://word.chuanxi.fun/images/401-500/442-island.webp,https://word.chuanxi.fun/images/401-500/442-island.jpg,512,512,24.9,45.4
443,milk,/mɪlk/,n,n. 牛奶,True,401-500,images/401-500/milk.webp,images/401-500/milk.jpg,https://word.chuanxi.fun/images/401-500/443-milk.webp,https://word.chuanxi.fun/images/401-500/443-milk.jpg,512,512,13.0,28.4
444,tv,/ˌtiː ˈviː/,n,n. 电视,True,401-500,images/401-500/tv.webp,images/401-500/tv.jpg,https://word.chuanxi.fun/images/401-500/444-tv.webp,https://word.chuanxi.fun/images/401-500/444-tv.jpg,512,512,8.1,22.5
445,lion,/ˈlaɪən/,n,n. 狮子,True,401-500,images/401-500/lion.webp,images/401-500/lion.jpg,https://word.chuanxi.fun/images/401-500/445-lion.webp,https://word.chuanxi.fun/images/401-500/445-lion.jpg,512,512,23.5,44.7
446,flag,/flæɡ/,n,n. 旗帜,True,401-500,images/401-500/flag.webp,images/401-500/flag.jpg,https://word.chuanxi.fun/images/401-500/446-flag.webp,https://word.chuanxi.fun/images/401-500/446-flag.jpg,512,512,16.5,34.4
447,selfishness,/ˈselfɪʃnəs/,n,n. 利己心,True,401-500,images/401-500/selfishness.webp,images/401-500/selfishness.jpg,https://word.chuanxi.fun/images/401-500/447-selfishness.webp,https://word.chuanxi.fun/images/401-500/447-selfishness.jpg,512,512,19.0,35.7
448,chicken,/ˈtʃɪkɪn/,n,n. 鸡,True,401-500,images/401-500/chicken.webp,images/401-500/chicken.jpg,https://word.chuanxi.fun/images/401-500/448-chicken.webp,https://word.chuanxi.fun/images/401-500/448-chicken.jpg,512,512,21.9,43.5
449,lesson,/ˈlesn/,n,n. 教训,True,401-500,images/401-500/lesson.webp,images/401-500/lesson.jpg,https://word.chuanxi.fun/images/401-500/449-lesson.webp,https://word.chuanxi.fun/images/401-500/449-lesson.jpg,512,512,23.3,47.7
450,ice,/aɪs/,n,n. 冰,True,401-500,images/401-500/ice.webp,images/401-500/ice.jpg,https://word.chuanxi.fun/images/401-500/450-ice.webp,https://word.chuanxi.fun/images/401-500/450-ice.jpg,512,512,27.9,52.4
451,site,/saɪt/,n,n. 墓地,True,401-500,images/401-500/site.webp,images/401-500/site.jpg,https://word.chuanxi.fun/images/401-500/451-site.webp,https://word.chuanxi.fun/images/401-500/451-site.jpg,512,512,49.4,78.8
452,poem,/ˈpəʊɪm/,n,n. 诗，诗篇,True,401-500,images/401-500/poem.webp,images/401-500/poem.jpg,https://word.chuanxi.fun/images/401-500/452-poem.webp,https://word.chuanxi.fun/images/401-500/452-poem.jpg,512,512,18.4,37.3
453,grandparent,/ˈɡrænpeərənt/,n,n. 祖父；祖母,True,401-500,images/401-500/grandparent.webp,images/401-500/grandparent.jpg,https://word.chuanxi.fun/images/401-500/453-grandparent.webp,https://word.chuanxi.fun/images/401-500/453-grandparent.jpg,512,512,30.6,56.1
454,sale,/seɪl/,n,n. 销售，出售,True,401-500,images/401-500/sale.webp,images/401-500/sale.jpg,https://word.chuanxi.fun/images/401-500/454-sale.webp,https://word.chuanxi.fun/images/401-500/454-sale.jpg,512,512,24.4,50.2
455,restaurant,/ˈrestrɒnt/,n,n. 餐馆,True,401-500,images/401-500/restaurant.webp,images/401-500/restaurant.jpg,https://word.chuanxi.fun/images/401-500/455-restaurant.webp,https://word.chuanxi.fun/images/401-500/455-restaurant.jpg,512,512,48.1,79.1
456,momentum,/məˈmentəm/,n,n. 势头,True,401-500,images/401-500/momentum.webp,images/401-500/momentum.jpg,https://word.chuanxi.fun/images/401-500/456-momentum.webp,https://word.chuanxi.fun/images/401-500/456-momentum.jpg,512,512,19.6,41.5
457,excellent,/ˈeksələnt/,adj,adj. 优秀的,True,401-500,images/401-500/excellent.webp,images/401-500/excellent.jpg,https://word.chuanxi.fun/images/401-500/457-excellent.webp,https://word.chuanxi.fun/images/401-500/457-excellent.jpg,512,512,18.9,40.0
458,letter,/ˈletə/,n,n. 信,True,401-500,images/401-500/letter.webp,images/401-500/letter.jpg,https://word.chuanxi.fun/images/401-500/458-letter.webp,https://word.chuanxi.fun/images/401-500/458-letter.jpg,512,512,12.7,27.0
459,dirty,/ˈdɜːti/,adj,adj. 脏的,True,401-500,images/401-500/dirty.webp,images/401-500/dirty.jpg,https://word.chuanxi.fun/images/401-500/459-dirty.webp,https://word.chuanxi.fun/images/401-500/459-dirty.jpg,512,512,10.1,22.9
460,bicycle,/ˈbaɪsɪkəl/,n,n. 自行车,True,401-500,images/401-500/bicycle.webp,images/401-500/bicycle.jpg,https://word.chuanxi.fun/images/401-500/460-bicycle.webp,https://word.chuanxi.fun/images/401-500/460-bicycle.jpg,512,512,22.1,43.5
461,guest,/ɡest/,n,n. 客人,True,401-500,images/401-500/guest.webp,images/401-500/guest.jpg,https://word.chuanxi.fun/images/401-500/461-guest.webp,https://word.chuanxi.fun/images/401-500/461-guest.jpg,512,512,38.2,69.3
462,legacy,/ˈleɡəsi/,n,n. 遗产,True,401-500,images/401-500/legacy.webp,images/401-500/legacy.jpg,https://word.chuanxi.fun/images/401-500/462-legacy.webp,https://word.chuanxi.fun/images/401-500/462-legacy.jpg,512,512,53.6,84.1
463,openness,/ˈəʊpənnəs/,n,n. 开放,True,401-500,images/401-500/openness.webp,images/401-500/openness.jpg,https://word.chuanxi.fun/images/401-500/463-openness.webp,https://word.chuanxi.fun/images/401-500/463-openness.jpg,512,512,33.5,62.3
464,newspaper,/ˈnjuːzpeɪpə/,n,n. 报纸,True,401-500,images/401-500/newspaper.webp,images/401-500/newspaper.jpg,https://word.chuanxi.fun/images/401-500/464-newspaper.webp,https://word.chuanxi.fun/images/401-500/464-newspaper.jpg,512,512,19.6,40.1
465,survey,/ˈsɜːveɪ/,n,n. 调查,True,401-500,images/401-500/survey.webp,images/401-500/survey.jpg,https://word.chuanxi.fun/images/401-500/465-survey.webp,https://word.chuanxi.fun/images/401-500/465-survey.jpg,512,512,25.7,47.7
466,shirt,/ʃɜːt/,n,n. 衬衫,True,401-500,images/401-500/shirt.webp,images/401-500/shirt.jpg,https://word.chuanxi.fun/images/401-500/466-shirt.webp,https://word.chuanxi.fun/images/401-500/466-shirt.jpg,512,512,25.2,49.3
467,incapable,/ɪnˈkeɪpəbəl/,adj,adj. 无能的,True,401-500,images/401-500/incapable.webp,images/401-500/incapable.jpg,https://word.chuanxi.fun/images/401-500/467-incapable.webp,https://word.chuanxi.fun/images/401-500/467-incapable.jpg,512,512,21.0,41.3
468,potato,/pəˈteɪtəʊ/,n,n. 土豆，马铃薯,True,401-500,images/401-500/potato.webp,images/401-500/potato.jpg,https://word.chuanxi.fun/images/401-500/468-potato.webp,https://word.chuanxi.fun/images/401-500/468-potato.jpg,512,512,25.2,46.2
469,sight,/saɪt/,n,n. 视力,True,401-500,images/401-500/sight.webp,images/401-500/sight.jpg,https://word.chuanxi.fun/images/401-500/469-sight.webp,https://word.chuanxi.fun/images/401-500/469-sight.jpg,512,512,27.5,51.9
470,plane,/pleɪn/,n,n. 飞机,True,401-500,images/401-500/plane.webp,images/401-500/plane.jpg,https://word.chuanxi.fun/images/401-500/470-plane.webp,https://word.chuanxi.fun/images/401-500/470-plane.jpg,512,512,11.9,26.1
471,handsome,/ˈhænsəm/,adj,adj. 英俊的,True,401-500,images/401-500/handsome.webp,images/401-500/handsome.jpg,https://word.chuanxi.fun/images/401-500/471-handsome.webp,https://word.chuanxi.fun/images/401-500/471-handsome.jpg,512,512,36.3,66.3
472,supermarket,/ˈsuːpəmɑːkɪt/,n,n. 超市,True,401-500,images/401-500/supermarket.webp,images/401-500/supermarket.jpg,https://word.chuanxi.fun/images/401-500/472-supermarket.webp,https://word.chuanxi.fun/images/401-500/472-supermarket.jpg,512,512,44.0,76.0
473,theater,/ˈθɪətə/,n,n. 剧院,True,401-500,images/401-500/theater.webp,images/401-500/theater.jpg,https://word.chuanxi.fun/images/401-500/473-theater.webp,https://word.chuanxi.fun/images/401-500/473-theater.jpg,512,512,35.2,65.6
474,sunny,/ˈsʌni/,adj,adj. 晴朗的,True,401-500,images/401-500/sunny.webp,images/401-500/sunny.jpg,https://word.chuanxi.fun/images/401-500/474-sunny.webp,https://word.chuanxi.fun/images/401-500/474-sunny.jpg,512,512,33.3,60.4
475,dosa,/ˈdəʊsə/,n,n. 多萨饼,True,401-500,images/401-500/dosa.webp,images/401-500/dosa.jpg,https://word.chuanxi.fun/images/401-500/475-dosa.webp,https://word.chuanxi.fun/images/401-500/475-dosa.jpg,512,512,26.5,49.0
476,cop,/kɒp/,n,n. 警察,True,401-500,images/401-500/cop.webp,images/401-500/cop.jpg,https://word.chuanxi.fun/images/401-500/476-cop.webp,https://word.chuanxi.fun/images/401-500/476-cop.jpg,512,512,27.9,52.0
477,couch,/kaʊtʃ/,n,n. 长沙发,True,401-500,images/401-500/couch.webp,images/401-500/couch.jpg,https://word.chuanxi.fun/images/401-500/477-couch.webp,https://word.chuanxi.fun/images/401-500/477-couch.jpg,512,512,20.6,40.5
478,ear,/ɪə/,n,n. 耳朵,True,401-500,images/401-500/ear.webp,images/401-500/ear.jpg,https://word.chuanxi.fun/images/401-500/478-ear.webp,https://word.chuanxi.fun/images/401-500/478-ear.jpg,512,512,14.0,31.2
479,habit,/ˈhæbɪt/,n,n. 习惯,True,401-500,images/401-500/habit.webp,images/401-500/habit.jpg,https://word.chuanxi.fun/images/401-500/479-habit.webp,https://word.chuanxi.fun/images/401-500/479-habit.jpg,512,512,30.5,57.7
480,pool,/puːl/,n,n. 水池；池塘,True,401-500,images/401-500/pool.webp,images/401-500/pool.jpg,https://word.chuanxi.fun/images/401-500/480-pool.webp,https://word.chuanxi.fun/images/401-500/480-pool.jpg,512,512,50.5,82.7
481,bee,/biː/,n,n. 蜜蜂,True,401-500,images/401-500/bee.webp,images/401-500/bee.jpg,https://word.chuanxi.fun/images/401-500/481-bee.webp,https://word.chuanxi.fun/images/401-500/481-bee.jpg,512,512,21.1,39.8
482,shy,/ʃaɪ/,adj,adj. 害羞的,True,401-500,images/401-500/shy.webp,images/401-500/shy.jpg,https://word.chuanxi.fun/images/401-500/482-shy.webp,https://word.chuanxi.fun/images/401-500/482-shy.jpg,512,512,18.3,40.8
483,photo,/ˈfəʊtəʊ/,n,n. 照片,True,401-500,images/401-500/photo.webp,images/401-500/photo.jpg,https://word.chuanxi.fun/images/401-500/483-photo.webp,https://word.chuanxi.fun/images/401-500/483-photo.jpg,512,512,21.2,42.9
484,corn,/kɔːn/,n,n. 玉米,True,401-500,images/401-500/corn.webp,images/401-500/corn.jpg,https://word.chuanxi.fun/images/401-500/484-corn.webp,https://word.chuanxi.fun/images/401-500/484-corn.jpg,512,512,26.5,49.6
485,sofa,/ˈsəʊfə/,n,n. 沙发,True,401-500,images/401-500/sofa.webp,images/401-500/sofa.jpg,https://word.chuanxi.fun/images/401-500/485-sofa.webp,https://word.chuanxi.fun/images/401-500/485-sofa.jpg,512,512,20.6,40.5
486,pair,/peə/,n,n. 一对,True,401-500,images/401-500/pair.webp,images/401-500/pair.jpg,https://word.chuanxi.fun/images/401-500/486-pair.webp,https://word.chuanxi.fun/images/401-500/486-pair.jpg,512,512,19.9,40.8
487,princess,/ˌprɪnˈses/,n,n. 公主,True,401-500,images/401-500/princess.webp,images/401-500/princess.jpg,https://word.chuanxi.fun/images/401-500/487-princess.webp,https://word.chuanxi.fun/images/401-500/487-princess.jpg,512,512,18.8,37.3
488,notebook,/ˈnəʊtbʊk/,n,n. 笔记本,True,401-500,images/401-500/notebook.webp,images/401-500/notebook.jpg,https://word.chuanxi.fun/images/401-500/488-notebook.webp,https://word.chuanxi.fun/images/401-500/488-notebook.jpg,512,512,18.2,35.2
489,dish,/dɪʃ/,n,n. 菜肴,True,401-500,images/401-500/dish.webp,images/401-500/dish.jpg,https://word.chuanxi.fun/images/401-500/489-dish.webp,https://word.chuanxi.fun/images/401-500/489-dish.jpg,512,512,23.4,41.5
490,cap,/kæp/,n,n. 帽子,True,401-500,images/401-500/cap.webp,images/401-500/cap.jpg,https://word.chuanxi.fun/images/401-500/490-cap.webp,https://word.chuanxi.fun/images/401-500/490-cap.jpg,512,512,17.9,35.4
491,jacket,/ˈdʒækɪt/,n,n. 夹克,True,401-500,images/401-500/jacket.webp,images/401-500/jacket.jpg,https://word.chuanxi.fun/images/401-500/491-jacket.webp,https://word.chuanxi.fun/images/401-500/491-jacket.jpg,512,512,14.9,28.9
492,magazine,/ˌmæɡəˈziːn/,n,n. 杂志,True,401-500,images/401-500/magazine.webp,images/401-500/magazine.jpg,https://word.chuanxi.fun/images/401-500/492-magazine.webp,https://word.chuanxi.fun/images/401-500/492-magazine.jpg,512,512,28.4,52.4
493,suggestion,/səˈdʒestʃən/,n,n. 建议,True,401-500,images/401-500/suggestion.webp,images/401-500/suggestion.jpg,https://word.chuanxi.fun/images/401-500/493-suggestion.webp,https://word.chuanxi.fun/images/401-500/493-suggestion.jpg,512,512,23.8,45.6
494,breadth,/bredθ/,n,n. 宽度,True,401-500,images/401-500/breadth.webp,images/401-500/breadth.jpg,https://word.chuanxi.fun/images/401-500/494-breadth.webp,https://word.chuanxi.fun/images/401-500/494-breadth.jpg,512,512,39.4,72.2
495,medically,/ˈmedɪkli/,adv,adv. 医学上,True,401-500,images/401-500/medically.webp,images/401-500/medically.jpg,https://word.chuanxi.fun/images/401-500/495-medically.webp,https://word.chuanxi.fun/images/401-500/495-medically.jpg,512,512,19.2,38.6
496,behind,/bɪˈhaɪnd/,prep,prep. 在...后面,True,401-500,images/401-500/behind.webp,images/401-500/behind.jpg,https://word.chuanxi.fun/images/401-500/496-behind.webp,https://word.chuanxi.fun/images/401-500/496-behind.jpg,512,512,16.1,33.0
497,strict,/strɪkt/,adj,adj. 严格的,True,401-500,images/401-500/strict.webp,images/401-500/strict.jpg,https://word.chuanxi.fun/images/401-500/497-strict.webp,https://word.chuanxi.fun/images/401-500/497-strict.jpg,512,512,21.6,44.9
498,cute,/kjuːt/,adj,adj. 可爱的,True,401-500,images/401-500/cute.webp,images/401-500/cute.jpg,https://word.chuanxi.fun/images/401-500/498-cute.webp,https://word.chuanxi.fun/images/401-500/498-cute.jpg,512,512,23.5,44.6
499,bodily,/ˈbɒdɪli/,adj,adj. 身体的,True,401-500,images/401-500/bodily.webp,images/401-500/bodily.jpg,https://word.chuanxi.fun/images/401-500/499-bodily.webp,https://word.chuanxi.fun/images/401-500/499-bodily.jpg,512,512,13.0,26.4
500,carrier,/ˈkæriə(r)/,n,n. 载体,True,401-500,images/401-500/carrier.webp,images/401-500/carrier.jpg,https://word.chuanxi.fun/images/401-500/500-carrier.webp,https://word.chuanxi.fun/images/401-500/500-carrier.jpg,512,512,21.5,43.0
501,thick,/θɪk/,adj,adj. 厚的,True,501-600,images/501-600/thick.webp,images/501-600/thick.jpg,https://word.chuanxi.fun/images/501-600/501-thick.webp,https://word.chuanxi.fun/images/501-600/501-thick.jpg,512,512,23.4,49.1
502,oneness,/ˈwʌnnəs/,n,n. 一体性,True,501-600,images/501-600/oneness.webp,images/501-600/oneness.jpg,https://word.chuanxi.fun/images/501-600/502-oneness.webp,https://word.chuanxi.fun/images/501-600/502-oneness.jpg,512,512,16.0,39.5
503,ten,/ten/,num,num. 十,True,501-600,images/501-600/ten.webp,images/501-600/ten.jpg,https://word.chuanxi.fun/images/501-600/503-ten.webp,https://word.chuanxi.fun/images/501-600/503-ten.jpg,512,512,13.5,36.7
504,discard,/dɪsˈkɑːd/,v,v. 丢弃，舍弃,True,501-600,images/501-600/discard.webp,images/501-600/discard.jpg,https://word.chuanxi.fun/images/501-600/504-discard.webp,https://word.chuanxi.fun/images/501-600/504-discard.jpg,512,512,23.0,44.2
505,tennis,/ˈtenɪs/,n,n. 网球（运动）,True,501-600,images/501-600/tennis.webp,images/501-600/tennis.jpg,https://word.chuanxi.fun/images/501-600/505-tennis.webp,https://word.chuanxi.fun/images/501-600/505-tennis.jpg,512,512,32.6,63.9
506,aunt,/ɑːnt/,n,n. 姑妈，姨妈，阿姨,True,501-600,images/501-600/aunt.webp,images/501-600/aunt.jpg,https://word.chuanxi.fun/images/501-600/506-aunt.webp,https://word.chuanxi.fun/images/501-600/506-aunt.jpg,512,512,30.3,60.4
507,periodically,/ˌpɪəriˈɒdɪkli/,adv,adv. 定期地,True,501-600,images/501-600/periodically.webp,images/501-600/periodically.jpg,https://word.chuanxi.fun/images/501-600/507-periodically.webp,https://word.chuanxi.fun/images/501-600/507-periodically.jpg,512,512,6.0,24.0
508,aging,/ˈeɪdʒɪŋ/,n,n. 衰老，老化,True,501-600,images/501-600/aging.webp,images/501-600/aging.jpg,https://word.chuanxi.fun/images/501-600/508-aging.webp,https://word.chuanxi.fun/images/501-600/508-aging.jpg,512,512,20.6,44.5
509,code,/kəʊd/,n,n. 代码,True,501-600,images/501-600/code.webp,images/501-600/code.jpg,https://word.chuanxi.fun/images/501-600/509-code.webp,https://word.chuanxi.fun/images/501-600/509-code.jpg,512,512,19.7,47.0
510,superman,/ˈsuːpəmæn/,n,n. 超人,True,501-600,images/501-600/superman.webp,images/501-600/superman.jpg,https://word.chuanxi.fun/images/501-600/510-superman.webp,https://word.chuanxi.fun/images/501-600/510-superman.jpg,512,512,15.0,38.5
511,math,/mæθ/,n,n. （美）数学,True,501-600,images/501-600/math.webp,images/501-600/math.jpg,https://word.chuanxi.fun/images/501-600/511-math.webp,https://word.chuanxi.fun/images/501-600/511-math.jpg,512,512,18.4,43.3
512,autumn,/ˈɔːtəm/,n,n. 秋天,True,501-600,images/501-600/autumn.webp,images/501-600/autumn.jpg,https://word.chuanxi.fun/images/501-600/512-autumn.webp,https://word.chuanxi.fun/images/501-600/512-autumn.jpg,512,512,22.2,49.7
513,tea,/tiː/,n,n. 茶,True,501-600,images/501-600/tea.webp,images/501-600/tea.jpg,https://word.chuanxi.fun/images/501-600/513-tea.webp,https://word.chuanxi.fun/images/501-600/513-tea.jpg,512,512,17.8,43.2
514,egg,/eɡ/,n,n. 蛋,True,501-600,images/501-600/egg.webp,images/501-600/egg.jpg,https://word.chuanxi.fun/images/501-600/514-egg.webp,https://word.chuanxi.fun/images/501-600/514-egg.jpg,512,512,17.9,45.2
515,nonstop,/ˌnɒnˈstɒp/,adj,adj. 不间断的,True,501-600,images/501-600/nonstop.webp,images/501-600/nonstop.jpg,https://word.chuanxi.fun/images/501-600/515-nonstop.webp,https://word.chuanxi.fun/images/501-600/515-nonstop.jpg,512,512,10.0,30.3
516,unreal,/ʌnˈrɪəl/,adj,adj. 不真实的,True,501-600,images/501-600/unreal.webp,images/501-600/unreal.jpg,https://word.chuanxi.fun/images/501-600/516-unreal.webp,https://word.chuanxi.fun/images/501-600/516-unreal.jpg,512,512,19.2,42.7
517,greet,/ɡriːt/,v,v. 迎接,True,501-600,images/501-600/greet.webp,images/501-600/greet.jpg,https://word.chuanxi.fun/images/501-600/517-greet.webp,https://word.chuanxi.fun/images/501-600/517-greet.jpg,512,512,33.2,64.0
518,painting,/ˈpeɪntɪŋ/,n,n. 绘画,True,501-600,images/501-600/painting.webp,images/501-600/painting.jpg,https://word.chuanxi.fun/images/501-600/518-painting.webp,https://word.chuanxi.fun/images/501-600/518-painting.jpg,512,512,25.6,53.4
519,tube,/tjuːb/,n,n. 管,True,501-600,images/501-600/tube.webp,images/501-600/tube.jpg,https://word.chuanxi.fun/images/501-600/519-tube.webp,https://word.chuanxi.fun/images/501-600/519-tube.jpg,512,512,13.5,36.4
520,cater,/ˈkeɪtə/,v,v. 迎合,True,501-600,images/501-600/cater.webp,images/501-600/cater.jpg,https://word.chuanxi.fun/images/501-600/520-cater.webp,https://word.chuanxi.fun/images/501-600/520-cater.jpg,512,512,29.4,57.6
521,blank,/blæŋk/,adj,adj. 空白的,True,501-600,images/501-600/blank.webp,images/501-600/blank.jpg,https://word.chuanxi.fun/images/501-600/521-blank.webp,https://word.chuanxi.fun/images/501-600/521-blank.jpg,512,512,8.3,28.8
522,healthful,/ˈhɛlθfʊl/,adj,adj. 有益健康的,True,501-600,images/501-600/healthful.webp,images/501-600/healthful.jpg,https://word.chuanxi.fun/images/501-600/522-healthful.webp,https://word.chuanxi.fun/images/501-600/522-healthful.jpg,512,512,21.5,43.5
523,button,/ˈbʌtən/,n,n. 按钮,True,501-600,images/501-600/button.webp,images/501-600/button.jpg,https://word.chuanxi.fun/images/501-600/523-button.webp,https://word.chuanxi.fun/images/501-600/523-button.jpg,512,512,21.2,48.0
524,drum,/drʌm/,n,n. 鼓,True,501-600,images/501-600/drum.webp,images/501-600/drum.jpg,https://word.chuanxi.fun/images/501-600/524-drum.webp,https://word.chuanxi.fun/images/501-600/524-drum.jpg,512,512,17.7,42.4
525,pen,/pɛn/,n,n. 笔,True,501-600,images/501-600/pen.webp,images/501-600/pen.jpg,https://word.chuanxi.fun/images/501-600/525-pen.webp,https://word.chuanxi.fun/images/501-600/525-pen.jpg,512,512,11.7,33.9
526,parenting,/ˈpeərəntɪŋ/,n,n. 育儿,True,501-600,images/501-600/parenting.webp,images/501-600/parenting.jpg,https://word.chuanxi.fun/images/501-600/526-parenting.webp,https://word.chuanxi.fun/images/501-600/526-parenting.jpg,512,512,30.4,59.2
527,poster,/ˈpəʊstə(r)/,n,n. 海报,True,501-600,images/501-600/poster.webp,images/501-600/poster.jpg,https://word.chuanxi.fun/images/501-600/527-poster.webp,https://word.chuanxi.fun/images/501-600/527-poster.jpg,512,512,16.7,45.3
528,fullness,/ˈfʊlnəs/,n,n. 充实,True,501-600,images/501-600/fullness.webp,images/501-600/fullness.jpg,https://word.chuanxi.fun/images/501-600/528-fullness.webp,https://word.chuanxi.fun/images/501-600/528-fullness.jpg,512,512,15.9,36.4
529,collection,/kəˈlekʃn/,n,n. 收藏,True,501-600,images/501-600/collection.webp,images/501-600/collection.jpg,https://word.chuanxi.fun/images/501-600/529-collection.webp,https://word.chuanxi.fun/images/501-600/529-collection.jpg,512,512,45.3,78.2
530,borrow,/ˈbɒrəʊ/,v,v. 借,True,501-600,images/501-600/borrow.webp,images/501-600/borrow.jpg,https://word.chuanxi.fun/images/501-600/530-borrow.webp,https://word.chuanxi.fun/images/501-600/530-borrow.jpg,512,512,23.5,52.3
531,fanatic,/fəˈnætɪk/,adj,adj. 狂热的,True,501-600,images/501-600/fanatic.webp,images/501-600/fanatic.jpg,https://word.chuanxi.fun/images/501-600/531-fanatic.webp,https://word.chuanxi.fun/images/501-600/531-fanatic.jpg,512,512,15.6,35.2
532,picnic,/ˈpɪknɪk/,n,n. 野餐,True,501-600,images/501-600/picnic.webp,images/501-600/picnic.jpg,https://word.chuanxi.fun/images/501-600/532-picnic.webp,https://word.chuanxi.fun/images/501-600/532-picnic.jpg,512,512,44.5,75.8
533,rebirth,/ˌriːˈbɜːθ/,n,n. 转世,True,501-600,images/501-600/rebirth.webp,images/501-600/rebirth.jpg,https://word.chuanxi.fun/images/501-600/533-rebirth.webp,https://word.chuanxi.fun/images/501-600/533-rebirth.jpg,512,512,22.6,46.5
534,dictionary,/ˈdɪkʃənri/,n,n. 词典,True,501-600,images/501-600/dictionary.webp,images/501-600/dictionary.jpg,https://word.chuanxi.fun/images/501-600/534-dictionary.webp,https://word.chuanxi.fun/images/501-600/534-dictionary.jpg,512,512,23.8,48.6
535,cup,/kʌp/,n,n. 杯子,True,501-600,images/501-600/cup.webp,images/501-600/cup.jpg,https://word.chuanxi.fun/images/501-600/535-cup.webp,https://word.chuanxi.fun/images/501-600/535-cup.jpg,512,512,14.5,38.6
536,english,/ˈɪŋɡlɪʃ/,adj,adj. 英语的,True,501-600,images/501-600/english.webp,images/501-600/english.jpg,https://word.chuanxi.fun/images/501-600/536-english.webp,https://word.chuanxi.fun/images/501-600/536-english.jpg,512,512,13.3,34.8
537,mean,/miːn/,v,v. 意味着,True,501-600,images/501-600/mean.webp,images/501-600/mean.jpg,https://word.chuanxi.fun/images/501-600/537-mean.webp,https://word.chuanxi.fun/images/501-600/537-mean.jpg,512,512,11.0,33.4
538,human,/ˈhjuːmən/,adj,adj. 人的,True,501-600,images/501-600/human.webp,images/501-600/human.jpg,https://word.chuanxi.fun/images/501-600/538-human.webp,https://word.chuanxi.fun/images/501-600/538-human.jpg,512,512,10.9,33.5
539,good,/ɡʊd/,adj,adj. 好的,True,501-600,images/501-600/good.webp,images/501-600/good.jpg,https://word.chuanxi.fun/images/501-600/539-good.webp,https://word.chuanxi.fun/images/501-600/539-good.jpg,512,512,23.3,52.6
540,mind,/maɪnd/,n,n. 心灵,True,501-600,images/501-600/mind.webp,images/501-600/mind.jpg,https://word.chuanxi.fun/images/501-600/540-mind.webp,https://word.chuanxi.fun/images/501-600/540-mind.jpg,512,512,24.0,53.6
541,call,/kɔːl/,v,v. 叫,True,501-600,images/501-600/call.webp,images/501-600/call.jpg,https://word.chuanxi.fun/images/501-600/541-call.webp,https://word.chuanxi.fun/images/501-600/541-call.jpg,512,512,19.1,39.8
542,live,/lɪv/,v,v. 生活,True,501-600,images/501-600/live.webp,images/501-600/live.jpg,https://word.chuanxi.fun/images/501-600/542-live.webp,https://word.chuanxi.fun/images/501-600/542-live.jpg,512,512,36.7,68.5
543,talk,/tɔːk/,v,v. 谈话,True,501-600,images/501-600/talk.webp,images/501-600/talk.jpg,https://word.chuanxi.fun/images/501-600/543-talk.webp,https://word.chuanxi.fun/images/501-600/543-talk.jpg,512,512,22.8,47.8
544,certain,/ˈsɜːtn/,adj,adj. 某些,True,501-600,images/501-600/certain.webp,images/501-600/certain.jpg,https://word.chuanxi.fun/images/501-600/544-certain.webp,https://word.chuanxi.fun/images/501-600/544-certain.jpg,512,512,18.1,43.9
545,experience,/ɪkˈspɪəriəns/,n,n. 经验,True,501-600,images/501-600/experience.webp,images/501-600/experience.jpg,https://word.chuanxi.fun/images/501-600/545-experience.webp,https://word.chuanxi.fun/images/501-600/545-experience.jpg,512,512,47.9,79.6
546,try,/traɪ/,v,v. 尝试,True,501-600,images/501-600/try.webp,images/501-600/try.jpg,https://word.chuanxi.fun/images/501-600/546-try.webp,https://word.chuanxi.fun/images/501-600/546-try.jpg,512,512,21.5,46.5
547,whole,/həʊl/,adj,adj. 整个的,True,501-600,images/501-600/whole.webp,images/501-600/whole.jpg,https://word.chuanxi.fun/images/501-600/547-whole.webp,https://word.chuanxi.fun/images/501-600/547-whole.jpg,512,512,33.0,60.2
548,understand,/ˌʌndəˈstænd/,v,v. 理解,True,501-600,images/501-600/understand.webp,images/501-600/understand.jpg,https://word.chuanxi.fun/images/501-600/548-understand.webp,https://word.chuanxi.fun/images/501-600/548-understand.jpg,512,512,19.7,44.9
549,question,/ˈkwestʃən/,n,n. 问题,True,501-600,images/501-600/question.webp,images/501-600/question.jpg,https://word.chuanxi.fun/images/501-600/549-question.webp,https://word.chuanxi.fun/images/501-600/549-question.jpg,512,512,10.6,34.5
550,feel,/fiːl/,v,v. 感觉,True,501-600,images/501-600/feel.webp,images/501-600/feel.jpg,https://word.chuanxi.fun/images/501-600/550-feel.webp,https://word.chuanxi.fun/images/501-600/550-feel.jpg,512,512,17.7,41.8
551,place,/pleɪs/,n,n. 地方,True,501-600,images/501-600/place.webp,images/501-600/place.jpg,https://word.chuanxi.fun/images/501-600/551-place.webp,https://word.chuanxi.fun/images/501-600/551-place.jpg,512,512,25.6,56.5
552,create,/kriˈeɪt/,v,v. 创造,True,501-600,images/501-600/create.webp,images/501-600/create.jpg,https://word.chuanxi.fun/images/501-600/552-create.webp,https://word.chuanxi.fun/images/501-600/552-create.jpg,512,512,20.4,44.9
553,planet,/ˈplænɪt/,n,n. 行星,True,501-600,images/501-600/planet.webp,images/501-600/planet.jpg,https://word.chuanxi.fun/images/501-600/553-planet.webp,https://word.chuanxi.fun/images/501-600/553-planet.jpg,512,512,18.8,43.4
554,back,/bæk/,adv,adv. 在...后面,True,501-600,images/501-600/back.webp,images/501-600/back.jpg,https://word.chuanxi.fun/images/501-600/554-back.webp,https://word.chuanxi.fun/images/501-600/554-back.jpg,512,512,12.0,33.2
555,nature,/ˈneɪtʃə/,n,n. 自然,True,501-600,images/501-600/nature.webp,images/501-600/nature.jpg,https://word.chuanxi.fun/images/501-600/555-nature.webp,https://word.chuanxi.fun/images/501-600/555-nature.jpg,512,512,71.3,102.0
556,physical,/ˈfɪzɪkl/,adj,adj. 物理的,True,501-600,images/501-600/physical.webp,images/501-600/physical.jpg,https://word.chuanxi.fun/images/501-600/556-physical.webp,https://word.chuanxi.fun/images/501-600/556-physical.jpg,512,512,10.6,29.2
557,leave,/liːv/,v,v. 离开,True,501-600,images/501-600/leave.webp,images/501-600/leave.jpg,https://word.chuanxi.fun/images/501-600/557-leave.webp,https://word.chuanxi.fun/images/501-600/557-leave.jpg,512,512,34.8,66.9
558,die,/daɪ/,v,v. 死亡,True,501-600,images/501-600/die.webp,images/501-600/die.jpg,https://word.chuanxi.fun/images/501-600/558-die.webp,https://word.chuanxi.fun/images/501-600/558-die.jpg,512,512,20.7,48.1
559,matter,/ˈmætə/,n,n. 事情,True,501-600,images/501-600/matter.webp,images/501-600/matter.jpg,https://word.chuanxi.fun/images/501-600/559-matter.webp,https://word.chuanxi.fun/images/501-600/559-matter.jpg,512,512,13.9,41.6
560,simply,/ˈsɪmpli/,adv,adv. 简单地,True,501-600,images/501-600/simply.webp,images/501-600/simply.jpg,https://word.chuanxi.fun/images/501-600/560-simply.webp,https://word.chuanxi.fun/images/501-600/560-simply.jpg,512,512,7.6,27.9
561,system,/ˈsɪstəm/,n,n. 瑜伽体系,True,501-600,images/501-600/system.webp,images/501-600/system.jpg,https://word.chuanxi.fun/images/501-600/561-system.webp,https://word.chuanxi.fun/images/501-600/561-system.jpg,512,512,11.5,31.7
562,simple,/ˈsɪmpl/,adj,adj. 简单的,True,501-600,images/501-600/simple.webp,images/501-600/simple.jpg,https://word.chuanxi.fun/images/501-600/562-simple.webp,https://word.chuanxi.fun/images/501-600/562-simple.jpg,512,512,33.2,62.7
563,point,/pɔɪnt/,n,n. 点,True,501-600,images/501-600/point.webp,images/501-600/point.jpg,https://word.chuanxi.fun/images/501-600/563-point.webp,https://word.chuanxi.fun/images/501-600/563-point.jpg,512,512,3.0,20.1
564,hand,/hænd/,n,n. 手,True,501-600,images/501-600/hand.webp,images/501-600/hand.jpg,https://word.chuanxi.fun/images/501-600/564-hand.webp,https://word.chuanxi.fun/images/501-600/564-hand.jpg,512,512,12.0,35.8
565,space,/speɪs/,n,n. 空间,True,501-600,images/501-600/space.webp,images/501-600/space.jpg,https://word.chuanxi.fun/images/501-600/565-space.webp,https://word.chuanxi.fun/images/501-600/565-space.jpg,512,512,8.5,36.6
566,long,/lɒŋ/,adj,adj. 长的,True,501-600,images/501-600/long.webp,images/501-600/long.jpg,https://word.chuanxi.fun/images/501-600/566-long.webp,https://word.chuanxi.fun/images/501-600/566-long.jpg,512,512,19.4,44.8
567,lose,/luːz/,v,v. 失去,True,501-600,images/501-600/lose.webp,images/501-600/lose.jpg,https://word.chuanxi.fun/images/501-600/567-lose.webp,https://word.chuanxi.fun/images/501-600/567-lose.jpg,512,512,19.0,39.7
568,situation,/ˌsɪtʃuˈeɪʃn/,n,n. 情况,True,501-600,images/501-600/situation.webp,images/501-600/situation.jpg,https://word.chuanxi.fun/images/501-600/568-situation.webp,https://word.chuanxi.fun/images/501-600/568-situation.jpg,512,512,60.6,90.7
569,head,/hed/,n,n. 头,True,501-600,images/501-600/head.webp,images/501-600/head.jpg,https://word.chuanxi.fun/images/501-600/569-head.webp,https://word.chuanxi.fun/images/501-600/569-head.jpg,512,512,19.6,47.3
570,bit,/bɪt/,n,n. 一点,True,501-600,images/501-600/bit.webp,images/501-600/bit.jpg,https://word.chuanxi.fun/images/501-600/570-bit.webp,https://word.chuanxi.fun/images/501-600/570-bit.jpg,512,512,21.1,45.5
571,intelligence,/ɪnˈtelɪdʒəns/,n,n. 智力,True,501-600,images/501-600/intelligence.webp,images/501-600/intelligence.jpg,https://word.chuanxi.fun/images/501-600/571-intelligence.webp,https://word.chuanxi.fun/images/501-600/571-intelligence.jpg,512,512,17.4,42.5
572,form,/fɔːm/,n,n. 形式,True,501-600,images/501-600/form.webp,images/501-600/form.jpg,https://word.chuanxi.fun/images/501-600/572-form.webp,https://word.chuanxi.fun/images/501-600/572-form.jpg,512,512,12.7,37.7
573,water,/ˈwɔːtə/,n,n. 水,True,501-600,images/501-600/water.webp,images/501-600/water.jpg,https://word.chuanxi.fun/images/501-600/573-water.webp,https://word.chuanxi.fun/images/501-600/573-water.jpg,512,512,12.4,34.5
574,country,/ˈkʌntri/,n,n. 国家,True,501-600,images/501-600/country.webp,images/501-600/country.jpg,https://word.chuanxi.fun/images/501-600/574-country.webp,https://word.chuanxi.fun/images/501-600/574-country.jpg,512,512,24.1,53.5
575,wrong,/rɒŋ/,adj,adj. 错误的,True,501-600,images/501-600/wrong.webp,images/501-600/wrong.jpg,https://word.chuanxi.fun/images/501-600/575-wrong.webp,https://word.chuanxi.fun/images/501-600/575-wrong.jpg,512,512,40.7,69.8
576,move,/muːv/,v,v. 移动,True,501-600,images/501-600/move.webp,images/501-600/move.jpg,https://word.chuanxi.fun/images/501-600/576-move.webp,https://word.chuanxi.fun/images/501-600/576-move.jpg,512,512,20.2,43.4
577,hold,/həʊld/,v,v. 握住,True,501-600,images/501-600/hold.webp,images/501-600/hold.jpg,https://word.chuanxi.fun/images/501-600/577-hold.webp,https://word.chuanxi.fun/images/501-600/577-hold.jpg,512,512,14.9,38.4
578,generation,/ˌdʒenəˈreɪʃn/,n,n. 一代（人）,True,501-600,images/501-600/generation.webp,images/501-600/generation.jpg,https://word.chuanxi.fun/images/501-600/578-generation.webp,https://word.chuanxi.fun/images/501-600/578-generation.jpg,512,512,24.5,51.9
579,break,/breɪk/,v,v. 打破,True,501-600,images/501-600/break.webp,images/501-600/break.jpg,https://word.chuanxi.fun/images/501-600/579-break.webp,https://word.chuanxi.fun/images/501-600/579-break.jpg,512,512,19.0,41.4
580,sleep,/sliːp/,v,v. 睡觉,True,501-600,images/501-600/sleep.webp,images/501-600/sleep.jpg,https://word.chuanxi.fun/images/501-600/580-sleep.webp,https://word.chuanxi.fun/images/501-600/580-sleep.jpg,512,512,32.4,63.1
581,somewhere,/ˈsʌmweə/,adv,adv. 某处,True,501-600,images/501-600/somewhere.webp,images/501-600/somewhere.jpg,https://word.chuanxi.fun/images/501-600/581-somewhere.webp,https://word.chuanxi.fun/images/501-600/581-somewhere.jpg,512,512,15.7,46.2
582,possible,/ˈpɒsəbl/,adj,adj. 可能的,True,501-600,images/501-600/possible.webp,images/501-600/possible.jpg,https://word.chuanxi.fun/images/501-600/582-possible.webp,https://word.chuanxi.fun/images/501-600/582-possible.jpg,512,512,28.0,58.0
583,nation,/ˈneɪʃn/,n,n. 国家,True,501-600,images/501-600/nation.webp,images/501-600/nation.jpg,https://word.chuanxi.fun/images/501-600/583-nation.webp,https://word.chuanxi.fun/images/501-600/583-nation.jpg,512,512,24.1,53.5
584,care,/keə/,v,v. 关心,True,501-600,images/501-600/care.webp,images/501-600/care.jpg,https://word.chuanxi.fun/images/501-600/584-care.webp,https://word.chuanxi.fun/images/501-600/584-care.jpg,512,512,33.3,65.0
585,show,/ʃəʊ/,v,v. 展示,True,501-600,images/501-600/show.webp,images/501-600/show.jpg,https://word.chuanxi.fun/images/501-600/585-show.webp,https://word.chuanxi.fun/images/501-600/585-show.jpg,512,512,16.7,38.5
586,handle,/ˈhændl/,v,v. 处理,True,501-600,images/501-600/handle.webp,images/501-600/handle.jpg,https://word.chuanxi.fun/images/501-600/586-handle.webp,https://word.chuanxi.fun/images/501-600/586-handle.jpg,512,512,20.6,44.8
587,home,/həʊm/,n,n. 家,True,501-600,images/501-600/home.webp,images/501-600/home.jpg,https://word.chuanxi.fun/images/501-600/587-home.webp,https://word.chuanxi.fun/images/501-600/587-home.jpg,512,512,42.0,74.0
588,end,/end/,n,n. 结束,True,501-600,images/501-600/end.webp,images/501-600/end.jpg,https://word.chuanxi.fun/images/501-600/588-end.webp,https://word.chuanxi.fun/images/501-600/588-end.jpg,512,512,3.2,21.0
589,society,/səˈsaɪəti/,n,n. 社会,True,501-600,images/501-600/society.webp,images/501-600/society.jpg,https://word.chuanxi.fun/images/501-600/589-society.webp,https://word.chuanxi.fun/images/501-600/589-society.jpg,512,512,32.8,64.6
590,drive,/draɪv/,v,v. 驱赶,True,501-600,images/501-600/drive.webp,images/501-600/drive.jpg,https://word.chuanxi.fun/images/501-600/590-drive.webp,https://word.chuanxi.fun/images/501-600/590-drive.jpg,512,512,36.7,66.3
591,attention,/əˈtenʃn/,n,n. 注意力,True,501-600,images/501-600/attention.webp,images/501-600/attention.jpg,https://word.chuanxi.fun/images/501-600/591-attention.webp,https://word.chuanxi.fun/images/501-600/591-attention.jpg,512,512,20.0,47.5
592,fall,/fɔːl/,v,v. 落下,True,501-600,images/501-600/fall.webp,images/501-600/fall.jpg,https://word.chuanxi.fun/images/501-600/592-fall.webp,https://word.chuanxi.fun/images/501-600/592-fall.jpg,512,512,10.3,31.7
593,land,/lænd/,n,n. 土地,True,501-600,images/501-600/land.webp,images/501-600/land.jpg,https://word.chuanxi.fun/images/501-600/593-land.webp,https://word.chuanxi.fun/images/501-600/593-land.jpg,512,512,66.8,96.8
594,light,/laɪt/,adj,adj. 轻的,True,501-600,images/501-600/light.webp,images/501-600/light.jpg,https://word.chuanxi.fun/images/501-600/594-light.webp,https://word.chuanxi.fun/images/501-600/594-light.jpg,512,512,25.4,52.7
595,step,/step/,n,n. 步,True,501-600,images/501-600/step.webp,images/501-600/step.jpg,https://word.chuanxi.fun/images/501-600/595-step.webp,https://word.chuanxi.fun/images/501-600/595-step.jpg,512,512,23.3,51.3
596,high,/haɪ/,adj,adj. 高的,True,501-600,images/501-600/high.webp,images/501-600/high.jpg,https://word.chuanxi.fun/images/501-600/596-high.webp,https://word.chuanxi.fun/images/501-600/596-high.jpg,512,512,21.8,43.9
597,sure,/ʃʊə/,adj,adj. 确定的,True,501-600,images/501-600/sure.webp,images/501-600/sure.jpg,https://word.chuanxi.fun/images/501-600/597-sure.webp,https://word.chuanxi.fun/images/501-600/597-sure.jpg,512,512,14.8,34.3
598,face,/feɪs/,n,n. 脸,True,501-600,images/501-600/face.webp,images/501-600/face.jpg,https://word.chuanxi.fun/images/501-600/598-face.webp,https://word.chuanxi.fun/images/501-600/598-face.jpg,512,512,24.7,54.5
599,dead,/ded/,adj,adj. 死的,True,501-600,images/501-600/dead.webp,images/501-600/dead.jpg,https://word.chuanxi.fun/images/501-600/599-dead.webp,https://word.chuanxi.fun/images/501-600/599-dead.jpg,512,512,23.6,50.8
600,set,/set/,v,v. 设立,True,501-600,images/501-600/set.webp,images/501-600/set.jpg,https://word.chuanxi.fun/images/501-600/600-set.webp,https://word.chuanxi.fun/images/501-600/600-set.jpg,512,512,34.3,62.1
601,ever,/ˈevə/,adv,adv. 曾经,True,601-700,images/601-700/ever.webp,images/601-700/ever.jpg,https://word.chuanxi.fun/images/601-700/601-ever.webp,https://word.chuanxi.fun/images/601-700/601-ever.jpg,512,512,4.1,17.9
602,fantastic,/fænˈtæstɪk/,adj,adj. 极好的,True,601-700,images/601-700/fantastic.webp,images/601-700/fantastic.jpg,https://word.chuanxi.fun/images/601-700/602-fantastic.webp,https://word.chuanxi.fun/images/601-700/602-fantastic.jpg,512,512,20.2,48.3
603,seek,/siːk/,v,v. 寻找,True,601-700,images/601-700/seek.webp,images/601-700/seek.jpg,https://word.chuanxi.fun/images/601-700/603-seek.webp,https://word.chuanxi.fun/images/601-700/603-seek.jpg,512,512,25.0,50.6
604,bear,/beə/,n,n. 熊,True,601-700,images/601-700/bear.webp,images/601-700/bear.jpg,https://word.chuanxi.fun/images/601-700/604-bear.webp,https://word.chuanxi.fun/images/601-700/604-bear.jpg,512,512,38.4,68.0
605,choice,/tʃɔɪs/,n,n. 选择,True,601-700,images/601-700/choice.webp,images/601-700/choice.jpg,https://word.chuanxi.fun/images/601-700/605-choice.webp,https://word.chuanxi.fun/images/601-700/605-choice.jpg,512,512,17.2,43.5
606,name,/neɪm/,n,n. 名字,True,601-700,images/601-700/name.webp,images/601-700/name.jpg,https://word.chuanxi.fun/images/601-700/606-name.webp,https://word.chuanxi.fun/images/601-700/606-name.jpg,512,512,14.9,38.3
607,death,/deθ/,n,n. 死亡,True,601-700,images/601-700/death.webp,images/601-700/death.jpg,https://word.chuanxi.fun/images/601-700/607-death.webp,https://word.chuanxi.fun/images/601-700/607-death.jpg,512,512,20.7,48.1
608,power,/ˈpaʊə/,n,n. 力量,True,601-700,images/601-700/power.webp,images/601-700/power.jpg,https://word.chuanxi.fun/images/601-700/608-power.webp,https://word.chuanxi.fun/images/601-700/608-power.jpg,512,512,12.1,34.4
609,realize,/ˈrɪəlaɪz/,v,v. 意识到,True,601-700,images/601-700/realize.webp,images/601-700/realize.jpg,https://word.chuanxi.fun/images/601-700/609-realize.webp,https://word.chuanxi.fun/images/601-700/609-realize.jpg,512,512,19.7,44.9
610,exist,/ɪɡˈzɪst/,v,v. 存在（动词）,True,601-700,images/601-700/exist.webp,images/601-700/exist.jpg,https://word.chuanxi.fun/images/601-700/610-exist.webp,https://word.chuanxi.fun/images/601-700/610-exist.jpg,512,512,8.5,37.3
611,stand,/stænd/,v,v. 站立,True,601-700,images/601-700/stand.webp,images/601-700/stand.jpg,https://word.chuanxi.fun/images/601-700/611-stand.webp,https://word.chuanxi.fun/images/601-700/611-stand.jpg,512,512,13.3,32.2
612,manage,/ˈmænɪdʒ/,v,v. 管理,True,601-700,images/601-700/manage.webp,images/601-700/manage.jpg,https://word.chuanxi.fun/images/601-700/612-manage.webp,https://word.chuanxi.fun/images/601-700/612-manage.jpg,512,512,24.0,50.1
613,around,/əˈraʊnd/,adv,adv. 在周围,True,601-700,images/601-700/around.webp,images/601-700/around.jpg,https://word.chuanxi.fun/images/601-700/613-around.webp,https://word.chuanxi.fun/images/601-700/613-around.jpg,512,512,11.6,35.9
614,touch,/tʌtʃ/,v,v. 触摸,True,601-700,images/601-700/touch.webp,images/601-700/touch.jpg,https://word.chuanxi.fun/images/601-700/614-touch.webp,https://word.chuanxi.fun/images/601-700/614-touch.jpg,512,512,15.6,43.4
615,help,/help/,v,v. 帮助,True,601-700,images/601-700/help.webp,images/601-700/help.jpg,https://word.chuanxi.fun/images/601-700/615-help.webp,https://word.chuanxi.fun/images/601-700/615-help.jpg,512,512,23.4,46.4
616,probably,/ˈprɒbəbli/,adv,adv. 可能,True,601-700,images/601-700/probably.webp,images/601-700/probably.jpg,https://word.chuanxi.fun/images/601-700/616-probably.webp,https://word.chuanxi.fun/images/601-700/616-probably.jpg,512,512,11.1,34.7
617,book,/bʊk/,n,n. 书,True,601-700,images/601-700/book.webp,images/601-700/book.jpg,https://word.chuanxi.fun/images/601-700/617-book.webp,https://word.chuanxi.fun/images/601-700/617-book.jpg,512,512,15.1,38.5
618,unfortunately,/ʌnˈfɔːtʃənətli/,adv,adv. 不幸地,True,601-700,images/601-700/unfortunately.webp,images/601-700/unfortunately.jpg,https://word.chuanxi.fun/images/601-700/618-unfortunately.webp,https://word.chuanxi.fun/images/601-700/618-unfortunately.jpg,512,512,15.9,38.9
619,clear,/klɪə(r)/,adj,adj. 清楚的,True,601-700,images/601-700/clear.webp,images/601-700/clear.jpg,https://word.chuanxi.fun/images/601-700/619-clear.webp,https://word.chuanxi.fun/images/601-700/619-clear.jpg,512,512,12.2,38.5
620,stay,/steɪ/,v,v. 停留,True,601-700,images/601-700/stay.webp,images/601-700/stay.jpg,https://word.chuanxi.fun/images/601-700/620-stay.webp,https://word.chuanxi.fun/images/601-700/620-stay.jpg,512,512,21.0,44.5
621,reach,/riːtʃ/,v,v. 达到,True,601-700,images/601-700/reach.webp,images/601-700/reach.jpg,https://word.chuanxi.fun/images/601-700/621-reach.webp,https://word.chuanxi.fun/images/601-700/621-reach.jpg,512,512,11.5,27.9
622,allow,/əˈlaʊ/,v,v. 允许,True,601-700,images/601-700/allow.webp,images/601-700/allow.jpg,https://word.chuanxi.fun/images/601-700/622-allow.webp,https://word.chuanxi.fun/images/601-700/622-allow.jpg,512,512,30.1,61.1
623,fix,/fɪks/,v,v. 修理,True,601-700,images/601-700/fix.webp,images/601-700/fix.jpg,https://word.chuanxi.fun/images/601-700/623-fix.webp,https://word.chuanxi.fun/images/601-700/623-fix.jpg,512,512,29.4,56.8
624,cut,/kʌt/,v,v. 切,True,601-700,images/601-700/cut.webp,images/601-700/cut.jpg,https://word.chuanxi.fun/images/601-700/624-cut.webp,https://word.chuanxi.fun/images/601-700/624-cut.jpg,512,512,35.8,67.9
625,purpose,/ˈpɜːpəs/,n,n. 目的,True,601-700,images/601-700/purpose.webp,images/601-700/purpose.jpg,https://word.chuanxi.fun/images/601-700/625-purpose.webp,https://word.chuanxi.fun/images/601-700/625-purpose.jpg,512,512,16.2,38.7
626,alive,/əˈlaɪv/,adj,adj. 活着的,True,601-700,images/601-700/alive.webp,images/601-700/alive.jpg,https://word.chuanxi.fun/images/601-700/626-alive.webp,https://word.chuanxi.fun/images/601-700/626-alive.jpg,512,512,23.5,49.0
627,control,/kənˈtrəʊl/,v,v. 控制,True,601-700,images/601-700/control.webp,images/601-700/control.jpg,https://word.chuanxi.fun/images/601-700/627-control.webp,https://word.chuanxi.fun/images/601-700/627-control.jpg,512,512,34.5,66.2
628,fight,/faɪt/,v,v. 战斗,True,601-700,images/601-700/fight.webp,images/601-700/fight.jpg,https://word.chuanxi.fun/images/601-700/628-fight.webp,https://word.chuanxi.fun/images/601-700/628-fight.jpg,512,512,26.6,53.4
629,free,/friː/,adj,adj. 自由的,True,601-700,images/601-700/free.webp,images/601-700/free.jpg,https://word.chuanxi.fun/images/601-700/629-free.webp,https://word.chuanxi.fun/images/601-700/629-free.jpg,512,512,24.5,52.6
630,program,/ˈprəʊɡræm/,n,n. 程序,True,601-700,images/601-700/program.webp,images/601-700/program.jpg,https://word.chuanxi.fun/images/601-700/630-program.webp,https://word.chuanxi.fun/images/601-700/630-program.jpg,512,512,10.8,37.2
631,wait,/weɪt/,v,v. 等待,True,601-700,images/601-700/wait.webp,images/601-700/wait.jpg,https://word.chuanxi.fun/images/601-700/631-wait.webp,https://word.chuanxi.fun/images/601-700/631-wait.jpg,512,512,22.8,44.9
632,room,/ruːm/,n,n. 房间,True,601-700,images/601-700/room.webp,images/601-700/room.jpg,https://word.chuanxi.fun/images/601-700/632-room.webp,https://word.chuanxi.fun/images/601-700/632-room.jpg,512,512,29.8,62.8
633,truth,/truːθ/,n,n. 真理,True,601-700,images/601-700/truth.webp,images/601-700/truth.jpg,https://word.chuanxi.fun/images/601-700/633-truth.webp,https://word.chuanxi.fun/images/601-700/633-truth.jpg,512,512,21.4,49.1
634,throw,/θrəʊ/,v,v. 扔,True,601-700,images/601-700/throw.webp,images/601-700/throw.jpg,https://word.chuanxi.fun/images/601-700/634-throw.webp,https://word.chuanxi.fun/images/601-700/634-throw.jpg,512,512,24.4,45.1
635,population,/ˌpɒpjuˈleɪʃn/,n,n. 人口,True,601-700,images/601-700/population.webp,images/601-700/population.jpg,https://word.chuanxi.fun/images/601-700/635-population.webp,https://word.chuanxi.fun/images/601-700/635-population.jpg,512,512,35.4,69.1
636,indian,/ˈɪndiən/,adj,adj. 印度的,True,601-700,images/601-700/indian.webp,images/601-700/indian.jpg,https://word.chuanxi.fun/images/601-700/636-indian.webp,https://word.chuanxi.fun/images/601-700/636-indian.jpg,512,512,31.2,61.5
637,company,/ˈkʌmpəni/,n,n. 公司,True,601-700,images/601-700/company.webp,images/601-700/company.jpg,https://word.chuanxi.fun/images/601-700/637-company.webp,https://word.chuanxi.fun/images/601-700/637-company.jpg,512,512,35.6,67.3
638,pleasant,/ˈpleznt/,adj,adj. 令人愉快的,True,601-700,images/601-700/pleasant.webp,images/601-700/pleasant.jpg,https://word.chuanxi.fun/images/601-700/638-pleasant.webp,https://word.chuanxi.fun/images/601-700/638-pleasant.jpg,512,512,32.3,65.0
639,travel,/ˈtrævl/,v,v. 旅行,True,601-700,images/601-700/travel.webp,images/601-700/travel.jpg,https://word.chuanxi.fun/images/601-700/639-travel.webp,https://word.chuanxi.fun/images/601-700/639-travel.jpg,512,512,27.8,55.1
640,function,/ˈfʌŋkʃn/,"n, v",n. 功能；v. 运转,True,601-700,images/601-700/function.webp,images/601-700/function.jpg,https://word.chuanxi.fun/images/601-700/640-function.webp,https://word.chuanxi.fun/images/601-700/640-function.jpg,512,512,20.8,48.5
641,act,/ækt/,v,v. 作为行为,True,601-700,images/601-700/act.webp,images/601-700/act.jpg,https://word.chuanxi.fun/images/601-700/641-act.webp,https://word.chuanxi.fun/images/601-700/641-act.jpg,512,512,26.4,51.5
642,dream,/driːm/,n,n. 梦,True,601-700,images/601-700/dream.webp,images/601-700/dream.jpg,https://word.chuanxi.fun/images/601-700/642-dream.webp,https://word.chuanxi.fun/images/601-700/642-dream.jpg,512,512,33.1,62.1
643,gather,/ˈɡæðə(r)/,v,v. 聚集,True,601-700,images/601-700/gather.webp,images/601-700/gather.jpg,https://word.chuanxi.fun/images/601-700/643-gather.webp,https://word.chuanxi.fun/images/601-700/643-gather.jpg,512,512,36.1,66.6
644,anywhere,/ˈeniweə(r)/,adv,adv. 任何地方,True,601-700,images/601-700/anywhere.webp,images/601-700/anywhere.jpg,https://word.chuanxi.fun/images/601-700/644-anywhere.webp,https://word.chuanxi.fun/images/601-700/644-anywhere.jpg,512,512,27.5,55.3
645,necessary,/ˈnesəsəri/,adj,adj. 必要的,True,601-700,images/601-700/necessary.webp,images/601-700/necessary.jpg,https://word.chuanxi.fun/images/601-700/645-necessary.webp,https://word.chuanxi.fun/images/601-700/645-necessary.jpg,512,512,29.8,58.3
646,decide,/dɪˈsaɪd/,v,v. 决定,True,601-700,images/601-700/decide.webp,images/601-700/decide.jpg,https://word.chuanxi.fun/images/601-700/646-decide.webp,https://word.chuanxi.fun/images/601-700/646-decide.jpg,512,512,37.9,65.6
647,education,/ˌedʒuˈkeɪʃn/,n,n. 教育,True,601-700,images/601-700/education.webp,images/601-700/education.jpg,https://word.chuanxi.fun/images/601-700/647-education.webp,https://word.chuanxi.fun/images/601-700/647-education.jpg,512,512,31.5,55.7
648,seem,/siːm/,v,v. 似乎,True,601-700,images/601-700/seem.webp,images/601-700/seem.jpg,https://word.chuanxi.fun/images/601-700/648-seem.webp,https://word.chuanxi.fun/images/601-700/648-seem.jpg,512,512,19.4,44.9
649,explore,/ɪkˈsplɔː(r)/,v,v. 探索,True,601-700,images/601-700/explore.webp,images/601-700/explore.jpg,https://word.chuanxi.fun/images/601-700/649-explore.webp,https://word.chuanxi.fun/images/601-700/649-explore.jpg,512,512,54.7,88.5
650,early,/ˈɜːli/,adv,adv. 早,True,601-700,images/601-700/early.webp,images/601-700/early.jpg,https://word.chuanxi.fun/images/601-700/650-early.webp,https://word.chuanxi.fun/images/601-700/650-early.jpg,512,512,38.2,66.2
651,quality,/ˈkwɒləti/,n,n. 质量,True,601-700,images/601-700/quality.webp,images/601-700/quality.jpg,https://word.chuanxi.fun/images/601-700/651-quality.webp,https://word.chuanxi.fun/images/601-700/651-quality.jpg,512,512,27.1,54.1
652,pass,/pɑːs/,v,v. 通过,True,601-700,images/601-700/pass.webp,images/601-700/pass.jpg,https://word.chuanxi.fun/images/601-700/652-pass.webp,https://word.chuanxi.fun/images/601-700/652-pass.jpg,512,512,25.6,53.0
653,earth,/ɜːθ/,n,n. 地球,True,601-700,images/601-700/earth.webp,images/601-700/earth.jpg,https://word.chuanxi.fun/images/601-700/653-earth.webp,https://word.chuanxi.fun/images/601-700/653-earth.jpg,512,512,35.0,61.8
654,source,/sɔːs/,n,n. 来源,True,601-700,images/601-700/source.webp,images/601-700/source.jpg,https://word.chuanxi.fun/images/601-700/654-source.webp,https://word.chuanxi.fun/images/601-700/654-source.jpg,512,512,62.1,92.2
655,especially,/ɪˈspeʃəli/,adv,adv. 特别是,True,601-700,images/601-700/especially.webp,images/601-700/especially.jpg,https://word.chuanxi.fun/images/601-700/655-especially.webp,https://word.chuanxi.fun/images/601-700/655-especially.jpg,512,512,7.9,27.4
656,fact,/fækt/,n,n. 事实,True,601-700,images/601-700/fact.webp,images/601-700/fact.jpg,https://word.chuanxi.fun/images/601-700/656-fact.webp,https://word.chuanxi.fun/images/601-700/656-fact.jpg,512,512,35.1,60.4
657,hit,/hɪt/,v,v. 击中,True,601-700,images/601-700/hit.webp,images/601-700/hit.jpg,https://word.chuanxi.fun/images/601-700/657-hit.webp,https://word.chuanxi.fun/images/601-700/657-hit.jpg,512,512,18.1,39.0
658,cry,/kraɪ/,v,v. 哭,True,601-700,images/601-700/cry.webp,images/601-700/cry.jpg,https://word.chuanxi.fun/images/601-700/658-cry.webp,https://word.chuanxi.fun/images/601-700/658-cry.jpg,512,512,16.4,35.6
659,center,/ˈsentə(r)/,n,n. 中心,True,601-700,images/601-700/center.webp,images/601-700/center.jpg,https://word.chuanxi.fun/images/601-700/659-center.webp,https://word.chuanxi.fun/images/601-700/659-center.jpg,512,512,16.7,42.0
660,slowly,/ˈsləʊli/,adv,adv. 缓慢地,True,601-700,images/601-700/slowly.webp,images/601-700/slowly.jpg,https://word.chuanxi.fun/images/601-700/660-slowly.webp,https://word.chuanxi.fun/images/601-700/660-slowly.jpg,512,512,13.1,32.5
661,depend,/dɪˈpend/,v,v. 依赖,True,601-700,images/601-700/depend.webp,images/601-700/depend.jpg,https://word.chuanxi.fun/images/601-700/661-depend.webp,https://word.chuanxi.fun/images/601-700/661-depend.jpg,512,512,36.2,62.8
662,future,/ˈfjuːtʃə(r)/,n,n. 未来,True,601-700,images/601-700/future.webp,images/601-700/future.jpg,https://word.chuanxi.fun/images/601-700/662-future.webp,https://word.chuanxi.fun/images/601-700/662-future.jpg,512,512,43.2,69.9
663,impact,/ˈɪmpækt/,n,n. 影响,True,601-700,images/601-700/impact.webp,images/601-700/impact.jpg,https://word.chuanxi.fun/images/601-700/663-impact.webp,https://word.chuanxi.fun/images/601-700/663-impact.jpg,512,512,30.1,59.4
664,plant,/plɑːnt/,n,n. 植物,True,601-700,images/601-700/plant.webp,images/601-700/plant.jpg,https://word.chuanxi.fun/images/601-700/664-plant.webp,https://word.chuanxi.fun/images/601-700/664-plant.jpg,512,512,32.8,58.2
665,share,/ʃeə(r)/,v,v. 分享,True,601-700,images/601-700/share.webp,images/601-700/share.jpg,https://word.chuanxi.fun/images/601-700/665-share.webp,https://word.chuanxi.fun/images/601-700/665-share.jpg,512,512,23.4,47.8
666,direction,/dəˈrekʃn/,n,n. 方向,True,601-700,images/601-700/direction.webp,images/601-700/direction.jpg,https://word.chuanxi.fun/images/601-700/666-direction.webp,https://word.chuanxi.fun/images/601-700/666-direction.jpg,512,512,18.5,41.7
667,drop,/drɒp/,v,v. 掉落,True,601-700,images/601-700/drop.webp,images/601-700/drop.jpg,https://word.chuanxi.fun/images/601-700/667-drop.webp,https://word.chuanxi.fun/images/601-700/667-drop.jpg,512,512,13.5,30.4
668,creature,/ˈkriːtʃə(r)/,n,n. 生物,True,601-700,images/601-700/creature.webp,images/601-700/creature.jpg,https://word.chuanxi.fun/images/601-700/668-creature.webp,https://word.chuanxi.fun/images/601-700/668-creature.jpg,512,512,26.3,50.7
669,cross,/krɒs/,v,v. 穿过,True,601-700,images/601-700/cross.webp,images/601-700/cross.jpg,https://word.chuanxi.fun/images/601-700/669-cross.webp,https://word.chuanxi.fun/images/601-700/669-cross.jpg,512,512,30.8,60.5
670,structure,/ˈstrʌktʃə(r)/,n,n. 结构,True,601-700,images/601-700/structure.webp,images/601-700/structure.jpg,https://word.chuanxi.fun/images/601-700/670-structure.webp,https://word.chuanxi.fun/images/601-700/670-structure.jpg,512,512,16.9,39.7
671,study,/ˈstʌdi/,v,v. 学习,True,601-700,images/601-700/study.webp,images/601-700/study.jpg,https://word.chuanxi.fun/images/601-700/671-study.webp,https://word.chuanxi.fun/images/601-700/671-study.jpg,512,512,26.6,52.4
672,journey,/ˈdʒɜːni/,n,n. 旅程,True,601-700,images/601-700/journey.webp,images/601-700/journey.jpg,https://word.chuanxi.fun/images/601-700/672-journey.webp,https://word.chuanxi.fun/images/601-700/672-journey.jpg,512,512,45.7,75.5
673,focus,/ˈfəʊkəs/,v,v. 聚焦,True,601-700,images/601-700/focus.webp,images/601-700/focus.jpg,https://word.chuanxi.fun/images/601-700/673-focus.webp,https://word.chuanxi.fun/images/601-700/673-focus.jpg,512,512,19.1,42.4
674,single,/ˈsɪŋɡl/,adj,adj. 单一的,True,601-700,images/601-700/single.webp,images/601-700/single.jpg,https://word.chuanxi.fun/images/601-700/674-single.webp,https://word.chuanxi.fun/images/601-700/674-single.jpg,512,512,11.6,31.3
675,refer,/rɪˈfɜː(r)/,v,v. 引用,True,601-700,images/601-700/refer.webp,images/601-700/refer.jpg,https://word.chuanxi.fun/images/601-700/675-refer.webp,https://word.chuanxi.fun/images/601-700/675-refer.jpg,512,512,12.1,31.0
676,pull,/pʊl/,v,v. 拉,True,601-700,images/601-700/pull.webp,images/601-700/pull.jpg,https://word.chuanxi.fun/images/601-700/676-pull.webp,https://word.chuanxi.fun/images/601-700/676-pull.jpg,512,512,18.4,40.1
677,law,/lɔː/,n,n. 法律,True,601-700,images/601-700/law.webp,images/601-700/law.jpg,https://word.chuanxi.fun/images/601-700/677-law.webp,https://word.chuanxi.fun/images/601-700/677-law.jpg,512,512,22.8,44.7
678,joy,/dʒɔɪ/,n,n. 喜悦,True,601-700,images/601-700/joy.webp,images/601-700/joy.jpg,https://word.chuanxi.fun/images/601-700/678-joy.webp,https://word.chuanxi.fun/images/601-700/678-joy.jpg,512,512,15.1,34.0
679,pick,/pɪk/,v,v. 捡起,True,601-700,images/601-700/pick.webp,images/601-700/pick.jpg,https://word.chuanxi.fun/images/601-700/679-pick.webp,https://word.chuanxi.fun/images/601-700/679-pick.jpg,512,512,19.2,40.9
680,push,/pʊʃ/,v,v. 推,True,601-700,images/601-700/push.webp,images/601-700/push.jpg,https://word.chuanxi.fun/images/601-700/680-push.webp,https://word.chuanxi.fun/images/601-700/680-push.jpg,512,512,29.6,55.9
681,knowledge,/ˈnɒlɪdʒ/,n,n. 知识,True,601-700,images/601-700/knowledge.webp,images/601-700/knowledge.jpg,https://word.chuanxi.fun/images/601-700/681-knowledge.webp,https://word.chuanxi.fun/images/601-700/681-knowledge.jpg,512,512,21.0,41.9
682,support,/səˈpɔːt/,n,n. 支持,True,601-700,images/601-700/support.webp,images/601-700/support.jpg,https://word.chuanxi.fun/images/601-700/682-support.webp,https://word.chuanxi.fun/images/601-700/682-support.jpg,512,512,20.4,41.9
683,tear,/tɪə(r)/,v,v. 撕裂,True,601-700,images/601-700/tear.webp,images/601-700/tear.jpg,https://word.chuanxi.fun/images/601-700/683-tear.webp,https://word.chuanxi.fun/images/601-700/683-tear.jpg,512,512,12.0,31.4
684,top,/tɒp/,n,n. 顶部,True,601-700,images/601-700/top.webp,images/601-700/top.jpg,https://word.chuanxi.fun/images/601-700/684-top.webp,https://word.chuanxi.fun/images/601-700/684-top.jpg,512,512,28.9,55.9
685,opportunity,/ˌɒpəˈtjuːnəti/,n,n. 机会,True,601-700,images/601-700/opportunity.webp,images/601-700/opportunity.jpg,https://word.chuanxi.fun/images/601-700/685-opportunity.webp,https://word.chuanxi.fun/images/601-700/685-opportunity.jpg,512,512,20.6,47.2
686,burn,/bɜːn/,v,v. 燃烧,True,601-700,images/601-700/burn.webp,images/601-700/burn.jpg,https://word.chuanxi.fun/images/601-700/686-burn.webp,https://word.chuanxi.fun/images/601-700/686-burn.jpg,512,512,9.7,27.4
687,remain,/rɪˈmeɪn/,v,v. 留下,True,601-700,images/601-700/remain.webp,images/601-700/remain.jpg,https://word.chuanxi.fun/images/601-700/687-remain.webp,https://word.chuanxi.fun/images/601-700/687-remain.jpg,512,512,18.9,46.7
688,type,/taɪp/,n,n. 类型,True,601-700,images/601-700/type.webp,images/601-700/type.jpg,https://word.chuanxi.fun/images/601-700/688-type.webp,https://word.chuanxi.fun/images/601-700/688-type.jpg,512,512,18.2,41.8
689,truly,/ˈtruːli/,adv,adv. 真正地,True,601-700,images/601-700/truly.webp,images/601-700/truly.jpg,https://word.chuanxi.fun/images/601-700/689-truly.webp,https://word.chuanxi.fun/images/601-700/689-truly.jpg,512,512,13.8,33.3
690,rule,/ruːl/,n,n. 规则,True,601-700,images/601-700/rule.webp,images/601-700/rule.jpg,https://word.chuanxi.fun/images/601-700/690-rule.webp,https://word.chuanxi.fun/images/601-700/690-rule.jpg,512,512,24.4,51.2
691,powerful,/ˈpaʊəfl/,adj,adj. 强大的,True,601-700,images/601-700/powerful.webp,images/601-700/powerful.jpg,https://word.chuanxi.fun/images/601-700/691-powerful.webp,https://word.chuanxi.fun/images/601-700/691-powerful.jpg,512,512,35.3,61.6
692,line,/laɪn/,n,n. 线,True,601-700,images/601-700/line.webp,images/601-700/line.jpg,https://word.chuanxi.fun/images/601-700/692-line.webp,https://word.chuanxi.fun/images/601-700/692-line.jpg,512,512,2.1,14.9
693,government,/ˈɡʌvənmənt/,n,n. 政府,True,601-700,images/601-700/government.webp,images/601-700/government.jpg,https://word.chuanxi.fun/images/601-700/693-government.webp,https://word.chuanxi.fun/images/601-700/693-government.jpg,512,512,29.2,58.4
694,half,/hɑːf/,n,n. 一半,True,601-700,images/601-700/half.webp,images/601-700/half.jpg,https://word.chuanxi.fun/images/601-700/694-half.webp,https://word.chuanxi.fun/images/601-700/694-half.jpg,512,512,15.4,37.0
695,front,/frʌnt/,n,n. 前面,True,601-700,images/601-700/front.webp,images/601-700/front.jpg,https://word.chuanxi.fun/images/601-700/695-front.webp,https://word.chuanxi.fun/images/601-700/695-front.jpg,512,512,28.2,53.2
696,natural,/ˈnætʃrəl/,adj,adj. 自然的,True,601-700,images/601-700/natural.webp,images/601-700/natural.jpg,https://word.chuanxi.fun/images/601-700/696-natural.webp,https://word.chuanxi.fun/images/601-700/696-natural.jpg,512,512,71.4,101.4
697,normal,/ˈnɔːml/,adj,adj. 正常的,True,601-700,images/601-700/normal.webp,images/601-700/normal.jpg,https://word.chuanxi.fun/images/601-700/697-normal.webp,https://word.chuanxi.fun/images/601-700/697-normal.jpg,512,512,7.9,22.8
698,freedom,/ˈfriːdəm/,n,n. 自由,True,601-700,images/601-700/freedom.webp,images/601-700/freedom.jpg,https://word.chuanxi.fun/images/601-700/698-freedom.webp,https://word.chuanxi.fun/images/601-700/698-freedom.jpg,512,512,14.6,40.5
699,path,/pɑːθ/,n,n. 路径,True,601-700,images/601-700/path.webp,images/601-700/path.jpg,https://word.chuanxi.fun/images/601-700/699-path.webp,https://word.chuanxi.fun/images/601-700/699-path.jpg,512,512,53.3,82.8
700,destroy,/dɪˈstrɔɪ/,v,v. 破坏,True,601-700,images/601-700/destroy.webp,images/601-700/destroy.jpg,https://word.chuanxi.fun/images/601-700/700-destroy.webp,https://word.chuanxi.fun/images/601-700/700-destroy.jpg,512,512,24.5,53.5
701,village,/ˈvɪlɪdʒ/,n,n. 村庄,True,701-800,images/701-800/village.webp,images/701-800/village.jpg,https://word.chuanxi.fun/images/701-800/701-village.webp,https://word.chuanxi.fun/images/701-800/701-village.jpg,512,512,67.0,97.6
702,effort,/ˈefət/,n,n. 努力,True,701-800,images/701-800/effort.webp,images/701-800/effort.jpg,https://word.chuanxi.fun/images/701-800/702-effort.webp,https://word.chuanxi.fun/images/701-800/702-effort.jpg,512,512,35.4,64.9
703,plan,/plæn/,n,n. 计划,True,701-800,images/701-800/plan.webp,images/701-800/plan.jpg,https://word.chuanxi.fun/images/701-800/703-plan.webp,https://word.chuanxi.fun/images/701-800/703-plan.jpg,512,512,13.9,37.1
704,ability,/əˈbɪləti/,n,n. 能力,True,701-800,images/701-800/ability.webp,images/701-800/ability.jpg,https://word.chuanxi.fun/images/701-800/704-ability.webp,https://word.chuanxi.fun/images/701-800/704-ability.jpg,512,512,23.2,49.9
705,significant,/sɪɡˈnɪfɪkənt/,adj,adj. 重要的,True,701-800,images/701-800/significant.webp,images/701-800/significant.jpg,https://word.chuanxi.fun/images/701-800/705-significant.webp,https://word.chuanxi.fun/images/701-800/705-significant.jpg,512,512,12.9,38.4
706,instead,/ɪnˈsted/,adv,adv. 相反,True,701-800,images/701-800/instead.webp,images/701-800/instead.jpg,https://word.chuanxi.fun/images/701-800/706-instead.webp,https://word.chuanxi.fun/images/701-800/706-instead.jpg,512,512,37.9,68.5
707,inner,/ˈɪnə(r)/,adj,adj. 内心的,True,701-800,images/701-800/inner.webp,images/701-800/inner.jpg,https://word.chuanxi.fun/images/701-800/707-inner.webp,https://word.chuanxi.fun/images/701-800/707-inner.jpg,512,512,14.8,39.6
708,raise,/reɪz/,v,v. 唤醒,True,701-800,images/701-800/raise.webp,images/701-800/raise.jpg,https://word.chuanxi.fun/images/701-800/708-raise.webp,https://word.chuanxi.fun/images/701-800/708-raise.jpg,512,512,46.8,80.6
709,wake,/weɪk/,v,v. 醒来,True,701-800,images/701-800/wake.webp,images/701-800/wake.jpg,https://word.chuanxi.fun/images/701-800/709-wake.webp,https://word.chuanxi.fun/images/701-800/709-wake.jpg,512,512,45.8,77.9
710,joyful,/ˈdʒɔɪfl/,adj,adj. 喜悦的,True,701-800,images/701-800/joyful.webp,images/701-800/joyful.jpg,https://word.chuanxi.fun/images/701-800/710-joyful.webp,https://word.chuanxi.fun/images/701-800/710-joyful.jpg,512,512,15.1,34.0
711,fool,/fuːl/,n,n. 傻子,True,701-800,images/701-800/fool.webp,images/701-800/fool.jpg,https://word.chuanxi.fun/images/701-800/711-fool.webp,https://word.chuanxi.fun/images/701-800/711-fool.jpg,512,512,17.0,37.6
712,past,/pɑːst/,n,n. 过去,True,701-800,images/701-800/past.webp,images/701-800/past.jpg,https://word.chuanxi.fun/images/701-800/712-past.webp,https://word.chuanxi.fun/images/701-800/712-past.jpg,512,512,6.3,25.9
713,crazy,/ˈkreɪzi/,adj,adj. 疯狂的,True,701-800,images/701-800/crazy.webp,images/701-800/crazy.jpg,https://word.chuanxi.fun/images/701-800/713-crazy.webp,https://word.chuanxi.fun/images/701-800/713-crazy.jpg,512,512,29.3,58.5
714,send,/send/,v,v. 发送,True,701-800,images/701-800/send.webp,images/701-800/send.jpg,https://word.chuanxi.fun/images/701-800/714-send.webp,https://word.chuanxi.fun/images/701-800/714-send.jpg,512,512,9.4,30.0
715,modern,/ˈmɒdn/,adj,adj. 现代的,True,701-800,images/701-800/modern.webp,images/701-800/modern.jpg,https://word.chuanxi.fun/images/701-800/715-modern.webp,https://word.chuanxi.fun/images/701-800/715-modern.jpg,512,512,51.2,84.9
716,produce,/prəˈdjuːs/,v,v. 生产,True,701-800,images/701-800/produce.webp,images/701-800/produce.jpg,https://word.chuanxi.fun/images/701-800/716-produce.webp,https://word.chuanxi.fun/images/701-800/716-produce.jpg,512,512,28.7,56.7
717,deal,/diːl/,v,v. 处理,True,701-800,images/701-800/deal.webp,images/701-800/deal.jpg,https://word.chuanxi.fun/images/701-800/717-deal.webp,https://word.chuanxi.fun/images/701-800/717-deal.jpg,512,512,21.9,43.6
718,solution,/səˈluːʃn/,n,n. 解决方案,True,701-800,images/701-800/solution.webp,images/701-800/solution.jpg,https://word.chuanxi.fun/images/701-800/718-solution.webp,https://word.chuanxi.fun/images/701-800/718-solution.jpg,512,512,28.1,54.1
719,material,/məˈtɪəriəl/,n,n. 材料,True,701-800,images/701-800/material.webp,images/701-800/material.jpg,https://word.chuanxi.fun/images/701-800/719-material.webp,https://word.chuanxi.fun/images/701-800/719-material.jpg,512,512,15.3,37.2
720,chemical,/ˈkemɪkl/,n,n. 化学物质,True,701-800,images/701-800/chemical.webp,images/701-800/chemical.jpg,https://word.chuanxi.fun/images/701-800/720-chemical.webp,https://word.chuanxi.fun/images/701-800/720-chemical.jpg,512,512,17.1,43.2
721,road,/rəʊd/,n,n. 道路,True,701-800,images/701-800/road.webp,images/701-800/road.jpg,https://word.chuanxi.fun/images/701-800/721-road.webp,https://word.chuanxi.fun/images/701-800/721-road.jpg,512,512,42.4,72.1
722,personality,/ˌpɜːsəˈnæləti/,n,n. 个性,True,701-800,images/701-800/personality.webp,images/701-800/personality.jpg,https://word.chuanxi.fun/images/701-800/722-personality.webp,https://word.chuanxi.fun/images/701-800/722-personality.jpg,512,512,26.2,56.8
723,longing,/ˈlɒŋɪŋ/,n,n. 渴望,True,701-800,images/701-800/longing.webp,images/701-800/longing.jpg,https://word.chuanxi.fun/images/701-800/723-longing.webp,https://word.chuanxi.fun/images/701-800/723-longing.jpg,512,512,39.2,72.8
724,fire,/ˈfaɪə(r)/,n,n. 火,True,701-800,images/701-800/fire.webp,images/701-800/fire.jpg,https://word.chuanxi.fun/images/701-800/724-fire.webp,https://word.chuanxi.fun/images/701-800/724-fire.jpg,512,512,24.8,50.7
725,air,/eə(r)/,n,n. 空气,True,701-800,images/701-800/air.webp,images/701-800/air.jpg,https://word.chuanxi.fun/images/701-800/725-air.webp,https://word.chuanxi.fun/images/701-800/725-air.jpg,512,512,24.1,52.8
726,mention,/ˈmenʃn/,v,v. 提及,True,701-800,images/701-800/mention.webp,images/701-800/mention.jpg,https://word.chuanxi.fun/images/701-800/726-mention.webp,https://word.chuanxi.fun/images/701-800/726-mention.jpg,512,512,27.5,51.7
727,wish,/wɪʃ/,n,n. 愿望,True,701-800,images/701-800/wish.webp,images/701-800/wish.jpg,https://word.chuanxi.fun/images/701-800/727-wish.webp,https://word.chuanxi.fun/images/701-800/727-wish.jpg,512,512,44.3,75.6
728,enter,/ˈentə(r)/,v,v. 进入,True,701-800,images/701-800/enter.webp,images/701-800/enter.jpg,https://word.chuanxi.fun/images/701-800/728-enter.webp,https://word.chuanxi.fun/images/701-800/728-enter.jpg,512,512,44.1,78.1
729,physically,/ˈfɪzɪkli/,adv,adv. 身体上,True,701-800,images/701-800/physically.webp,images/701-800/physically.jpg,https://word.chuanxi.fun/images/701-800/729-physically.webp,https://word.chuanxi.fun/images/701-800/729-physically.jpg,512,512,16.8,41.5
730,million,/ˈmɪljən/,n,n. 百万,True,701-800,images/701-800/million.webp,images/701-800/million.jpg,https://word.chuanxi.fun/images/701-800/730-million.webp,https://word.chuanxi.fun/images/701-800/730-million.jpg,512,512,86.7,120.2
731,appreciate,/əˈpriːʃieɪt/,v,v. 欣赏,True,701-800,images/701-800/appreciate.webp,images/701-800/appreciate.jpg,https://word.chuanxi.fun/images/701-800/731-appreciate.webp,https://word.chuanxi.fun/images/701-800/731-appreciate.jpg,512,512,26.1,52.6
732,intensity,/ɪnˈtensəti/,n,n. 强度,True,701-800,images/701-800/intensity.webp,images/701-800/intensity.jpg,https://word.chuanxi.fun/images/701-800/732-intensity.webp,https://word.chuanxi.fun/images/701-800/732-intensity.jpg,512,512,22.3,47.1
733,notice,/ˈnəʊtɪs/,v,v. 注意到,True,701-800,images/701-800/notice.webp,images/701-800/notice.jpg,https://word.chuanxi.fun/images/701-800/733-notice.webp,https://word.chuanxi.fun/images/701-800/733-notice.jpg,512,512,18.3,40.4
734,alone,/əˈləʊn/,adv,adv. 独自,True,701-800,images/701-800/alone.webp,images/701-800/alone.jpg,https://word.chuanxi.fun/images/701-800/734-alone.webp,https://word.chuanxi.fun/images/701-800/734-alone.jpg,512,512,42.4,74.6
735,joke,/dʒəʊk/,n,n. 笑话,True,701-800,images/701-800/joke.webp,images/701-800/joke.jpg,https://word.chuanxi.fun/images/701-800/735-joke.webp,https://word.chuanxi.fun/images/701-800/735-joke.jpg,512,512,36.5,68.0
736,hope,/həʊp/,n,n. 希望,True,701-800,images/701-800/hope.webp,images/701-800/hope.jpg,https://word.chuanxi.fun/images/701-800/736-hope.webp,https://word.chuanxi.fun/images/701-800/736-hope.jpg,512,512,24.0,49.7
737,group,/ɡruːp/,n,n. 组,True,701-800,images/701-800/group.webp,images/701-800/group.jpg,https://word.chuanxi.fun/images/701-800/737-group.webp,https://word.chuanxi.fun/images/701-800/737-group.jpg,512,512,14.3,39.8
738,opinion,/əˈpɪnjən/,n,n. 意见,True,701-800,images/701-800/opinion.webp,images/701-800/opinion.jpg,https://word.chuanxi.fun/images/701-800/738-opinion.webp,https://word.chuanxi.fun/images/701-800/738-opinion.jpg,512,512,31.0,57.5
739,success,/səkˈses/,n,n. 成功,True,701-800,images/701-800/success.webp,images/701-800/success.jpg,https://word.chuanxi.fun/images/701-800/739-success.webp,https://word.chuanxi.fun/images/701-800/739-success.jpg,512,512,29.5,57.7
740,count,/kaʊnt/,v,v. 计算,True,701-800,images/701-800/count.webp,images/701-800/count.jpg,https://word.chuanxi.fun/images/701-800/740-count.webp,https://word.chuanxi.fun/images/701-800/740-count.jpg,512,512,25.1,52.4
741,devotee,/ˌdevəˈtiː/,n,n. 信徒,True,701-800,images/701-800/devotee.webp,images/701-800/devotee.jpg,https://word.chuanxi.fun/images/701-800/741-devotee.webp,https://word.chuanxi.fun/images/701-800/741-devotee.jpg,512,512,17.4,42.0
742,wonder,/ˈwʌndə(r)/,v,v. 惊讶,True,701-800,images/701-800/wonder.webp,images/701-800/wonder.jpg,https://word.chuanxi.fun/images/701-800/742-wonder.webp,https://word.chuanxi.fun/images/701-800/742-wonder.jpg,512,512,38.5,68.1
743,shape,/ʃeɪp/,v,v. 塑形,True,701-800,images/701-800/shape.webp,images/701-800/shape.jpg,https://word.chuanxi.fun/images/701-800/743-shape.webp,https://word.chuanxi.fun/images/701-800/743-shape.jpg,512,512,22.0,51.8
744,basic,/ˈbeɪsɪk/,adj,adj. 基本的,True,701-800,images/701-800/basic.webp,images/701-800/basic.jpg,https://word.chuanxi.fun/images/701-800/744-basic.webp,https://word.chuanxi.fun/images/701-800/744-basic.jpg,512,512,25.0,51.7
745,figure,/ˈfɪɡə(r)/,v,v. 计算,True,701-800,images/701-800/figure.webp,images/701-800/figure.jpg,https://word.chuanxi.fun/images/701-800/745-figure.webp,https://word.chuanxi.fun/images/701-800/745-figure.jpg,512,512,16.4,35.0
746,correct,/kəˈrekt/,adj,adj. 正确的,True,701-800,images/701-800/correct.webp,images/701-800/correct.jpg,https://word.chuanxi.fun/images/701-800/746-correct.webp,https://word.chuanxi.fun/images/701-800/746-correct.jpg,512,512,26.3,54.6
747,base,/beɪs/,n,n. 基础,True,701-800,images/701-800/base.webp,images/701-800/base.jpg,https://word.chuanxi.fun/images/701-800/747-base.webp,https://word.chuanxi.fun/images/701-800/747-base.jpg,512,512,24.5,50.7
748,anymore,/ˌeniˈmɔː(r)/,adv,adv. 再（用于否定句）,True,701-800,images/701-800/anymore.webp,images/701-800/anymore.jpg,https://word.chuanxi.fun/images/701-800/748-anymore.webp,https://word.chuanxi.fun/images/701-800/748-anymore.jpg,512,512,15.4,42.4
749,expression,/ɪkˈspreʃn/,n,n. 表达,True,701-800,images/701-800/expression.webp,images/701-800/expression.jpg,https://word.chuanxi.fun/images/701-800/749-expression.webp,https://word.chuanxi.fun/images/701-800/749-expression.jpg,512,512,23.8,51.7
750,view,/vjuː/,v,v. 看待,True,701-800,images/701-800/view.webp,images/701-800/view.jpg,https://word.chuanxi.fun/images/701-800/750-view.webp,https://word.chuanxi.fun/images/701-800/750-view.jpg,512,512,43.0,76.5
751,forward,/ˈfɔːwəd/,adv,adv. 向前,True,701-800,images/701-800/forward.webp,images/701-800/forward.jpg,https://word.chuanxi.fun/images/701-800/751-forward.webp,https://word.chuanxi.fun/images/701-800/751-forward.jpg,512,512,40.5,70.0
752,exactly,/ɪɡˈzæktli/,adv,adv. 确切地,True,701-800,images/701-800/exactly.webp,images/701-800/exactly.jpg,https://word.chuanxi.fun/images/701-800/752-exactly.webp,https://word.chuanxi.fun/images/701-800/752-exactly.jpg,512,512,24.5,52.5
753,condition,/kənˈdɪʃn/,n,n. 条件,True,701-800,images/701-800/condition.webp,images/701-800/condition.jpg,https://word.chuanxi.fun/images/701-800/753-condition.webp,https://word.chuanxi.fun/images/701-800/753-condition.jpg,512,512,17.2,31.2
754,clearly,/ˈklɪəli/,adv,adv. 清楚地,True,701-800,images/701-800/clearly.webp,images/701-800/clearly.jpg,https://word.chuanxi.fun/images/701-800/754-clearly.webp,https://word.chuanxi.fun/images/701-800/754-clearly.jpg,512,512,12.2,38.5
755,dangerous,/ˈdeɪndʒərəs/,adj,adj. 危险的,True,701-800,images/701-800/dangerous.webp,images/701-800/dangerous.jpg,https://word.chuanxi.fun/images/701-800/755-dangerous.webp,https://word.chuanxi.fun/images/701-800/755-dangerous.jpg,512,512,46.6,77.2
756,shoot,/ʃuːt/,v,v. 射击,True,701-800,images/701-800/shoot.webp,images/701-800/shoot.jpg,https://word.chuanxi.fun/images/701-800/756-shoot.webp,https://word.chuanxi.fun/images/701-800/756-shoot.jpg,512,512,32.9,62.1
757,consider,/kənˈsɪdə(r)/,v,v. 考虑,True,701-800,images/701-800/consider.webp,images/701-800/consider.jpg,https://word.chuanxi.fun/images/701-800/757-consider.webp,https://word.chuanxi.fun/images/701-800/757-consider.jpg,512,512,21.1,45.2
758,tradition,/trəˈdɪʃn/,n,n. 传统,True,701-800,images/701-800/tradition.webp,images/701-800/tradition.jpg,https://word.chuanxi.fun/images/701-800/758-tradition.webp,https://word.chuanxi.fun/images/701-800/758-tradition.jpg,512,512,23.9,52.9
759,draw,/drɔː/,v,v. 画,True,701-800,images/701-800/draw.webp,images/701-800/draw.jpg,https://word.chuanxi.fun/images/701-800/759-draw.webp,https://word.chuanxi.fun/images/701-800/759-draw.jpg,512,512,23.0,46.9
760,grace,/ɡreɪs/,n,n. 优雅,True,701-800,images/701-800/grace.webp,images/701-800/grace.jpg,https://word.chuanxi.fun/images/701-800/760-grace.webp,https://word.chuanxi.fun/images/701-800/760-grace.jpg,512,512,23.7,53.2
761,follow,/ˈfɒləʊ/,v,v. 跟随,True,701-800,images/701-800/follow.webp,images/701-800/follow.jpg,https://word.chuanxi.fun/images/701-800/761-follow.webp,https://word.chuanxi.fun/images/701-800/761-follow.jpg,512,512,33.4,62.8
762,root,/ruːt/,n,n. 根,True,701-800,images/701-800/root.webp,images/701-800/root.jpg,https://word.chuanxi.fun/images/701-800/762-root.webp,https://word.chuanxi.fun/images/701-800/762-root.jpg,512,512,44.6,75.8
763,intelligent,/ɪnˈtelɪdʒənt/,adj,adj. 聪明的,True,701-800,images/701-800/intelligent.webp,images/701-800/intelligent.jpg,https://word.chuanxi.fun/images/701-800/763-intelligent.webp,https://word.chuanxi.fun/images/701-800/763-intelligent.jpg,512,512,17.4,42.5
764,instrument,/ˈɪnstrəmənt/,n,n. 乐器,True,701-800,images/701-800/instrument.webp,images/701-800/instrument.jpg,https://word.chuanxi.fun/images/701-800/764-instrument.webp,https://word.chuanxi.fun/images/701-800/764-instrument.jpg,512,512,20.8,45.3
765,mirror,/ˈmɪrə(r)/,n,n. 镜子,True,701-800,images/701-800/mirror.webp,images/701-800/mirror.jpg,https://word.chuanxi.fun/images/701-800/765-mirror.webp,https://word.chuanxi.fun/images/701-800/765-mirror.jpg,512,512,31.8,61.2
766,offer,/ˈɒfə(r)/,v,v. 提供,True,701-800,images/701-800/offer.webp,images/701-800/offer.jpg,https://word.chuanxi.fun/images/701-800/766-offer.webp,https://word.chuanxi.fun/images/701-800/766-offer.jpg,512,512,27.4,53.5
767,star,/stɑː(r)/,n,n. 星,True,701-800,images/701-800/star.webp,images/701-800/star.jpg,https://word.chuanxi.fun/images/701-800/767-star.webp,https://word.chuanxi.fun/images/701-800/767-star.jpg,512,512,35.9,67.4
768,laugh,/lɑːf/,v,v. 笑,True,701-800,images/701-800/laugh.webp,images/701-800/laugh.jpg,https://word.chuanxi.fun/images/701-800/768-laugh.webp,https://word.chuanxi.fun/images/701-800/768-laugh.jpg,512,512,17.1,40.4
769,dislike,/dɪsˈlaɪk/,v,v. 不喜欢,True,701-800,images/701-800/dislike.webp,images/701-800/dislike.jpg,https://word.chuanxi.fun/images/701-800/769-dislike.webp,https://word.chuanxi.fun/images/701-800/769-dislike.jpg,512,512,28.9,56.5
770,belong,/bɪˈlɒŋ/,v,v. 属于,True,701-800,images/701-800/belong.webp,images/701-800/belong.jpg,https://word.chuanxi.fun/images/701-800/770-belong.webp,https://word.chuanxi.fun/images/701-800/770-belong.jpg,512,512,33.1,65.8
771,pretty,/ˈprɪti/,adj,adj. 漂亮的,True,701-800,images/701-800/pretty.webp,images/701-800/pretty.jpg,https://word.chuanxi.fun/images/701-800/771-pretty.webp,https://word.chuanxi.fun/images/701-800/771-pretty.jpg,512,512,35.2,66.1
772,organize,/ˈɔːɡənaɪz/,v,v. 组织,True,701-800,images/701-800/organize.webp,images/701-800/organize.jpg,https://word.chuanxi.fun/images/701-800/772-organize.webp,https://word.chuanxi.fun/images/701-800/772-organize.jpg,512,512,26.9,53.7
773,market,/ˈmɑːkɪt/,n,n. 市场,True,701-800,images/701-800/market.webp,images/701-800/market.jpg,https://word.chuanxi.fun/images/701-800/773-market.webp,https://word.chuanxi.fun/images/701-800/773-market.jpg,512,512,75.7,107.4
774,trouble,/ˈtrʌbl/,n,n. 麻烦,True,701-800,images/701-800/trouble.webp,images/701-800/trouble.jpg,https://word.chuanxi.fun/images/701-800/774-trouble.webp,https://word.chuanxi.fun/images/701-800/774-trouble.jpg,512,512,24.0,46.7
775,develop,/dɪˈveləp/,v,v. 发展,True,701-800,images/701-800/develop.webp,images/701-800/develop.jpg,https://word.chuanxi.fun/images/701-800/775-develop.webp,https://word.chuanxi.fun/images/701-800/775-develop.jpg,512,512,23.1,47.1
776,medical,/ˈmedɪkl/,adj,adj. 医学的,True,701-800,images/701-800/medical.webp,images/701-800/medical.jpg,https://word.chuanxi.fun/images/701-800/776-medical.webp,https://word.chuanxi.fun/images/701-800/776-medical.jpg,512,512,21.9,40.0
777,safe,/seɪf/,adj,adj. 安全的,True,701-800,images/701-800/safe.webp,images/701-800/safe.jpg,https://word.chuanxi.fun/images/701-800/777-safe.webp,https://word.chuanxi.fun/images/701-800/777-safe.jpg,512,512,26.5,57.6
778,lie,/laɪ/,v,v. 躺下,True,701-800,images/701-800/lie.webp,images/701-800/lie.jpg,https://word.chuanxi.fun/images/701-800/778-lie.webp,https://word.chuanxi.fun/images/701-800/778-lie.jpg,512,512,25.0,50.6
779,easily,/ˈiːzəli/,adv,adv. 容易地,True,701-800,images/701-800/easily.webp,images/701-800/easily.jpg,https://word.chuanxi.fun/images/701-800/779-easily.webp,https://word.chuanxi.fun/images/701-800/779-easily.jpg,512,512,49.4,78.5
780,worry,/ˈwʌri/,v,v. 担心,True,701-800,images/701-800/worry.webp,images/701-800/worry.jpg,https://word.chuanxi.fun/images/701-800/780-worry.webp,https://word.chuanxi.fun/images/701-800/780-worry.jpg,512,512,18.9,40.1
781,dig,/dɪɡ/,v,v. 挖掘,True,701-800,images/701-800/dig.webp,images/701-800/dig.jpg,https://word.chuanxi.fun/images/701-800/781-dig.webp,https://word.chuanxi.fun/images/701-800/781-dig.jpg,512,512,23.5,49.5
782,pleasantness,/ˈplezntnəs/,n,n. 愉悦,True,701-800,images/701-800/pleasantness.webp,images/701-800/pleasantness.jpg,https://word.chuanxi.fun/images/701-800/782-pleasantness.webp,https://word.chuanxi.fun/images/701-800/782-pleasantness.jpg,512,512,34.7,63.1
783,forest,/ˈfɒrɪst/,n,n. 森林,True,701-800,images/701-800/forest.webp,images/701-800/forest.jpg,https://word.chuanxi.fun/images/701-800/783-forest.webp,https://word.chuanxi.fun/images/701-800/783-forest.jpg,512,512,87.3,114.5
784,marry,/ˈmæri/,v,v. 结婚,True,701-800,images/701-800/marry.webp,images/701-800/marry.jpg,https://word.chuanxi.fun/images/701-800/784-marry.webp,https://word.chuanxi.fun/images/701-800/784-marry.jpg,512,512,27.5,53.6
785,continue,/kənˈtɪnjuː/,v,v. 继续,True,701-800,images/701-800/continue.webp,images/701-800/continue.jpg,https://word.chuanxi.fun/images/701-800/785-continue.webp,https://word.chuanxi.fun/images/701-800/785-continue.jpg,512,512,3.7,21.3
786,include,/ɪnˈkluːd/,v,v. 包括,True,701-800,images/701-800/include.webp,images/701-800/include.jpg,https://word.chuanxi.fun/images/701-800/786-include.webp,https://word.chuanxi.fun/images/701-800/786-include.jpg,512,512,14.2,30.5
787,fully,/ˈfʊli/,adv,adv. 完全地,True,701-800,images/701-800/fully.webp,images/701-800/fully.jpg,https://word.chuanxi.fun/images/701-800/787-fully.webp,https://word.chuanxi.fun/images/701-800/787-fully.jpg,512,512,15.9,41.1
788,serve,/sɜːv/,v,v. 服务,True,701-800,images/701-800/serve.webp,images/701-800/serve.jpg,https://word.chuanxi.fun/images/701-800/788-serve.webp,https://word.chuanxi.fun/images/701-800/788-serve.jpg,512,512,15.6,35.1
789,claim,/kleɪm/,v,v. 声称,True,701-800,images/701-800/claim.webp,images/701-800/claim.jpg,https://word.chuanxi.fun/images/701-800/789-claim.webp,https://word.chuanxi.fun/images/701-800/789-claim.jpg,512,512,17.0,41.8
790,establish,/ɪˈstæblɪʃ/,v,v. 建立,True,701-800,images/701-800/establish.webp,images/701-800/establish.jpg,https://word.chuanxi.fun/images/701-800/790-establish.webp,https://word.chuanxi.fun/images/701-800/790-establish.jpg,512,512,32.2,62.0
791,jump,/dʒʌmp/,v,v. 跳跃,True,701-800,images/701-800/jump.webp,images/701-800/jump.jpg,https://word.chuanxi.fun/images/701-800/791-jump.webp,https://word.chuanxi.fun/images/701-800/791-jump.jpg,512,512,17.1,37.8
792,deeply,/ˈdiːpli/,adv,adv. 深入地,True,701-800,images/701-800/deeply.webp,images/701-800/deeply.jpg,https://word.chuanxi.fun/images/701-800/792-deeply.webp,https://word.chuanxi.fun/images/701-800/792-deeply.jpg,512,512,27.8,59.1
793,earn,/ɜːn/,v,v. 赚取,True,701-800,images/701-800/earn.webp,images/701-800/earn.jpg,https://word.chuanxi.fun/images/701-800/793-earn.webp,https://word.chuanxi.fun/images/701-800/793-earn.jpg,512,512,16.5,36.3
794,university,/ˌjuːnɪˈvɜːsəti/,n,n. 大学,True,701-800,images/701-800/university.webp,images/701-800/university.jpg,https://word.chuanxi.fun/images/701-800/794-university.webp,https://word.chuanxi.fun/images/701-800/794-university.jpg,512,512,47.3,83.4
795,thousand,/ˈθaʊznd/,n,n. 千,True,701-800,images/701-800/thousand.webp,images/701-800/thousand.jpg,https://word.chuanxi.fun/images/701-800/795-thousand.webp,https://word.chuanxi.fun/images/701-800/795-thousand.jpg,512,512,32.3,61.1
796,address,/əˈdres/,v,v. 发言,True,701-800,images/701-800/address.webp,images/701-800/address.jpg,https://word.chuanxi.fun/images/701-800/796-address.webp,https://word.chuanxi.fun/images/701-800/796-address.jpg,512,512,21.2,48.5
797,mistake,/mɪˈsteɪk/,n,n. 错误,True,701-800,images/701-800/mistake.webp,images/701-800/mistake.jpg,https://word.chuanxi.fun/images/701-800/797-mistake.webp,https://word.chuanxi.fun/images/701-800/797-mistake.jpg,512,512,32.7,62.2
798,transaction,/trænˈzækʃn/,n,n. 交易,True,701-800,images/701-800/transaction.webp,images/701-800/transaction.jpg,https://word.chuanxi.fun/images/701-800/798-transaction.webp,https://word.chuanxi.fun/images/701-800/798-transaction.jpg,512,512,40.5,72.3
799,context,/ˈkɒntekst/,n,n. 背景,True,701-800,images/701-800/context.webp,images/701-800/context.jpg,https://word.chuanxi.fun/images/701-800/799-context.webp,https://word.chuanxi.fun/images/701-800/799-context.jpg,512,512,72.5,104.6
800,check,/tʃek/,v,v. 检查,True,701-800,images/701-800/check.webp,images/701-800/check.jpg,https://word.chuanxi.fun/images/701-800/800-check.webp,https://word.chuanxi.fun/images/701-800/800-check.jpg,512,512,19.6,43.7
801,area,/ˈeəriə/,n,n. 地区,True,801-900,images/801-900/area.webp,images/801-900/area.jpg,https://word.chuanxi.fun/images/801-900/801-area.webp,https://word.chuanxi.fun/images/801-900/801-area.jpg,512,512,20.5,48.4
802,scale,/skeɪl/,n,n. 规模,True,801-900,images/801-900/scale.webp,images/801-900/scale.jpg,https://word.chuanxi.fun/images/801-900/802-scale.webp,https://word.chuanxi.fun/images/801-900/802-scale.jpg,512,512,21.4,47.3
803,century,/ˈsentʃəri/,n,n. 世纪,True,801-900,images/801-900/century.webp,images/801-900/century.jpg,https://word.chuanxi.fun/images/801-900/803-century.webp,https://word.chuanxi.fun/images/801-900/803-century.jpg,512,512,10.8,39.6
804,appear,/əˈpɪə(r)/,v,v. 出现,True,801-900,images/801-900/appear.webp,images/801-900/appear.jpg,https://word.chuanxi.fun/images/801-900/804-appear.webp,https://word.chuanxi.fun/images/801-900/804-appear.jpg,512,512,11.1,32.4
805,increase,/ɪnˈkriːs/,v,v. 增加,True,801-900,images/801-900/increase.webp,images/801-900/increase.jpg,https://word.chuanxi.fun/images/801-900/805-increase.webp,https://word.chuanxi.fun/images/801-900/805-increase.jpg,512,512,20.2,44.7
806,useful,/ˈjuːsfl/,adj,adj. 有用的,True,801-900,images/801-900/useful.webp,images/801-900/useful.jpg,https://word.chuanxi.fun/images/801-900/806-useful.webp,https://word.chuanxi.fun/images/801-900/806-useful.jpg,512,512,22.8,49.0
807,temperature,/ˈtemprətʃə(r)/,n,n. 温度,True,801-900,images/801-900/temperature.webp,images/801-900/temperature.jpg,https://word.chuanxi.fun/images/801-900/807-temperature.webp,https://word.chuanxi.fun/images/801-900/807-temperature.jpg,512,512,19.9,42.7
808,either,/ˈaɪðə(r)/,adv,adv. 或者,True,801-900,images/801-900/either.webp,images/801-900/either.jpg,https://word.chuanxi.fun/images/801-900/808-either.webp,https://word.chuanxi.fun/images/801-900/808-either.jpg,512,512,36.6,65.5
809,consequence,/ˈkɒnsɪkwəns/,n,n. 后果,True,801-900,images/801-900/consequence.webp,images/801-900/consequence.jpg,https://word.chuanxi.fun/images/801-900/809-consequence.webp,https://word.chuanxi.fun/images/801-900/809-consequence.jpg,512,512,16.6,42.0
810,feed,/fiːd/,v,v. 喂养,True,801-900,images/801-900/feed.webp,images/801-900/feed.jpg,https://word.chuanxi.fun/images/801-900/810-feed.webp,https://word.chuanxi.fun/images/801-900/810-feed.jpg,512,512,22.8,47.8
811,hurt,/hɜːt/,v,v. 伤害,True,801-900,images/801-900/hurt.webp,images/801-900/hurt.jpg,https://word.chuanxi.fun/images/801-900/811-hurt.webp,https://word.chuanxi.fun/images/801-900/811-hurt.jpg,512,512,26.1,54.0
812,imagination,/ɪˌmædʒɪˈneɪʃn/,n,n. 想象力,True,801-900,images/801-900/imagination.webp,images/801-900/imagination.jpg,https://word.chuanxi.fun/images/801-900/812-imagination.webp,https://word.chuanxi.fun/images/801-900/812-imagination.jpg,512,512,36.6,68.1
813,complete,/kəmˈpliːt/,adj,adj. 完整的,True,801-900,images/801-900/complete.webp,images/801-900/complete.jpg,https://word.chuanxi.fun/images/801-900/813-complete.webp,https://word.chuanxi.fun/images/801-900/813-complete.jpg,512,512,35.2,66.4
814,express,/ɪkˈspres/,v,v. 表达,True,801-900,images/801-900/express.webp,images/801-900/express.jpg,https://word.chuanxi.fun/images/801-900/814-express.webp,https://word.chuanxi.fun/images/801-900/814-express.jpg,512,512,20.0,39.4
815,nearly,/ˈnɪəli/,adv,adv. 几乎,True,801-900,images/801-900/nearly.webp,images/801-900/nearly.jpg,https://word.chuanxi.fun/images/801-900/815-nearly.webp,https://word.chuanxi.fun/images/801-900/815-nearly.jpg,512,512,8.9,27.9
816,interesting,/ˈɪntrəstɪŋ/,adj,adj. 有趣的,True,801-900,images/801-900/interesting.webp,images/801-900/interesting.jpg,https://word.chuanxi.fun/images/801-900/816-interesting.webp,https://word.chuanxi.fun/images/801-900/816-interesting.jpg,512,512,28.4,53.0
817,win,/wɪn/,v,v. 赢,True,801-900,images/801-900/win.webp,images/801-900/win.jpg,https://word.chuanxi.fun/images/801-900/817-win.webp,https://word.chuanxi.fun/images/801-900/817-win.jpg,512,512,28.8,57.0
818,political,/pəˈlɪtɪkl/,adj,adj. 政治的,True,801-900,images/801-900/political.webp,images/801-900/political.jpg,https://word.chuanxi.fun/images/801-900/818-political.webp,https://word.chuanxi.fun/images/801-900/818-political.jpg,512,512,32.8,68.3
819,search,/sɜːtʃ/,v,v. 寻找,True,801-900,images/801-900/search.webp,images/801-900/search.jpg,https://word.chuanxi.fun/images/801-900/819-search.webp,https://word.chuanxi.fun/images/801-900/819-search.jpg,512,512,33.3,62.6
820,crime,/kraɪm/,n,n. 犯罪,True,801-900,images/801-900/crime.webp,images/801-900/crime.jpg,https://word.chuanxi.fun/images/801-900/820-crime.webp,https://word.chuanxi.fun/images/801-900/820-crime.jpg,512,512,47.5,82.2
821,low,/ləʊ/,adj,adj. 低的,True,801-900,images/801-900/low.webp,images/801-900/low.jpg,https://word.chuanxi.fun/images/801-900/821-low.webp,https://word.chuanxi.fun/images/801-900/821-low.jpg,512,512,32.1,57.7
822,expect,/ɪkˈspekt/,v,v. 期待,True,801-900,images/801-900/expect.webp,images/801-900/expect.jpg,https://word.chuanxi.fun/images/801-900/822-expect.webp,https://word.chuanxi.fun/images/801-900/822-expect.jpg,512,512,53.7,84.0
823,local,/ˈləʊkl/,adj,adj. 当地的,True,801-900,images/801-900/local.webp,images/801-900/local.jpg,https://word.chuanxi.fun/images/801-900/823-local.webp,https://word.chuanxi.fun/images/801-900/823-local.jpg,512,512,59.4,94.8
824,calendar,/ˈkælɪndə(r)/,n,n. 日历,True,801-900,images/801-900/calendar.webp,images/801-900/calendar.jpg,https://word.chuanxi.fun/images/801-900/824-calendar.webp,https://word.chuanxi.fun/images/801-900/824-calendar.jpg,512,512,25.2,56.0
825,bother,/ˈbɒðə(r)/,v,v. 打扰,True,801-900,images/801-900/bother.webp,images/801-900/bother.jpg,https://word.chuanxi.fun/images/801-900/825-bother.webp,https://word.chuanxi.fun/images/801-900/825-bother.jpg,512,512,32.7,64.1
826,forever,/fərˈevə(r)/,adv,adv. 永远,True,801-900,images/801-900/forever.webp,images/801-900/forever.jpg,https://word.chuanxi.fun/images/801-900/826-forever.webp,https://word.chuanxi.fun/images/801-900/826-forever.jpg,512,512,20.1,39.6
827,explain,/ɪkˈspleɪn/,v,v. 解释,True,801-900,images/801-900/explain.webp,images/801-900/explain.jpg,https://word.chuanxi.fun/images/801-900/827-explain.webp,https://word.chuanxi.fun/images/801-900/827-explain.jpg,512,512,30.2,60.4
828,design,/dɪˈzaɪn/,n,n. 设计,True,801-900,images/801-900/design.webp,images/801-900/design.jpg,https://word.chuanxi.fun/images/801-900/828-design.webp,https://word.chuanxi.fun/images/801-900/828-design.jpg,512,512,35.0,65.3
829,climb,/klaɪm/,v,v. 爬,True,801-900,images/801-900/climb.webp,images/801-900/climb.jpg,https://word.chuanxi.fun/images/801-900/829-climb.webp,https://word.chuanxi.fun/images/801-900/829-climb.jpg,512,512,47.9,80.8
830,straight,/streɪt/,adj,adj. 直的,True,801-900,images/801-900/straight.webp,images/801-900/straight.jpg,https://word.chuanxi.fun/images/801-900/830-straight.webp,https://word.chuanxi.fun/images/801-900/830-straight.jpg,512,512,9.8,34.9
831,train,/treɪn/,v,v. 训练,True,801-900,images/801-900/train.webp,images/801-900/train.jpg,https://word.chuanxi.fun/images/801-900/831-train.webp,https://word.chuanxi.fun/images/801-900/831-train.jpg,512,512,41.4,73.1
832,seeker,/ˈsiːkə(r)/,n,n. 寻求者,True,801-900,images/801-900/seeker.webp,images/801-900/seeker.jpg,https://word.chuanxi.fun/images/801-900/832-seeker.webp,https://word.chuanxi.fun/images/801-900/832-seeker.jpg,512,512,54.3,87.3
833,picture,/ˈpɪktʃə(r)/,n,n. 图片,True,801-900,images/801-900/picture.webp,images/801-900/picture.jpg,https://word.chuanxi.fun/images/801-900/833-picture.webp,https://word.chuanxi.fun/images/801-900/833-picture.jpg,512,512,36.9,67.1
834,smell,/smel/,v,v. 闻,True,801-900,images/801-900/smell.webp,images/801-900/smell.jpg,https://word.chuanxi.fun/images/801-900/834-smell.webp,https://word.chuanxi.fun/images/801-900/834-smell.jpg,512,512,14.4,33.3
835,wise,/waɪz/,adj,adj. 明智的,True,801-900,images/801-900/wise.webp,images/801-900/wise.jpg,https://word.chuanxi.fun/images/801-900/835-wise.webp,https://word.chuanxi.fun/images/801-900/835-wise.jpg,512,512,24.1,52.0
836,compare,/kəmˈpeə(r)/,v,v. 比较,True,801-900,images/801-900/compare.webp,images/801-900/compare.jpg,https://word.chuanxi.fun/images/801-900/836-compare.webp,https://word.chuanxi.fun/images/801-900/836-compare.jpg,512,512,21.4,47.1
837,prepare,/prɪˈpeə(r)/,v,v. 准备,True,801-900,images/801-900/prepare.webp,images/801-900/prepare.jpg,https://word.chuanxi.fun/images/801-900/837-prepare.webp,https://word.chuanxi.fun/images/801-900/837-prepare.jpg,512,512,25.4,49.1
838,beauty,/ˈbjuːti/,n,n. 美,True,801-900,images/801-900/beauty.webp,images/801-900/beauty.jpg,https://word.chuanxi.fun/images/801-900/838-beauty.webp,https://word.chuanxi.fun/images/801-900/838-beauty.jpg,512,512,57.8,89.9
839,scientific,/ˌsaɪənˈtɪfɪk/,adj,adj. 科学的,True,801-900,images/801-900/scientific.webp,images/801-900/scientific.jpg,https://word.chuanxi.fun/images/801-900/839-scientific.webp,https://word.chuanxi.fun/images/801-900/839-scientific.jpg,512,512,39.6,72.6
840,daily,/ˈdeɪli/,adj,adj. 日常的,True,801-900,images/801-900/daily.webp,images/801-900/daily.jpg,https://word.chuanxi.fun/images/801-900/840-daily.webp,https://word.chuanxi.fun/images/801-900/840-daily.jpg,512,512,25.5,53.4
841,common,/ˈkɒmən/,adj,adj. 常见的,True,801-900,images/801-900/common.webp,images/801-900/common.jpg,https://word.chuanxi.fun/images/801-900/841-common.webp,https://word.chuanxi.fun/images/801-900/841-common.jpg,512,512,19.9,45.8
842,kid,/kɪd/,n,n. 小孩,True,801-900,images/801-900/kid.webp,images/801-900/kid.jpg,https://word.chuanxi.fun/images/801-900/842-kid.webp,https://word.chuanxi.fun/images/801-900/842-kid.jpg,512,512,24.3,52.2
843,kilometer,/ˈkɪləmiːtə(r)/,n,n. 公里,True,801-900,images/801-900/kilometer.webp,images/801-900/kilometer.jpg,https://word.chuanxi.fun/images/801-900/843-kilometer.webp,https://word.chuanxi.fun/images/801-900/843-kilometer.jpg,512,512,61.3,92.4
844,popular,/ˈpɒpjələ(r)/,adj,adj. 流行的,True,801-900,images/801-900/popular.webp,images/801-900/popular.jpg,https://word.chuanxi.fun/images/801-900/844-popular.webp,https://word.chuanxi.fun/images/801-900/844-popular.jpg,512,512,53.0,91.0
845,south,/saʊθ/,n,n. 南方,True,801-900,images/801-900/south.webp,images/801-900/south.jpg,https://word.chuanxi.fun/images/801-900/845-south.webp,https://word.chuanxi.fun/images/801-900/845-south.jpg,512,512,28.1,57.2
846,avoid,/əˈvɔɪd/,v,v. 避免,True,801-900,images/801-900/avoid.webp,images/801-900/avoid.jpg,https://word.chuanxi.fun/images/801-900/846-avoid.webp,https://word.chuanxi.fun/images/801-900/846-avoid.jpg,512,512,26.4,53.5
847,trip,/trɪp/,n,n. 旅行,True,801-900,images/801-900/trip.webp,images/801-900/trip.jpg,https://word.chuanxi.fun/images/801-900/847-trip.webp,https://word.chuanxi.fun/images/801-900/847-trip.jpg,512,512,43.3,78.7
848,peaceful,/ˈpiːsfl/,adj,adj. 和平的,True,801-900,images/801-900/peaceful.webp,images/801-900/peaceful.jpg,https://word.chuanxi.fun/images/801-900/848-peaceful.webp,https://word.chuanxi.fun/images/801-900/848-peaceful.jpg,512,512,58.1,90.6
849,mode,/məʊd/,n,n. 方式,True,801-900,images/801-900/mode.webp,images/801-900/mode.jpg,https://word.chuanxi.fun/images/801-900/849-mode.webp,https://word.chuanxi.fun/images/801-900/849-mode.jpg,512,512,59.3,91.6
850,chance,/tʃɑːns/,n,n. 机会,True,801-900,images/801-900/chance.webp,images/801-900/chance.jpg,https://word.chuanxi.fun/images/801-900/850-chance.webp,https://word.chuanxi.fun/images/801-900/850-chance.jpg,512,512,25.8,52.9
851,differently,/ˈdɪfrəntli/,adv,adv. 不同地,True,801-900,images/801-900/differently.webp,images/801-900/differently.jpg,https://word.chuanxi.fun/images/801-900/851-differently.webp,https://word.chuanxi.fun/images/801-900/851-differently.jpg,512,512,44.7,76.4
852,mechanism,/ˈmekənɪzəm/,n,n. 机制,True,801-900,images/801-900/mechanism.webp,images/801-900/mechanism.jpg,https://word.chuanxi.fun/images/801-900/852-mechanism.webp,https://word.chuanxi.fun/images/801-900/852-mechanism.jpg,512,512,18.5,44.6
853,unpleasant,/ʌnˈpleznt/,adj,adj. 不愉快的,True,801-900,images/801-900/unpleasant.webp,images/801-900/unpleasant.jpg,https://word.chuanxi.fun/images/801-900/853-unpleasant.webp,https://word.chuanxi.fun/images/801-900/853-unpleasant.jpg,512,512,27.7,54.6
854,wisdom,/ˈwɪzdəm/,n,n. 智慧,True,801-900,images/801-900/wisdom.webp,images/801-900/wisdom.jpg,https://word.chuanxi.fun/images/801-900/854-wisdom.webp,https://word.chuanxi.fun/images/801-900/854-wisdom.jpg,512,512,50.3,83.5
855,method,/ˈmeθəd/,n,n. 方法,True,801-900,images/801-900/method.webp,images/801-900/method.jpg,https://word.chuanxi.fun/images/801-900/855-method.webp,https://word.chuanxi.fun/images/801-900/855-method.jpg,512,512,60.9,90.9
856,cost,/kɒst/,n,n. 代价,True,801-900,images/801-900/cost.webp,images/801-900/cost.jpg,https://word.chuanxi.fun/images/801-900/856-cost.webp,https://word.chuanxi.fun/images/801-900/856-cost.jpg,512,512,33.2,60.8
857,fresh,/freʃ/,adj,adj. 新鲜的,True,801-900,images/801-900/fresh.webp,images/801-900/fresh.jpg,https://word.chuanxi.fun/images/801-900/857-fresh.webp,https://word.chuanxi.fun/images/801-900/857-fresh.jpg,512,512,52.0,83.3
858,kingdom,/ˈkɪŋdəm/,n,n. 王国,True,801-900,images/801-900/kingdom.webp,images/801-900/kingdom.jpg,https://word.chuanxi.fun/images/801-900/858-kingdom.webp,https://word.chuanxi.fun/images/801-900/858-kingdom.jpg,512,512,47.9,80.0
859,product,/ˈprɒdʌkt/,n,n. 产品,True,801-900,images/801-900/product.webp,images/801-900/product.jpg,https://word.chuanxi.fun/images/801-900/859-product.webp,https://word.chuanxi.fun/images/801-900/859-product.jpg,512,512,19.6,44.5
860,recently,/ˈriːsntli/,adv,adv. 最近,True,801-900,images/801-900/recently.webp,images/801-900/recently.jpg,https://word.chuanxi.fun/images/801-900/860-recently.webp,https://word.chuanxi.fun/images/801-900/860-recently.jpg,512,512,21.9,46.5
861,couple,/ˈkʌpl/,n,n. 夫妇,True,801-900,images/801-900/couple.webp,images/801-900/couple.jpg,https://word.chuanxi.fun/images/801-900/861-couple.webp,https://word.chuanxi.fun/images/801-900/861-couple.jpg,512,512,38.1,69.1
862,impossible,/ɪmˈpɒsəbl/,adj,adj. 不可能的,True,801-900,images/801-900/impossible.webp,images/801-900/impossible.jpg,https://word.chuanxi.fun/images/801-900/862-impossible.webp,https://word.chuanxi.fun/images/801-900/862-impossible.jpg,512,512,19.7,44.8
863,dear,/dɪə(r)/,adj,adj. 亲爱的,True,801-900,images/801-900/dear.webp,images/801-900/dear.jpg,https://word.chuanxi.fun/images/801-900/863-dear.webp,https://word.chuanxi.fun/images/801-900/863-dear.jpg,512,512,17.1,43.0
864,price,/praɪs/,n,n. 价格,True,801-900,images/801-900/price.webp,images/801-900/price.jpg,https://word.chuanxi.fun/images/801-900/864-price.webp,https://word.chuanxi.fun/images/801-900/864-price.jpg,512,512,26.4,54.7
865,trap,/træp/,n,n. 陷阱,True,801-900,images/801-900/trap.webp,images/801-900/trap.jpg,https://word.chuanxi.fun/images/801-900/865-trap.webp,https://word.chuanxi.fun/images/801-900/865-trap.jpg,512,512,36.9,65.4
866,smile,/smaɪl/,v,v. 微笑,True,801-900,images/801-900/smile.webp,images/801-900/smile.jpg,https://word.chuanxi.fun/images/801-900/866-smile.webp,https://word.chuanxi.fun/images/801-900/866-smile.jpg,512,512,26.7,52.5
867,gun,/ɡʌn/,n,n. 枪,True,801-900,images/801-900/gun.webp,images/801-900/gun.jpg,https://word.chuanxi.fun/images/801-900/867-gun.webp,https://word.chuanxi.fun/images/801-900/867-gun.jpg,512,512,26.6,58.4
868,achieve,/əˈtʃiːv/,v,v. 实现,True,801-900,images/801-900/achieve.webp,images/801-900/achieve.jpg,https://word.chuanxi.fun/images/801-900/868-achieve.webp,https://word.chuanxi.fun/images/801-900/868-achieve.jpg,512,512,32.4,61.2
869,middle,/ˈmɪdl/,adj,adj. 中间的,True,801-900,images/801-900/middle.webp,images/801-900/middle.jpg,https://word.chuanxi.fun/images/801-900/869-middle.webp,https://word.chuanxi.fun/images/801-900/869-middle.jpg,512,512,14.6,34.5
870,survive,/səˈvaɪv/,v,v. 生存,True,801-900,images/801-900/survive.webp,images/801-900/survive.jpg,https://word.chuanxi.fun/images/801-900/870-survive.webp,https://word.chuanxi.fun/images/801-900/870-survive.jpg,512,512,34.3,62.2
871,perform,/pəˈfɔːm/,v,v. 表演,True,801-900,images/801-900/perform.webp,images/801-900/perform.jpg,https://word.chuanxi.fun/images/801-900/871-perform.webp,https://word.chuanxi.fun/images/801-900/871-perform.jpg,512,512,32.9,66.2
872,speed,/spiːd/,n,n. 速度,True,801-900,images/801-900/speed.webp,images/801-900/speed.jpg,https://word.chuanxi.fun/images/801-900/872-speed.webp,https://word.chuanxi.fun/images/801-900/872-speed.jpg,512,512,21.3,48.7
873,wild,/waɪld/,adj,adj. 狂野的,True,801-900,images/801-900/wild.webp,images/801-900/wild.jpg,https://word.chuanxi.fun/images/801-900/873-wild.webp,https://word.chuanxi.fun/images/801-900/873-wild.jpg,512,512,43.8,71.9
874,detail,/ˈdiːteɪl/,n,n. 细节,True,801-900,images/801-900/detail.webp,images/801-900/detail.jpg,https://word.chuanxi.fun/images/801-900/874-detail.webp,https://word.chuanxi.fun/images/801-900/874-detail.jpg,512,512,19.8,42.5
875,insect,/ˈɪnsekt/,n,n. 昆虫,True,801-900,images/801-900/insect.webp,images/801-900/insect.jpg,https://word.chuanxi.fun/images/801-900/875-insect.webp,https://word.chuanxi.fun/images/801-900/875-insect.jpg,512,512,25.8,52.0
876,atom,/ˈætəm/,n,n. 原子,True,801-900,images/801-900/atom.webp,images/801-900/atom.jpg,https://word.chuanxi.fun/images/801-900/876-atom.webp,https://word.chuanxi.fun/images/801-900/876-atom.jpg,512,512,18.2,41.5
877,gold,/ɡəʊld/,n,n. 黄金,True,801-900,images/801-900/gold.webp,images/801-900/gold.jpg,https://word.chuanxi.fun/images/801-900/877-gold.webp,https://word.chuanxi.fun/images/801-900/877-gold.jpg,512,512,23.6,51.1
878,replace,/rɪˈpleɪs/,v,v. 替换,True,801-900,images/801-900/replace.webp,images/801-900/replace.jpg,https://word.chuanxi.fun/images/801-900/878-replace.webp,https://word.chuanxi.fun/images/801-900/878-replace.jpg,512,512,34.7,64.7
879,welcome,/ˈwelkəm/,v,v. 欢迎,True,801-900,images/801-900/welcome.webp,images/801-900/welcome.jpg,https://word.chuanxi.fun/images/801-900/879-welcome.webp,https://word.chuanxi.fun/images/801-900/879-welcome.jpg,512,512,44.1,78.9
880,remind,/rɪˈmaɪnd/,v,v. 提醒,True,801-900,images/801-900/remind.webp,images/801-900/remind.jpg,https://word.chuanxi.fun/images/801-900/880-remind.webp,https://word.chuanxi.fun/images/801-900/880-remind.jpg,512,512,32.2,61.8
881,interest,/ˈɪntrəst/,n,n. 兴趣,True,801-900,images/801-900/interest.webp,images/801-900/interest.jpg,https://word.chuanxi.fun/images/801-900/881-interest.webp,https://word.chuanxi.fun/images/801-900/881-interest.jpg,512,512,35.7,67.2
882,strength,/streŋθ/,n,n. 力量,True,801-900,images/801-900/strength.webp,images/801-900/strength.jpg,https://word.chuanxi.fun/images/801-900/882-strength.webp,https://word.chuanxi.fun/images/801-900/882-strength.jpg,512,512,21.1,46.6
883,receive,/rɪˈsiːv/,v,v. 接收,True,801-900,images/801-900/receive.webp,images/801-900/receive.jpg,https://word.chuanxi.fun/images/801-900/883-receive.webp,https://word.chuanxi.fun/images/801-900/883-receive.jpg,512,512,22.3,47.5
884,fortunately,/ˈfɔːtʃənətli/,adv,adv. 幸运地,True,801-900,images/801-900/fortunately.webp,images/801-900/fortunately.jpg,https://word.chuanxi.fun/images/801-900/884-fortunately.webp,https://word.chuanxi.fun/images/801-900/884-fortunately.jpg,512,512,20.0,41.1
885,accept,/əkˈsept/,v,v. 接受,True,801-900,images/801-900/accept.webp,images/801-900/accept.jpg,https://word.chuanxi.fun/images/801-900/885-accept.webp,https://word.chuanxi.fun/images/801-900/885-accept.jpg,512,512,23.2,48.2
886,voice,/vɔɪs/,n,n. 声音,True,801-900,images/801-900/voice.webp,images/801-900/voice.jpg,https://word.chuanxi.fun/images/801-900/886-voice.webp,https://word.chuanxi.fun/images/801-900/886-voice.jpg,512,512,12.6,35.7
887,convenience,/kənˈviːniəns/,n,n. 便利,True,801-900,images/801-900/convenience.webp,images/801-900/convenience.jpg,https://word.chuanxi.fun/images/801-900/887-convenience.webp,https://word.chuanxi.fun/images/801-900/887-convenience.jpg,512,512,20.7,43.4
888,operate,/ˈɒpəreɪt/,v,v. 操作,True,801-900,images/801-900/operate.webp,images/801-900/operate.jpg,https://word.chuanxi.fun/images/801-900/888-operate.webp,https://word.chuanxi.fun/images/801-900/888-operate.jpg,512,512,17.5,39.3
889,represent,/ˌreprɪˈzent/,v,v. 代表,True,801-900,images/801-900/represent.webp,images/801-900/represent.jpg,https://word.chuanxi.fun/images/801-900/889-represent.webp,https://word.chuanxi.fun/images/801-900/889-represent.jpg,512,512,29.6,57.8
890,enormous,/ɪˈnɔːməs/,adj,adj. 巨大的,True,801-900,images/801-900/enormous.webp,images/801-900/enormous.jpg,https://word.chuanxi.fun/images/801-900/890-enormous.webp,https://word.chuanxi.fun/images/801-900/890-enormous.jpg,512,512,21.8,47.1
891,comfortable,/ˈkʌmftəbl/,adj,adj. 舒适的,True,801-900,images/801-900/comfortable.webp,images/801-900/comfortable.jpg,https://word.chuanxi.fun/images/801-900/891-comfortable.webp,https://word.chuanxi.fun/images/801-900/891-comfortable.jpg,512,512,22.4,47.3
892,commitment,/kəˈmɪtmənt/,n,n. 承诺,True,801-900,images/801-900/commitment.webp,images/801-900/commitment.jpg,https://word.chuanxi.fun/images/801-900/892-commitment.webp,https://word.chuanxi.fun/images/801-900/892-commitment.jpg,512,512,23.2,48.4
893,ancient,/ˈeɪnʃənt/,adj,adj. 古代的,True,801-900,images/801-900/ancient.webp,images/801-900/ancient.jpg,https://word.chuanxi.fun/images/801-900/893-ancient.webp,https://word.chuanxi.fun/images/801-900/893-ancient.jpg,512,512,44.3,72.5
894,specific,/spəˈsɪfɪk/,adj,adj. 具体的,True,801-900,images/801-900/specific.webp,images/801-900/specific.jpg,https://word.chuanxi.fun/images/801-900/894-specific.webp,https://word.chuanxi.fun/images/801-900/894-specific.jpg,512,512,10.1,29.1
895,effect,/ɪˈfekt/,n,n. 效果,True,801-900,images/801-900/effect.webp,images/801-900/effect.jpg,https://word.chuanxi.fun/images/801-900/895-effect.webp,https://word.chuanxi.fun/images/801-900/895-effect.jpg,512,512,11.5,32.5
896,blood,/blʌd/,n,n. 血,True,801-900,images/801-900/blood.webp,images/801-900/blood.jpg,https://word.chuanxi.fun/images/801-900/896-blood.webp,https://word.chuanxi.fun/images/801-900/896-blood.jpg,512,512,8.2,26.7
897,extremely,/ɪkˈstriːmli/,adv,adv. 极其,True,801-900,images/801-900/extremely.webp,images/801-900/extremely.jpg,https://word.chuanxi.fun/images/801-900/897-extremely.webp,https://word.chuanxi.fun/images/801-900/897-extremely.jpg,512,512,5.0,21.1
898,elephant,/ˈelɪfənt/,n,n. 大象,True,801-900,images/801-900/elephant.webp,images/801-900/elephant.jpg,https://word.chuanxi.fun/images/801-900/898-elephant.webp,https://word.chuanxi.fun/images/801-900/898-elephant.jpg,512,512,16.4,39.9
899,empty,/ˈempti/,adj,adj. 空的,True,801-900,images/801-900/empty.webp,images/801-900/empty.jpg,https://word.chuanxi.fun/images/801-900/899-empty.webp,https://word.chuanxi.fun/images/801-900/899-empty.jpg,512,512,12.2,26.0
900,bite,/baɪt/,v,v. 咬,True,801-900,images/801-900/bite.webp,images/801-900/bite.jpg,https://word.chuanxi.fun/images/801-900/900-bite.webp,https://word.chuanxi.fun/images/801-900/900-bite.jpg,512,512,15.4,34.7
